platform,benchmark_code,resource_id,title,description,grade,keywords,resource_url
CPALMS_MFAS,MA.K.NSO.1.1,36505,,Students count to tell how many dots are on the cards. Information Related Standards 1,K,"how many, one larger, arrangement, count, one-to-one correspondence, counting",https://www.cpalms.org/PreviewResource/Preview/36505
CPALMS_MFAS,MA.K.NSO.1.1,36506,,Students write the number of objects counted in sets of objects. Information Related Standards 1,K,"writing numerals, writing numbers, counting and writing numbers, counting, counting groups of objects, counting 0-20",https://www.cpalms.org/PreviewResource/Preview/36506
CPALMS_MFAS,MA.K.NSO.1.1,36507,,Students write the numbers they hear in a story. Information Related Standards 1,K,"MFAS, Write Numbers, Represent, write numerals",https://www.cpalms.org/PreviewResource/Preview/36507
CPALMS_MFAS,MA.K.NSO.1.1,36561,,Students are shown dot cards and asked to determine how many dots are on each card. Information Related Standards 1,K,"MFAS, Dots, how many, count, array, circle, line, scattered arrangement, count objects",https://www.cpalms.org/PreviewResource/Preview/36561
CPALMS_MFAS,MA.K.NSO.1.1,36562,,"Students are asked to count cubes arranged in lines, arrays, and circles. Information Related Standards 1",K,"MFAS, cubes, tiles, count, how many, line, array, scattered arrangement",https://www.cpalms.org/PreviewResource/Preview/36562
CPALMS_MFAS,MA.K.NSO.1.1,36563,,"Students are asked to count a set of cubes, rearrange the cubes, and then determine the number of cubes in the rearranged set. Information Related Standards 1",K,"MFAS, Conservation, cardinality, quantity, count, cubes, successive number",https://www.cpalms.org/PreviewResource/Preview/36563
CPALMS_MFAS,MA.K.NSO.1.1,36564,,Students are asked to count eight books and decide how many bookmarks they would need if they gave each book a bookmark. Information Related Standards 1,K,"MFAS, One to one correspondence, counting, cardinality",https://www.cpalms.org/PreviewResource/Preview/36564
CPALMS_MFAS,MA.K.NSO.1.1,36565,,Students are asked to match four ten frames representing different numbers to the correct numerals. Information Related Standards 1,K,"MFAS, numerals, represent, ten frames, count, write numerals",https://www.cpalms.org/PreviewResource/Preview/36565
CPALMS_MFAS,MA.K.NSO.1.1,36566,,"Students are read the book, You Can Do It, Sam , by Amy Hest and are asked to count the number of cakes and houses in the illustrations. Information Related Standards 1",K,"MFAS, writing numbers, counting, represent, count",https://www.cpalms.org/PreviewResource/Preview/36566
CPALMS_MFAS,MA.K.NSO.1.1,36572,,Students identify the set that contains one more than a given number. Information Related Standards 1,K,"more, count, MFAS, one more, counting, counting 1-20",https://www.cpalms.org/PreviewResource/Preview/36572
CPALMS_MFAS,MA.K.NSO.1.1,36636,,Students use counters and ten frames to model and write given numbers. Information Related Standards 1,K,"MFAS, Number, write the number, show the number, number representation",https://www.cpalms.org/PreviewResource/Preview/36636
CPALMS_MFAS,MA.K.NSO.1.1,36638,,"Students are asked to count a set of seven cubes, rearrange the cubes, and then determine the number of cubes in the rearranged set. Information Related Standards 1",K,"MFAS, Conservation, cardinality, quantity, count, cubes, successive number",https://www.cpalms.org/PreviewResource/Preview/36638
CPALMS_MFAS,MA.K.NSO.1.1,36703,,Students count the objects in a set and write the number of objects they counted. Information Related Standards 1,K,"MFAS, Count, write, number, 0-20",https://www.cpalms.org/PreviewResource/Preview/36703
CPALMS_MFAS,MA.K.NSO.1.1,39852,,"Students are asked to count sets of cubes and determine how many cubes are in each set. Next, students are given a set of cubes and asked to count out a given number of cubes. Information Related Standards 1",K,"MFAS, count, how many, counting groups of objects",https://www.cpalms.org/PreviewResource/Preview/39852
CPALMS_MFAS,MA.K.NSO.1.2,36552,,Students are asked to show 12 cubes. Information Related Standards 1,K,"MFAS, Count, how many",https://www.cpalms.org/PreviewResource/Preview/36552
CPALMS_MFAS,MA.K.NSO.1.4,36532,,Students compare numerals to determine which number is the greatest. Information Related Standards 1,K,"Compare, greater than, less than, equal, largest",https://www.cpalms.org/PreviewResource/Preview/36532
CPALMS_MFAS,MA.K.NSO.1.4,36550,,Students are asked to compare two numbers between 1 and 10 using playing cards. Information Related Standards 1,K,"Compare, equal, greater, less, 1 - 10",https://www.cpalms.org/PreviewResource/Preview/36550
CPALMS_MFAS,MA.K.NSO.1.4,36551,,"Students compare groups of objects to determine whether the number of objects in one group is greater than, less than, or equal to the number of objects in another group. Information Related Standards 1",K,"MFAS, Compare, greater than, less than, equal, equal to, greater, less",https://www.cpalms.org/PreviewResource/Preview/36551
CPALMS_MFAS,MA.K.NSO.1.4,36557,,Students are asked to compare pairs of numbers between 1 and 10. Information Related Standards 1,K,"MFAS, Compare, numbers, numerals, greater than, less than, equal to",https://www.cpalms.org/PreviewResource/Preview/36557
CPALMS_MFAS,MA.K.NSO.1.4,36558,,"Students are asked to compare two numbers between 1 and 10 during a game of ""Which is Greater?"". Information Related Standards 1",K,"MFAS, Compare, numbers, numerals, greater than, less than, equal to",https://www.cpalms.org/PreviewResource/Preview/36558
CPALMS_MFAS,MA.K.NSO.1.4,36559,,Students work in pairs to compare 10 frame cards that contain both a numeral and a corresponding number of dots. Information Related Standards 1,K,"MFAS, greater, less, equal, greater than, equal to, less than, comparing numbers 0-10, ten frames",https://www.cpalms.org/PreviewResource/Preview/36559
CPALMS_MFAS,MA.K.NSO.1.4,36560,,"Students take handfuls of counters, count them, and use the terms greater than , less than , or equal to to compare the sets. Information Related Standards 1",K,"MFAS, greater than, less than, equal, kindergarten, counters, comparing numbers, 0-20, counting 0-20",https://www.cpalms.org/PreviewResource/Preview/36560
CPALMS_MFAS,MA.K.NSO.1.4,36571,,"Students work with a partner to determine whose card, if any, has more dots. Information Related Standards 1",K,"MFAS, less, compare, equal, less than, greater than, greater, equal to",https://www.cpalms.org/PreviewResource/Preview/36571
CPALMS_MFAS,MA.K.NSO.1.4,36670,,Students are shown two cards with pictures of animals and asked to compare the number of animals on the two cards. Information Related Standards 1,K,"MFAS, compare, count, fewest, more, equal",https://www.cpalms.org/PreviewResource/Preview/36670
CPALMS_MFAS,MA.K.NSO.2.1,36491,,Students begin counting at a number other than one. Information Related Standards 1,K,"Count on, count",https://www.cpalms.org/PreviewResource/Preview/36491
CPALMS_MFAS,MA.K.NSO.2.1,36508,,Students use ten frames to Count On from a number other than one. Information Related Standards 1,K,"counting on, counting by ones, counting to 20, ten fram, ten frames",https://www.cpalms.org/PreviewResource/Preview/36508
CPALMS_MFAS,MA.K.NSO.2.1,36509,,Students count by ones to 45. Information Related Standards 1,K,"MFAS, Tens, count to 100, 100, count, count to 45",https://www.cpalms.org/PreviewResource/Preview/36509
CPALMS_MFAS,MA.K.NSO.2.1,36510,,Students count to 100 by tens. Information Related Standards 1,K,"Count, 100, count to 100, tens, count by 10's",https://www.cpalms.org/PreviewResource/Preview/36510
CPALMS_MFAS,MA.K.NSO.2.1,36567,,Students begin counting at a number other than one. Information Related Standards 1,K,"Count on, count, forward, cubes, count from",https://www.cpalms.org/PreviewResource/Preview/36567
CPALMS_MFAS,MA.K.NSO.2.1,36568,,Students are asked to consider what number comes next in the known sequence. Information Related Standards 1,K,"count, given number, next, consecutive",https://www.cpalms.org/PreviewResource/Preview/36568
CPALMS_MFAS,MA.K.NSO.2.1,36569,,Students are asked to count by tens and then use pictures of bundles of tens to demonstrate  when counting by tens. Information Related Standards 1,K,"verbal counting, counting by tens, bundles, groups, ten, counting by tens to 100",https://www.cpalms.org/PreviewResource/Preview/36569
CPALMS_MFAS,MA.K.NSO.2.1,36570,,Students are told what day of school it is and then asked to determine what day it will be 10 days later and what day comes after day 59. Information Related Standards 1,K,"Count by 10's, count on, one more, count, tens, ones, count by ones",https://www.cpalms.org/PreviewResource/Preview/36570
CPALMS_MFAS,MA.K.NSO.2.1,36673,,"Students are asked to determine the total number of counters in three bags. One of the three bags is labeled with the number of items it contains, and the total number of counters is less than 20. Information Related Standards 1",K,"MFAS, counting on, counting, counting 1-20, counting from a number other than one",https://www.cpalms.org/PreviewResource/Preview/36673
CPALMS_MFAS,MA.K.NSO.2.2,36535,,Students use cubes to make a set of 10 ones and other ones to represent the number 17 and then write an equation or draw a picture that reflects this decomposition. Information Related Standards 1,K,"MFAS, Compose, decompose, tens, ones",https://www.cpalms.org/PreviewResource/Preview/36535
CPALMS_MFAS,MA.K.NSO.2.2,36538,,Students use a ten frame to decompose 12 into tens and ones. Information Related Standards 1,K,"MFAS, Tens, ones, making 12",https://www.cpalms.org/PreviewResource/Preview/36538
CPALMS_MFAS,MA.K.NSO.2.2,36700,,Students are asked to break 15 into a group of 10 and some further ones. Information Related Standards 1,K,"MFAS, decompose, compose, fifteen, drawing, equation, tens, ones",https://www.cpalms.org/PreviewResource/Preview/36700
CPALMS_MFAS,MA.K.NSO.2.2,36701,,Students are asked to compose 13 by using a group of 10 and some other ones. Information Related Standards 1,K,"MFAS, decompose, compose, thirteen, drawing, equation, tens, ones",https://www.cpalms.org/PreviewResource/Preview/36701
CPALMS_MFAS,MA.K.NSO.3.2,36530,,Students are asked to orally provide answers to addition (within five) problems. Information Related Standards 1,K,"MFAS, add, add within 5",https://www.cpalms.org/PreviewResource/Preview/36530
CPALMS_MFAS,MA.K.NSO.3.2,36531,,Students are asked to orally provide answers to subtraction (within five) problems. Information Related Standards 1,K,"MFAS, Addition, putting together, subtraction, taking apart",https://www.cpalms.org/PreviewResource/Preview/36531
CPALMS_MFAS,MA.K.NSO.3.2,36714,,Students are asked to orally provide answers to a mixed probe of addition and subtraction (within five) problems that focus on adding one and subtracting one. Information Related Standards 1,K,"MFAS, fluency, expressions, addition, subtraction, fluent, efficiency, accuracy, flexibility",https://www.cpalms.org/PreviewResource/Preview/36714
CPALMS_MFAS,MA.K.NSO.3.2,39522,,Students are asked to orally provide answers to a mixed probe of addition and subtraction (within five) problems. Information Related Standards 1,K,"MFAS, fluency, expressions, addition, subtraction, fluent, efficiency, accuracy, flexibility",https://www.cpalms.org/PreviewResource/Preview/39522
CPALMS_MFAS,MA.K.AR.1.1,36544,,"Students count how many rectangles are in a row, draw more rectangles to make 10 rectangles in each row, and write the numeral corresponding to the number of additional rectangles drawn. Information Related Standards 1",K,"MFAS, Make ten",https://www.cpalms.org/PreviewResource/Preview/36544
CPALMS_MFAS,MA.K.AR.1.1,36545,,Students are asked to solve a problem in which they have to compose 10. Information Related Standards 1,K,"compose, making ten, equation",https://www.cpalms.org/PreviewResource/Preview/36545
CPALMS_MFAS,MA.K.AR.1.1,36678,,Students use ten frame cards to play a memory game in which they find pairs that make 10. Information Related Standards 1,K,"MFAS, making 10, counting, addition, number",https://www.cpalms.org/PreviewResource/Preview/36678
CPALMS_MFAS,MA.K.AR.1.1,36679,,Students use ten frames to find the missing number to make ten. Information Related Standards 1,K,"MFAS, ten frames, making ten, drawings, how many more, dots",https://www.cpalms.org/PreviewResource/Preview/36679
CPALMS_MFAS,MA.K.AR.1.2,36712,,Students use manipulatives to decompose six in more than one way. Information Related Standards 1,K,"MFAS, decompose, manipulatives, equation, drawing, cubes, color tiles",https://www.cpalms.org/PreviewResource/Preview/36712
CPALMS_MFAS,MA.K.AR.1.2,118443,,Students are asked to find all possible pairs of numbers that sum to six in the context of a word problem. Information Related Standards 1,K,"Both addends unknown, put together, take apart, addition, combinations",https://www.cpalms.org/PreviewResource/Preview/118443
CPALMS_MFAS,MA.K.AR.1.2,118445,,Students are asked to find all possible pairs of numbers that sum to nine in the context of a word problem. Information Related Standards 1,K,"MFAS, both addends unknown, put together, take apart, addition",https://www.cpalms.org/PreviewResource/Preview/118445
CPALMS_MFAS,MA.K.AR.1.3,36484,,Students solve an addition and a subtraction word problem using manipulatives or pencil and paper. Information Related Standards 1,K,"MFAS, addition, subtraction, result unknown, objects, drawings, manipulatives, word problems",https://www.cpalms.org/PreviewResource/Preview/36484
CPALMS_MFAS,MA.K.AR.1.3,36488,,Students are challenged to find all the different ways to sort six toys into two different groups. Information Related Standards 1,K,"both addends unknown, put together take apart, addition, combinations, addition",https://www.cpalms.org/PreviewResource/Preview/36488
CPALMS_MFAS,MA.K.AR.1.3,36492,,"Students model an addition and a subtraction problem with manipulatives, drawings, fingers, or by acting out the story in the problem. Information Related Standards 1",K,"addition, subtraction, modeling, situations, manipulatives",https://www.cpalms.org/PreviewResource/Preview/36492
CPALMS_MFAS,MA.K.AR.1.3,36493,,Students are asked to pick an equation that matches addition and subtraction word problems. Information Related Standards 1,K,"equation, addition, subtraction, story problem",https://www.cpalms.org/PreviewResource/Preview/36493
CPALMS_MFAS,MA.K.AR.1.3,36546,,Students are asked to solve an addition word problem by drawing a picture or using manipulatives. Information Related Standards 1,K,"MFAS, addition, subtraction, word problem",https://www.cpalms.org/PreviewResource/Preview/36546
CPALMS_MFAS,MA.K.AR.1.3,36547,,Students are given a subtraction word problem and asked to solve the problem by drawing a picture or using manipulatives. Information Related Standards 1,K,"MFAS, Addition, subtraction, add, subtract",https://www.cpalms.org/PreviewResource/Preview/36547
CPALMS_MFAS,MA.K.AR.1.3,36548,,Students model the action in a subtraction problem. Information Related Standards 1,K,"subtract, subtraction, word problem",https://www.cpalms.org/PreviewResource/Preview/36548
CPALMS_MFAS,MA.K.AR.1.3,36549,,"Students model an addition problem using manipulatives, their fingers, drawings, or by acting out. Information Related Standards 1",K,"MFAS, Add, subtract, addition, subtraction",https://www.cpalms.org/PreviewResource/Preview/36549
CPALMS_MFAS,MA.K.AR.1.3,43821,,Students solve an Add To (Result Unknown) word problem. Information Related Standards 1,K,"MFAS, how many, add to, result unknown, word problem",https://www.cpalms.org/PreviewResource/Preview/43821
CPALMS_MFAS,MA.K.M.1.1,36533,,Students describe a paper clip in terms of weight and length. Information Related Standards 1,K,"MFAS, Length, weight, measurable attributes",https://www.cpalms.org/PreviewResource/Preview/36533
CPALMS_MFAS,MA.K.M.1.1,36534,,Students describe an elephant in terms of weight and length. Information Related Standards 1,K,"MFAS, Measurable attributes, length, weight",https://www.cpalms.org/PreviewResource/Preview/36534
CPALMS_MFAS,MA.K.M.1.1,36668,,Students describe the measurable attributes of an unsharpened pencil and a sharpened pencil. Information Related Standards 1,K,"MFAS, longer, shorter, longest, shortest, length, attributes",https://www.cpalms.org/PreviewResource/Preview/36668
CPALMS_MFAS,MA.K.M.1.1,36695,,"Students are asked to name at least three measurable attributes of a car and what could be measured for each object, length or weight. Information Related Standards 1",K,"MFAS, heavy, light, long, short, attributes, weight, measureable, measure",https://www.cpalms.org/PreviewResource/Preview/36695
CPALMS_MFAS,MA.K.M.1.2,36573,,Students compare the lengths of two trains of cubes and are assessed in order to determine if they understand conservation of length. Information Related Standards 1,K,"MFAS, Conserve length, shorter, longer, compare lengths",https://www.cpalms.org/PreviewResource/Preview/36573
CPALMS_MFAS,MA.K.M.1.2,36574,,"Students compare the weights of two sandwich bags, one containing cotton balls and one containing rice. Information Related Standards 1",K,"MFAS, Compare, weight, heavier, lighter",https://www.cpalms.org/PreviewResource/Preview/36574
CPALMS_MFAS,MA.K.M.1.2,36618,,Students compare their heights to that of a partner and describe the difference in their heights. Information Related Standards 1,K,"MFAS, taller, shorter, comparing length",https://www.cpalms.org/PreviewResource/Preview/36618
CPALMS_MFAS,MA.K.M.1.2,36696,,Students are asked to compare the lengths of two pieces of string. Information Related Standards 1,K,"MFAS, length, longer, shorter, measurement, comparing, attributes",https://www.cpalms.org/PreviewResource/Preview/36696
CPALMS_MFAS,MA.K.M.1.2,36697,,Students are asked to compare the lengths of their arms to items around the classroom. Information Related Standards 1,K,"MFAS, length, longer, shorter, measurement, comparing, attributes",https://www.cpalms.org/PreviewResource/Preview/36697
CPALMS_MFAS,MA.K.M.1.3,36640,,Students use color tiles to measure the length of rectangles. Information Related Standards 1,K,"MFAS, Measure, length, unit",https://www.cpalms.org/PreviewResource/Preview/36640
CPALMS_MFAS,MA.K.M.1.3,36641,,Students measure the length of an unsharpened pencil with paper clips. Information Related Standards 1,K,"MFAS, Measure, length, units",https://www.cpalms.org/PreviewResource/Preview/36641
CPALMS_MFAS,MA.K.M.1.3,36647,,Students are asked to use cubes to determine the length of different sized edges of a book. Information Related Standards 1,K,"MFAS, Width, height, measure, measuring with nonstandard units",https://www.cpalms.org/PreviewResource/Preview/36647
CPALMS_MFAS,MA.K.M.1.3,36648,,"Students determine their heights determined by cutting a length of string to show this measurement. Then using snap cubes they measure the length of the string. Note: The measurement of the string will extend past 20 units, use this task with students who demonstrate a readiness to go beyond the measurement of 20 units. Information Related Standards 1",K,"MFAS, Height, measure, arm span",https://www.cpalms.org/PreviewResource/Preview/36648
CPALMS_MFAS,MA.K.M.1.3,36676,,Students use color tiles to measure the lengths of two figures shown on the accompanying worksheet. Information Related Standards 1,K,"MFAS, Measure, inch, tile, unit, iteration, length",https://www.cpalms.org/PreviewResource/Preview/36676
CPALMS_MFAS,MA.K.M.1.3,36708,,Students use paper clips to measure the length of two pictured items. Information Related Standards 1,K,"MFAS, Measure, inch, tile, unit, iteration, length",https://www.cpalms.org/PreviewResource/Preview/36708
CPALMS_MFAS,MA.K.GR.1.1,36575,,Students name two-dimensional and three-dimensional shapes given manipulatives or pictures on a worksheet. Information Related Standards 1,K,"MFAS, Name shapes, describe shapes, cone, cube, sphere, square, rectangle, triangle, circle",https://www.cpalms.org/PreviewResource/Preview/36575
CPALMS_MFAS,MA.K.GR.1.1,36576,,Students name two-dimensional shapes given pictures on a worksheet. Information Related Standards 1,K,"MFAS, Spatial orientation, identify shape, name shape",https://www.cpalms.org/PreviewResource/Preview/36576
CPALMS_MFAS,MA.K.GR.1.1,36578,,Students examine two photographs taken in a classroom and identify and name shapes whose locations are described with words. Information Related Standards 1,K,"MFAS, Describe shapes, identify shape, relative positions",https://www.cpalms.org/PreviewResource/Preview/36578
CPALMS_MFAS,MA.K.GR.1.1,36579,,"Students determine whether a shape is a circle, triangle, rectangle or square. Information Related Standards 1",K,"MFAS, square, circle, rectangle, triangle, identifying shapes",https://www.cpalms.org/PreviewResource/Preview/36579
CPALMS_MFAS,MA.K.GR.1.1,36586,,Students are asked to identify a triangle shown in two different orientations. Information Related Standards 1,K,"spatial reasoning, shapes, three dimensional, triangle, 2 dimensional, orientation",https://www.cpalms.org/PreviewResource/Preview/36586
CPALMS_MFAS,MA.K.GR.1.1,36587,,Students are asked to identify two spheres of different sizes. Information Related Standards 1,K,"MFAS, Sphere, spatial reasoning, shapes, three dimensional",https://www.cpalms.org/PreviewResource/Preview/36587
CPALMS_MFAS,MA.K.GR.1.1,36656,,Students are given a variety of shapes and asked to find specific ones. Information Related Standards 1,K,"MFAS, Square, triangle, rectangle, circle, cube, cone, sphere, cylinder, identifying shapes",https://www.cpalms.org/PreviewResource/Preview/36656
CPALMS_MFAS,MA.K.GR.1.1,36657,,Students compare a cube to a square face of the cube. Information Related Standards 1,K,"MFAS, 2-D, 3-D, cube, square",https://www.cpalms.org/PreviewResource/Preview/36657
CPALMS_MFAS,MA.K.GR.1.2,36590,,Students compare and contrast two shapes based on their attributes. Information Related Standards 1,K,"MFAS, 2-Dimensional, sides, triangle, rectangle, square, hexagon, corner, vertex, equal",https://www.cpalms.org/PreviewResource/Preview/36590
CPALMS_MFAS,MA.K.GR.1.2,36658,,Students compare a triangle to a rectangle based on attributes of these figures. Information Related Standards 1,K,"MFAS, Compare shapes, rectangle, triangle",https://www.cpalms.org/PreviewResource/Preview/36658
CPALMS_MFAS,MA.K.GR.1.3,36585,,Students describe the position of a sphere in relationship to other objects. Information Related Standards 1,K,"MFAS, Spatial reasoning, cylinder, sphere, cube",https://www.cpalms.org/PreviewResource/Preview/36585
CPALMS_MFAS,MA.K.GR.1.4,36577,,Students examine two photographs taken in a classroom and identify and name shapes they see. Information Related Standards 1,K,"MFAS, Describe shapes, name shapes, identify shapes",https://www.cpalms.org/PreviewResource/Preview/36577
CPALMS_MFAS,MA.K.GR.1.4,36583,,Students look at two photographs taken at a school and choose a shape from one of the photographs to model or draw. Information Related Standards 1,K,"MFAS, Model shapes, build shapes",https://www.cpalms.org/PreviewResource/Preview/36583
CPALMS_MFAS,MA.K.GR.1.4,36593,,Students draw the outline of the door. Information Related Standards 1,K,"MFAS, Rectangle, door, model, outline, square",https://www.cpalms.org/PreviewResource/Preview/36593
CPALMS_MFAS,MA.K.GR.1.5,36581,,Students join two right triangles together to compose a rectangle. Information Related Standards 1,K,"MFAS, Compose shape",https://www.cpalms.org/PreviewResource/Preview/36581
CPALMS_MFAS,MA.K.GR.1.5,36595,,Students are asked to make a rectangle using only squares. Information Related Standards 1,K,"MFAS, Circle, square, corners, vertices",https://www.cpalms.org/PreviewResource/Preview/36595
CPALMS_MFAS,MA.K.GR.1.5,36645,,Students join small squares together to compose a larger square and then justify the new shape. Information Related Standards 1,K,"MFAS, Compose, square, shape",https://www.cpalms.org/PreviewResource/Preview/36645
CPALMS_MFAS,MA.K.DP.1.1,36620,,"Students sort illustrations of buttons, explain the how and why, and count the number in each group. Information Related Standards 1",K,"MFAS, sort, alike, different",https://www.cpalms.org/PreviewResource/Preview/36620
CPALMS_MFAS,MA.K.DP.1.1,36672,,Students sort objects by type and then identify which group of objects has the most and the least. Information Related Standards 1,K,"MFAS, Sort, classify, how many, count",https://www.cpalms.org/PreviewResource/Preview/36672
CPALMS_MFAS,MA.K.DP.1.1,36680,,"Students sort shapes into categories, record their categories and frequencies, and identify the categories with the most and least. Information Related Standards 1",K,"MFAS, sort, circle, square, triangle",https://www.cpalms.org/PreviewResource/Preview/36680
CPALMS_MFAS,MA.K.DP.1.1,36698,,Students are asked to sort color tiles into groups of the same color. Information Related Standards 1,K,"MFAS, sort, classify, color, count, most, least, same, equal, greater, lesser",https://www.cpalms.org/PreviewResource/Preview/36698
CPALMS_MFAS,MA.K.DP.1.1,36699,,Students are asked to sort the animals on the Sorting Animals worksheet and then count the number in each group. Information Related Standards 1,K,"MFAS, sort, classify, color, count, most, least, same, equal, greater, lesser",https://www.cpalms.org/PreviewResource/Preview/36699
CPALMS_MFAS,MA.K.DP.1.1,39683,,Students sort tiles by color and then count to determine the group with the most and the least number of tiles. Information Related Standards 1,K,"MFAS, Classify, count, sort",https://www.cpalms.org/PreviewResource/Preview/39683
CPALMS_MFAS,MA.1.NSO.1.1,36496,,"Students read three-digit numbers aloud, write three-digit numbers they hear the teacher say, count 116 fish on a page, and write the number of fish corresponding to their count. Information Related Standards 1",1,"Write number, read number, count, MFAS",https://www.cpalms.org/PreviewResource/Preview/36496
CPALMS_MFAS,MA.1.NSO.1.1,36497,,"Students count 57 apples grouped in tens, and write the numeral that represents how many apples they counted. Students also read and write three-digit numbers. Information Related Standards 1",1,"Read numbers, write numbers, count, MFAS",https://www.cpalms.org/PreviewResource/Preview/36497
CPALMS_MFAS,MA.1.NSO.1.1,36498,,Students use a counting strategy to find the difference between two numbers. Information Related Standards 1,1,"Subtracting, counting, count on, MFAS",https://www.cpalms.org/PreviewResource/Preview/36498
CPALMS_MFAS,MA.1.NSO.1.1,36499,,Students are guided to use counting to find the sum of two numbers. Information Related Standards 1,1,"Count, sum, MFAS",https://www.cpalms.org/PreviewResource/Preview/36499
CPALMS_MFAS,MA.1.NSO.1.1,36512,,Students are asked to write equations that correspond to counting strategies used in word problems. Information Related Standards 1,1,"addition, subtraction, equation, counting on, counting back, story problem, MFAS",https://www.cpalms.org/PreviewResource/Preview/36512
CPALMS_MFAS,MA.1.NSO.1.1,36541,,Students are encouraged to use Counting On to solve Add To (Result Unknown) word problems. Information Related Standards 1,1,"MFAS, addition, subtraction, equation, counting on, counting back, story problem",https://www.cpalms.org/PreviewResource/Preview/36541
CPALMS_MFAS,MA.1.NSO.1.1,36632,,Students are asked to read a numeral and then start counting from that number up to 120. Information Related Standards 1,1,"MFAS, count, read numeral, verbal counting",https://www.cpalms.org/PreviewResource/Preview/36632
CPALMS_MFAS,MA.1.NSO.1.1,39664,,"Students are asked to count backward by ones, first from 10, and then from larger numbers within 1000. Information Related Standards 1",2,"MFAS, counting, counting back",https://www.cpalms.org/PreviewResource/Preview/39664
CPALMS_MFAS,MA.1.NSO.1.2,36633,,Students are asked to read and write numerals within 120. Information Related Standards 1,1,"MFAS, numerals, numbers, cubes, represent, write, tens, ones",https://www.cpalms.org/PreviewResource/Preview/36633
CPALMS_MFAS,MA.1.NSO.1.2,122994,,Students are shown the numbers 0 - 20 nonsequentially and asked to read each number aloud. Information Related Standards 1,,"MFAS, reading, numerals, standard form",https://www.cpalms.org/PreviewResource/Preview/122994
CPALMS_MFAS,MA.1.NSO.1.3,36495,,"Students circle objects in bundles of 10, determine how many groups of 10 objects there are, and report the total number of objects. Information Related Standards 1",1,"Tens, ones, bundle, bundle of tens, compose, place value, MFAS",https://www.cpalms.org/PreviewResource/Preview/36495
CPALMS_MFAS,MA.1.NSO.1.3,36624,,Students are asked to determine how many tens and ones there are in three different two-digit numbers. Information Related Standards 1,1,"MFAS, Tens, ones, bundle",https://www.cpalms.org/PreviewResource/Preview/36624
CPALMS_MFAS,MA.1.NSO.1.3,36650,,Students are asked to identify numbers that have been modeled by base ten blocks and model numbers using base ten blocks. Information Related Standards 1,1,"MFAS, Place Value, tens, ones",https://www.cpalms.org/PreviewResource/Preview/36650
CPALMS_MFAS,MA.1.NSO.1.3,36666,,Students examine two different two-digit numbers and describe the number of tens and ones in each number. Information Related Standards 1,1,"MFAS, tens, ones, two digits, number, bundle of tens, compose, decompose",https://www.cpalms.org/PreviewResource/Preview/36666
CPALMS_MFAS,MA.1.NSO.1.3,36667,,Students are asked to use base ten blocks to model numbers and are then asked to identify a number that has been modeled for them. Information Related Standards 1,1,"MFAS, base ten, tens, ones, number, numerals, bundle",https://www.cpalms.org/PreviewResource/Preview/36667
CPALMS_MFAS,MA.1.NSO.1.3,118446,,Students are asked to decompose two-digit numbers in three different ways. Information Related Standards 1,1,"MFAS, decompose, tens, ones",https://www.cpalms.org/PreviewResource/Preview/118446
CPALMS_MFAS,MA.1.NSO.1.4,36629,,Students compare two two-digit numbers that have the same ones-digit. Information Related Standards 1,1,"MFAS, Compare, greater than, less than, equal",https://www.cpalms.org/PreviewResource/Preview/36629
CPALMS_MFAS,MA.1.NSO.1.4,36630,,"Students count two sets of base ten blocks, write the number for each set, and then use symbols (inequality or equality) to compare the two numbers. Information Related Standards 1",1,"MFAS, Compare, greater than, less than, equal",https://www.cpalms.org/PreviewResource/Preview/36630
CPALMS_MFAS,MA.1.NSO.1.4,36634,,"Students are asked to compare numbers by examining the digits in the tens and ones places and then use the greater than , less than , or equal to symbols to write an inequality statement. Information Related Standards 1",1,"MFAS, greater than, less than, equal to, inequality, compare numbers",https://www.cpalms.org/PreviewResource/Preview/36634
CPALMS_MFAS,MA.1.NSO.1.4,36649,,Students find numbers given specific criteria and use inequality symbols to compare numbers. Information Related Standards 1,1,"MFAS, greater than, less than, equal to",https://www.cpalms.org/PreviewResource/Preview/36649
CPALMS_MFAS,MA.1.NSO.1.4,36684,,Students use base ten blocks to compare two sets of numbers. Information Related Standards 1,1,"MFAS, base ten blocks, tens and ones, comparing numbers, greater than, less than, equal",https://www.cpalms.org/PreviewResource/Preview/36684
CPALMS_MFAS,MA.1.NSO.1.4,42541,,Students are asked to find a number that was represented by a length on an incomplete number line. Information Related Standards 1,,"MFAS, number line, number, length",https://www.cpalms.org/PreviewResource/Preview/42541
CPALMS_MFAS,MA.1.NSO.1.4,42546,,Students are asked to scale a number line and use it to draw a segment of length nine. Information Related Standards 1,,"MFAS, number line, length, line segment",https://www.cpalms.org/PreviewResource/Preview/42546
CPALMS_MFAS,MA.1.NSO.2.2,36524,,Students solve an addition and a subtraction problem in more than one way. Information Related Standards 1,1,"MFAS, addition, subtraction, strategies, making ten, decomposing, composing, using known sums",https://www.cpalms.org/PreviewResource/Preview/36524
CPALMS_MFAS,MA.1.NSO.2.2,36525,,"Students solve two problems, each in more than one way, and are encouraged to use more sophisticated strategies. Information Related Standards 1",1,"MFAS, addition, subtraction, making ten, decomposing ten, strategies",https://www.cpalms.org/PreviewResource/Preview/36525
CPALMS_MFAS,MA.1.NSO.2.2,36539,,Students work with cubes or color tiles to understand and justify the Commutative Property of addition. Information Related Standards 1,1,"MFAS, Addition, commutative, tiles, cubes, generalize, strategies",https://www.cpalms.org/PreviewResource/Preview/36539
CPALMS_MFAS,MA.1.NSO.2.2,36702,,Students are encouraged to use more sophisticated strategies to solve a part-part-whole problem. Information Related Standards 1,1,"MFAS, Make ten, add, subtract",https://www.cpalms.org/PreviewResource/Preview/36702
CPALMS_MFAS,MA.1.NSO.2.2,36707,,"Students solve addition and subtraction problems by making tens, using a known fact, and by using a subtraction fact. Information Related Standards 1",1,"MFAS, Add, subtract, make ten, known facts",https://www.cpalms.org/PreviewResource/Preview/36707
CPALMS_MFAS,MA.1.NSO.2.3,36631,,Students solve a problem by mentally adding ten to a two-digit number. Information Related Standards 1,1,"MFAS, ten more, add ten",https://www.cpalms.org/PreviewResource/Preview/36631
CPALMS_MFAS,MA.1.NSO.2.3,36665,,Students mentally subtract ten from a two-digit number. Information Related Standards 1,1,"MFAS, Subtract, 10 less",https://www.cpalms.org/PreviewResource/Preview/36665
CPALMS_MFAS,MA.1.NSO.2.3,36671,,Students solve a word problem by subtracting a multiple of 10 from a multiple of 10. Information Related Standards 1,1,"MFAS, Use place value, subtract multiples of 10",https://www.cpalms.org/PreviewResource/Preview/36671
CPALMS_MFAS,MA.1.NSO.2.3,36689,,Students mentally add ten to a given number of shells. Information Related Standards 1,1,"MFAS, Mentally, ten more, compute, two digit, addition, story problem",https://www.cpalms.org/PreviewResource/Preview/36689
CPALMS_MFAS,MA.1.NSO.2.3,36690,,Students are asked to solve a word problem by mentally subtracting 10. Information Related Standards 1,1,"MFAS, Mentally, ten less, compute, two digit, addition, story problem",https://www.cpalms.org/PreviewResource/Preview/36690
CPALMS_MFAS,MA.1.NSO.2.3,36691,,Students subtract a multiple of 10 from a multiple of 10. Information Related Standards 1,1,"MFAS, Multiple, ten, subtract, addition, subtraction",https://www.cpalms.org/PreviewResource/Preview/36691
CPALMS_MFAS,MA.1.NSO.2.3,36692,,Students subtract 10 from 50 and explain their strategies. Information Related Standards 1,1,"MFAS, Multiples of ten, subtracting, addition, subtraction",https://www.cpalms.org/PreviewResource/Preview/36692
CPALMS_MFAS,MA.1.NSO.2.4,36663,,Students add a one-digit number to a two-digit number that requires composing a ten. Information Related Standards 1,1,"MFAS, Add within 100, ones, tens, adding, two-digit",https://www.cpalms.org/PreviewResource/Preview/36663
CPALMS_MFAS,MA.1.NSO.2.4,36686,,Students add a one-digit number to a two-digit number and are asked to relate the strategy used to a written method. Information Related Standards 1,1,"MFAS, Add, two digit number, strategies, place value, making a ten, adding tens and ones, inverse relationship among addition and subtraction",https://www.cpalms.org/PreviewResource/Preview/36686
CPALMS_MFAS,MA.1.FR.1.1,36600,,Students are asked to partition a rectangle into halves. Information Related Standards 1,1,"MFAS, Rectangle, partition, half, more, less",https://www.cpalms.org/PreviewResource/Preview/36600
CPALMS_MFAS,MA.1.FR.1.1,36601,,Students are asked to share a rectangular cake between two people and then among four people and decide which results in smaller pieces. Information Related Standards 1,1,"MFAS, Square, partition, half, fourth, more, less",https://www.cpalms.org/PreviewResource/Preview/36601
CPALMS_MFAS,MA.1.FR.1.1,36607,,Students partition a rectangle into two equal parts and then describe the parts. Information Related Standards 1,1,"MFAS, Partition, divide, halves",https://www.cpalms.org/PreviewResource/Preview/36607
CPALMS_MFAS,MA.1.FR.1.1,36643,,Students fold a picture of a circular pizza into four equal parts and then are asked to describe each part. Information Related Standards 1,1,"MFAS, Partition, fourths, halves, divide, equal parts",https://www.cpalms.org/PreviewResource/Preview/36643
CPALMS_MFAS,MA.1.AR.1.1,36500,,Students are given pairs of word problems that can be solved using the Commutative (and/or Associative) Property of addition. Information Related Standards 1,1,"associative property, commutative property, addition, property of addition, MFAS",https://www.cpalms.org/PreviewResource/Preview/36500
CPALMS_MFAS,MA.1.AR.1.1,36503,,Students are asked to solve word problems that have three addends. Information Related Standards 1,1,"addition, whole numbers, MFAS",https://www.cpalms.org/PreviewResource/Preview/36503
CPALMS_MFAS,MA.1.AR.1.1,36504,,Students are asked to solve word problems that call for addition of three addends. Information Related Standards 1,1,"Adding, Addition, Three whole numbers, MFAS",https://www.cpalms.org/PreviewResource/Preview/36504
CPALMS_MFAS,MA.1.AR.1.1,36554,,Students are asked to solve word problems that call for addition of three addends. Information Related Standards 1,1,"MFAS, addition, three whole numbers",https://www.cpalms.org/PreviewResource/Preview/36554
CPALMS_MFAS,MA.1.AR.1.1,36556,,Students are asked to solve word problems that call for addition of three addends. Information Related Standards 1,1,"MFAS, Adding, addition, three whole numbers",https://www.cpalms.org/PreviewResource/Preview/36556
CPALMS_MFAS,MA.1.AR.1.2,36486,,Students are asked to solve a Put Together/Take Apart (Both Addends Unknown) word problem using pencil and paper or other appropriate manipulatives. Information Related Standards 1,1,"Put Together/Take Apart, story problem, both addends unknown, addition, within 20, word problem, unknown, objects, drawings, equations",https://www.cpalms.org/PreviewResource/Preview/36486
CPALMS_MFAS,MA.1.AR.1.2,36487,,Students are asked to solve two Put Together/Take Apart (Addend Unknown) word problems using pencil and paper or other appropriate manipulatives. Information Related Standards 1,1,"Put Together/Take Apart, story problem, part unknown, addition, within 20, word problem, unknown, objects, drawings, equations, MFAS",https://www.cpalms.org/PreviewResource/Preview/36487
CPALMS_MFAS,MA.1.AR.1.2,36501,,Students are given pairs of word problems that can be solved using the Commutative Property of addition. Information Related Standards 1,1,"Commutative Property, make ten, properties, add, subtract, MFAS",https://www.cpalms.org/PreviewResource/Preview/36501
CPALMS_MFAS,MA.1.AR.1.2,36513,,Students are asked to solve two Compare (Bigger Unknown) problems presented using the terms more than and fewer than. Information Related Standards 1,1,"bigger unknown, story problem, addition, within 20, word problem, unknown, objects, drawings, equations, compare, MFAS",https://www.cpalms.org/PreviewResource/Preview/36513
CPALMS_MFAS,MA.1.AR.1.2,36536,,Students are asked to solve two Add To (Change Unknown) word problems using pencil and paper or other appropriate manipulatives. Information Related Standards 1,1,"MFAS, add to, story problem, join, change unknown, addition, within 20, word problem, unknown, objects, drawings, equations",https://www.cpalms.org/PreviewResource/Preview/36536
CPALMS_MFAS,MA.1.AR.1.2,36537,,Students are asked to solve a Compare (Difference Unknown) word problem using pencil and paper or other appropriate manipulatives. Information Related Standards 1,1,"MFAS, difference unknown, story problem, addition, within 20, word problem, unknown, objects, drawings, equations, compare",https://www.cpalms.org/PreviewResource/Preview/36537
CPALMS_MFAS,MA.1.AR.1.2,36540,,Students are asked to solve two Add To (Result Unknown) word problems using pencil and paper or other appropriate manipulatives. Information Related Standards 1,1,"MFAS, add to, story problem, join, result unknown, addition, within 20, word problem, unknown, objects, drawings, equations",https://www.cpalms.org/PreviewResource/Preview/36540
CPALMS_MFAS,MA.1.AR.1.2,36542,,Students are asked to solve two Add To (Start Unknown) word problems using pencil and paper or other appropriate manipulatives. Information Related Standards 1,1,"MFAS, add to, story problem, join, start unknown, addition, within 20, word problem, unknown, objects, drawings, equations",https://www.cpalms.org/PreviewResource/Preview/36542
CPALMS_MFAS,MA.1.AR.1.2,36543,,Students are asked to solve two Put Together/Take Apart (Total Unknown) word problems using pencil and paper or other appropriate manipulatives. Information Related Standards 1,1,"MFAS, Put Together/Take Apart, total, story problem, total unknown, addition, within 20, word problem, unknown, objects, drawings, equations",https://www.cpalms.org/PreviewResource/Preview/36543
CPALMS_MFAS,MA.1.AR.1.2,36617,,Students are asked to solve two Compare problems presented using the terms more than and fewer than . Information Related Standards 1,1,"fewer, more",https://www.cpalms.org/PreviewResource/Preview/36617
CPALMS_MFAS,MA.1.AR.1.2,36619,,Students are asked to solve two Compare problems presented using the terms more than and fewer than. Information Related Standards 1,1,"How many, fewer",https://www.cpalms.org/PreviewResource/Preview/36619
CPALMS_MFAS,MA.1.AR.1.2,36626,,Students are asked to solve two Take From (Change Unknown) word problems using pencil and paper or other appropriate manipulatives. Information Related Standards 1,1,"MFAS, Take from, story problem, change unknown, addition, within 20, word problem, unknown, objects, drawings, equations",https://www.cpalms.org/PreviewResource/Preview/36626
CPALMS_MFAS,MA.1.AR.1.2,36627,,Students are asked to solve two Take From (Result Unknown) word problems using pencil and paper or other appropriate manipulatives. Information Related Standards 1,1,"MFAS, Take from, story problem, result unknown, addition, within 20, word problem, unknown, objects, drawings, equations",https://www.cpalms.org/PreviewResource/Preview/36627
CPALMS_MFAS,MA.1.AR.1.2,36628,,Students are asked to solve two Take From (Start Unknown) word problems using pencil and paper or other appropriate manipulatives. Information Related Standards 1,1,"MFAS, Take from, story problem, start unknown, addition, within 20, word problem, unknown, objects, drawings, equations",https://www.cpalms.org/PreviewResource/Preview/36628
CPALMS_MFAS,MA.1.AR.1.2,36651,,Students solve a Take From (Start Unknown) word problem. Information Related Standards 1,1,"MFAS, How many, start unknown word problem",https://www.cpalms.org/PreviewResource/Preview/36651
CPALMS_MFAS,MA.1.AR.1.2,39453,,Students are asked to solve two Add To (Change Unknown) word problems using pencil and paper or other appropriate manipulatives. Information Related Standards 1,1,"MFAS, add to, story problem, join, change unknown, addition, within 20, word problem, unknown, objects, drawings, equations",https://www.cpalms.org/PreviewResource/Preview/39453
CPALMS_MFAS,MA.1.AR.1.2,39456,,Students are asked to solve two Put Together/Take Apart (Addend Unknown) word problems using pencil and paper or other appropriate manipulatives. Information Related Standards 1,1,"MFAS, Put Together/Take Apart, story problem, part unknown, addend unknown, addition, within 20, word problem, unknown, objects, drawings, equations",https://www.cpalms.org/PreviewResource/Preview/39456
CPALMS_MFAS,MA.1.AR.1.2,39457,,Students are asked to solve two Take From (Change Unknown) word problems using pencil and paper or other appropriate manipulatives. Information Related Standards 1,1,"MFAS, Take from, story problem, change unknown, addition, within 20, word problem, unknown, objects, drawings, equations",https://www.cpalms.org/PreviewResource/Preview/39457
CPALMS_MFAS,MA.1.AR.1.2,39458,,Students are asked to solve two Take From (Start Unknown) word problems using pencil and paper or other appropriate manipulatives. Information Related Standards 1,1,"MFAS, Take from, story problem, start unknown, addition, within 20, word problem, unknown, objects, drawings, equations",https://www.cpalms.org/PreviewResource/Preview/39458
CPALMS_MFAS,MA.1.AR.1.2,39461,,Students are asked to solve two Compare (Difference Unknown) word problems within 20 using pencil and paper or other appropriate manipulatives. Information Related Standards 1,1,"MFAS, Compare, difference unknown, story problem, addition, within 20, word problem, unknown, objects, drawings, equations",https://www.cpalms.org/PreviewResource/Preview/39461
CPALMS_MFAS,MA.1.AR.1.2,39818,,Students are asked to solve a Put Together/Take Apart (Both Addends Unknown) word problem and explain their strategies. Information Related Standards 2,,"MFAS, add, subtract, addends, unknown, word problem, story problem",https://www.cpalms.org/PreviewResource/Preview/39818
CPALMS_MFAS,MA.1.AR.1.2,50948,,Students are asked to solve two Compare (Smaller Unknown) word problems using pencil and paper or other appropriate manipulatives. Information Related Standards 1,1,"MFAS, Compare, smaller unknown, story problem, addition, within 20, word problem, unknown, objects, drawings, equations",https://www.cpalms.org/PreviewResource/Preview/50948
CPALMS_MFAS,MA.1.AR.2.1,36517,,Students identify an addition equation that can be used to solve a subtraction problem. Information Related Standards 1,1,"Inverse operations, subtract, add, MFAS",https://www.cpalms.org/PreviewResource/Preview/36517
CPALMS_MFAS,MA.1.AR.2.1,36582,,Students are given a subtraction problem and asked to solve the problem using a related addition fact. Information Related Standards 1,1,"MFAS, Inverse, addition and subtraction facts",https://www.cpalms.org/PreviewResource/Preview/36582
CPALMS_MFAS,MA.1.AR.2.1,36602,,Students use the relationship between addition and one subtraction to solve a subtraction equation. Information Related Standards 1,1,"MFAS, Addition, Subtraction, generalize, unknown addend",https://www.cpalms.org/PreviewResource/Preview/36602
CPALMS_MFAS,MA.1.AR.2.1,36603,,Students examine two related strategies to solve a subtraction problem. Information Related Standards 1,1,"MFAS, Addition, subtraction, inverse operations, counting up",https://www.cpalms.org/PreviewResource/Preview/36603
CPALMS_MFAS,MA.1.AR.2.2,36526,,Students examine four equations and state if they are true or not true. Students must also justify their reasoning. Information Related Standards 1,1,"MFAS, equation, equality, equal sign, addition, subtraction",https://www.cpalms.org/PreviewResource/Preview/36526
CPALMS_MFAS,MA.1.AR.2.2,36527,,Students are asked to justify why two equations are true using two different strategies. Information Related Standards 1,1,"MFAS, equal sign, addition, subtraction, true, false, not true, equation",https://www.cpalms.org/PreviewResource/Preview/36527
CPALMS_MFAS,MA.1.AR.2.2,36625,,Students discuss if the Commutative Property holds for subtraction. Information Related Standards 1,1,"Addition, subtraction, properties, addend, sum, equation, minuend, subtrahend, commutative",https://www.cpalms.org/PreviewResource/Preview/36625
CPALMS_MFAS,MA.1.AR.2.2,36669,,,1,"MFAS, Equation, true, false",https://www.cpalms.org/PreviewResource/Preview/36669
CPALMS_MFAS,MA.1.AR.2.2,36687,,Students are given sets of equations and asked to circle the equations that are true. Information Related Standards 1,1,"MFAS, equal sign, equations, true, false, addition, subtraction",https://www.cpalms.org/PreviewResource/Preview/36687
CPALMS_MFAS,MA.1.AR.2.2,36688,,Students are given a set of equations and asked to circle the equations that are true. Information Related Standards 1,1,"MFAS, Equality, equal sign, equations",https://www.cpalms.org/PreviewResource/Preview/36688
CPALMS_MFAS,MA.1.AR.2.3,36494,,Students are given equations and asked to find missing numbers. Information Related Standards 1,1,"Missing number, Missing quantity, Equal sign, Equality, MFAS",https://www.cpalms.org/PreviewResource/Preview/36494
CPALMS_MFAS,MA.1.AR.2.3,36528,,Students are asked to find the unknown in three different equations and explain their reasoning. Information Related Standards 1,1,"MFAS, unknowns, equation, addition, subtraction, whole number, true",https://www.cpalms.org/PreviewResource/Preview/36528
CPALMS_MFAS,MA.1.AR.2.3,36529,,"Students are read a word problem and given an equation that matches the problem, and then asked to solve for the unknown in the equation. Information Related Standards 1",1,"MFAS, Story problems, unknown number, addition, subtraction, determine, equation",https://www.cpalms.org/PreviewResource/Preview/36529
CPALMS_MFAS,MA.1.AR.2.3,36642,,Students are given equations with a missing number and asked to find the missing number. Information Related Standards 1,1,"MFAS, Unknown number, equation, equality",https://www.cpalms.org/PreviewResource/Preview/36642
CPALMS_MFAS,MA.1.M.1.1,122980,,Students are asked to explain a method for measuring length and to identify an appropriate tool. Information Related Standards 1,1,"MFAS, measure, length, tool, inch, ruler",https://www.cpalms.org/PreviewResource/Preview/122980
CPALMS_MFAS,MA.1.M.1.1,122982,,Students are asked to consider the zero point (origin) and end point when measuring the length of objects to the nearest inch. Information Related Standards 1,1,"MFAS, measure, length, origin, zero point, inch, ruler",https://www.cpalms.org/PreviewResource/Preview/122982
CPALMS_MFAS,MA.1.M.1.1,122983,,Students are asked to explain what the marks on a ruler represent and how to use a ruler to measure length. Information Related Standards 1,1,"MFAS, measure, length, zero point, inch, ruler",https://www.cpalms.org/PreviewResource/Preview/122983
CPALMS_MFAS,MA.1.M.1.2,36637,,Students are asked to place three books in order from least to greatest bottom edge length and least to greatest side edge length. Information Related Standards 1,1,"MFAS, Widths height, greatest, least, measure, compare, order",https://www.cpalms.org/PreviewResource/Preview/36637
CPALMS_MFAS,MA.1.M.1.2,36674,,Students are asked to indirectly compare the lengths of three pencils based on the known lengths of two of the pencils. Information Related Standards 1,1,"MFAS, Transitive property, compare, indirect measurement, three objects",https://www.cpalms.org/PreviewResource/Preview/36674
CPALMS_MFAS,MA.1.M.1.2,36675,,"Students are asked determine which line is longer using cubes, string, a pencil, a ruler, or another measuring strategy. Information Related Standards 1",1,"MFAS, Transitive property, lengths, compare, indirect measurement",https://www.cpalms.org/PreviewResource/Preview/36675
CPALMS_MFAS,MA.1.M.1.2,36705,,Students compare the lengths of two cube trains indirectly by using a third cube train. Information Related Standards 1,1,"MFAS, Compare, lengths, longer, shorter",https://www.cpalms.org/PreviewResource/Preview/36705
CPALMS_MFAS,MA.1.M.1.2,36706,,Students put three trains (sets of joined cubes) in order from longest to shortest. Information Related Standards 1,1,"MFAS, Put in order, compare, lengths, shortest, longest",https://www.cpalms.org/PreviewResource/Preview/36706
CPALMS_MFAS,MA.1.M.2.1,36515,,Students read and write times shown on three different analog clocks. Information Related Standards 1,1,"MFAS, Tell time, write time, analog clock",https://www.cpalms.org/PreviewResource/Preview/36515
CPALMS_MFAS,MA.1.M.2.1,36516,,Students match analog and digital clocks that show the same time. Information Related Standards 1,1,"MFAS, Time, half hour, digital clock, analog clock",https://www.cpalms.org/PreviewResource/Preview/36516
CPALMS_MFAS,MA.1.M.2.1,36710,,Students tell and write the time on a digital clock. Information Related Standards 1,1,"MFAS, Digital, analog, time, telling, hour, half hour, minutes",https://www.cpalms.org/PreviewResource/Preview/36710
CPALMS_MFAS,MA.1.M.2.1,43855,,Students are asked to draw the hands on an analog clock and write time on a digital clock that corresponds to a given time. Information Related Standards 1,1,"MFAS, Digital, analog, time, telling, hour, half hour, minutes",https://www.cpalms.org/PreviewResource/Preview/43855
CPALMS_MFAS,MA.1.M.2.1,46254,,Students are asked to write times shown on an analog clock. Information Related Standards 1,,"MFAS, time, clock face, analog clock",https://www.cpalms.org/PreviewResource/Preview/46254
CPALMS_MFAS,MA.1.M.2.2,122988,,Students are shown various coins and are asked to identify the name and value of each. Information Related Standards 1,1,"MFAS, coin, money, cent, dime, nickel, quarter, penny",https://www.cpalms.org/PreviewResource/Preview/122988
CPALMS_MFAS,MA.1.M.2.2,122990,,Students are asked to relate the values of a penny and a dime to one dollar. Information Related Standards 1,1,"MFAS, penny, dime, dollar",https://www.cpalms.org/PreviewResource/Preview/122990
CPALMS_MFAS,MA.1.M.2.2,122992,,Students are asked to relate the value of a quarter to one dollar. Information Related Standards 1,1,"MFAS, quarter, dollar",https://www.cpalms.org/PreviewResource/Preview/122992
CPALMS_MFAS,MA.1.M.2.2,123632,,Students are asked to identify various coins by name and to describe the value of each coin in cents. Information Related Standards 1,,"MFAS, coin, money, cents, dime, nickel, quarter, penny",https://www.cpalms.org/PreviewResource/Preview/123632
CPALMS_MFAS,MA.1.M.2.2,123642,,"Students are asked to relate the values of pennies, nickels, dimes, and quarters to other coins and to the dollar. Information Related Standards 1",,"MFAS, coin, money, cents, dime, nickel, quarter, penny, dollar",https://www.cpalms.org/PreviewResource/Preview/123642
CPALMS_MFAS,MA.1.M.2.3,122989,,Students are asked to determine the values of combinations of pennies and dimes. Information Related Standards 1,1,"MFAS, penny, dime, combined coin value",https://www.cpalms.org/PreviewResource/Preview/122989
CPALMS_MFAS,MA.1.M.2.3,123634,,Students are shown various paper currency and are asked to name each bill and identify its value. Information Related Standards 1,,"MFAS, paper currency, money, dollar",https://www.cpalms.org/PreviewResource/Preview/123634
CPALMS_MFAS,MA.1.GR.1.1,36518,,Students determine if a globe and a circle are two-dimensional or three-dimensional and explain their reasoning. Information Related Standards 1,,"MFAS, Sphere, circle, two-dimensional, three-dimensional, 2-D shapes, 3-D shapes, compare",https://www.cpalms.org/PreviewResource/Preview/36518
CPALMS_MFAS,MA.1.GR.1.1,36588,,Students examine a rectangle and a rectangular prism to discuss the similarities and differences. Information Related Standards 1,,"MFAS, Rectangle, rectangular prism, flat, solid, plane, 2 –D, 3 - D",https://www.cpalms.org/PreviewResource/Preview/36588
CPALMS_MFAS,MA.1.GR.1.1,36589,,Students compare the outline of the circular base of a cylinder to the cylinder itself. Information Related Standards 1,,"MFAS, Cylinder, circle, flat, solid, plane, 2 –D, 3 - D",https://www.cpalms.org/PreviewResource/Preview/36589
CPALMS_MFAS,MA.1.GR.1.1,36591,,Students compare a cube to a rectangular prism and discuss the similarities and differences. Information Related Standards 1,,"MFAS, 3-Dimensional, faces, cubes, prisms, equal",https://www.cpalms.org/PreviewResource/Preview/36591
CPALMS_MFAS,MA.1.GR.1.1,36596,,Students discuss the defining and non-defining attributes of rectangles. Information Related Standards 1,1,"MFAS, Rectangle, sides, vertices, corners, angles, square",https://www.cpalms.org/PreviewResource/Preview/36596
CPALMS_MFAS,MA.1.GR.1.1,36597,,Students are shown a square in various orientations and asked if it is still a square. Information Related Standards 1,1,"MFAS, Rectangle, sides, vertices, corners, angles, square",https://www.cpalms.org/PreviewResource/Preview/36597
CPALMS_MFAS,MA.1.GR.1.1,36644,,Students compare two hexagons and describe how they are alike and how they are different. Information Related Standards 1,,"MFAS, Compare, hexagon, shapes, vertices, sides",https://www.cpalms.org/PreviewResource/Preview/36644
CPALMS_MFAS,MA.1.GR.1.1,46468,,"Students are shown a set of three-dimensional figures and are asked to identify the cubes. In addition, they are asked to explain why the other figures are not cubes. Information Related Standards 1",,"MFAS, cube, prism, solid figure, three-dimensional",https://www.cpalms.org/PreviewResource/Preview/46468
CPALMS_MFAS,MA.1.GR.1.2,36514,,Students draw two triangles and are prompted to describe the triangles in terms of defining attributes. Information Related Standards 1,1,"Shape attributes, build, draw, shapes, defining attributes",https://www.cpalms.org/PreviewResource/Preview/36514
CPALMS_MFAS,MA.1.GR.1.2,36592,,Students examine a picture of hexagonal tiles and draw a model of a tile. Information Related Standards 1,1,"MFAS, Tile, hexagon, model, outline, hexagonal",https://www.cpalms.org/PreviewResource/Preview/36592
CPALMS_MFAS,MA.1.GR.1.2,36604,,Students draw two hexagons and are asked to justify their drawings. Information Related Standards 1,1,"MFAS, Hexagon, attributes",https://www.cpalms.org/PreviewResource/Preview/36604
CPALMS_MFAS,MA.1.GR.1.3,36594,,Students use triangles to compose a hexagon. Information Related Standards 1,,"MFAS, Triangle, hexagon, compose, build",https://www.cpalms.org/PreviewResource/Preview/36594
CPALMS_MFAS,MA.1.GR.1.3,36598,,Students view a composite shape with a missing piece and identify shapes that can fill in the space. Information Related Standards 1,1,"MFAS, 2-Dimensional, shape, space, compose, decompose, composite",https://www.cpalms.org/PreviewResource/Preview/36598
CPALMS_MFAS,MA.1.GR.1.3,36599,,Students use triangles to compose a trapezoid. Information Related Standards 1,1,"MFAS, Triangle, trapezoid, compose, build, composite shape",https://www.cpalms.org/PreviewResource/Preview/36599
CPALMS_MFAS,MA.1.GR.1.3,36605,,Students join right triangles together to compose a rectangle and then use the rectangle to compose a new shape. Students describe this new shape made from the composite shape. Information Related Standards 1,1,"MFAS, Compose shapes, triangles",https://www.cpalms.org/PreviewResource/Preview/36605
CPALMS_MFAS,MA.1.GR.1.3,36606,,Students compose new shapes from equilateral triangles and a trapezoid. Information Related Standards 1,1,"MFAS, Compose shapes, equilateral triangles, trapezoid",https://www.cpalms.org/PreviewResource/Preview/36606
CPALMS_MFAS,MA.1.GR.1.3,37935,,Students use different three dimensional shapes to compose a composite shape. Note: This task includes the use of triangular prisms. Information Related Standards 1,1,"MFAS, prism, pyramid, rectangular, compose, build, composite shape",https://www.cpalms.org/PreviewResource/Preview/37935
CPALMS_MFAS,MA.2.NSO.1.1,39656,,"Students are asked to count by ones, starting at various numbers, within 1000. Information Related Standards 1",2,"MFAS, counting, thousand",https://www.cpalms.org/PreviewResource/Preview/39656
CPALMS_MFAS,MA.2.NSO.1.1,40271,,Students write numerals that correspond to spoken number names. Information Related Standards 1,2,"MFAS, number names, numerals",https://www.cpalms.org/PreviewResource/Preview/40271
CPALMS_MFAS,MA.2.NSO.1.1,40272,,Students are presented with six numerals and are asked to read the numbers. Information Related Standards 1,2,"MFAS, numeration, three-digit numbers, numerals, number names",https://www.cpalms.org/PreviewResource/Preview/40272
CPALMS_MFAS,MA.2.NSO.1.1,40274,,Students are shown three numbers in expanded form and asked to write the corresponding numeral. Information Related Standards 1,2,"MFAS, expanded form, numeration, numeral",https://www.cpalms.org/PreviewResource/Preview/40274
CPALMS_MFAS,MA.2.NSO.1.1,40276,,Students write the expanded form of a number from hearing the word name of a number. Information Related Standards 1,2,"MFAS, expanded form, numeration",https://www.cpalms.org/PreviewResource/Preview/40276
CPALMS_MFAS,MA.2.NSO.1.2,40997,,"Students use base ten blocks to model each of four numbers and then describe the number of hundreds, tens, and ones in each number. Information Related Standards 1",2,"MFAS, three-digit numbers, hundreds, tens, ones, base ten blocks",https://www.cpalms.org/PreviewResource/Preview/40997
CPALMS_MFAS,MA.2.NSO.1.2,40998,,"Students are asked to describe the number of hundreds, tens, and ones in four different three-digit numbers. Information Related Standards 1",2,"MFAS, three-digit numbers, hundreds, tens, ones",https://www.cpalms.org/PreviewResource/Preview/40998
CPALMS_MFAS,MA.2.NSO.1.2,41001,,Students are asked to compare ten tens to one hundred and justify their comparisons. Information Related Standards 1,2,"MFAS, hundred, tens",https://www.cpalms.org/PreviewResource/Preview/41001
CPALMS_MFAS,MA.2.NSO.1.2,41003,,"Students are asked to write numbers given descriptions of the number of hundreds, tens, and ones each contains. Information Related Standards 1",2,"MFAS, three-digit numbers, hundreds, tens, ones",https://www.cpalms.org/PreviewResource/Preview/41003
CPALMS_MFAS,MA.2.NSO.1.3,45930,,"Students are asked to compare numbers and then use the greater than, less than, or equal to symbols to complete inequality statements. Information Related Standards 1",2,"MFAS, compare, greater than, less than, equal, inequality, hundreds, tens, ones",https://www.cpalms.org/PreviewResource/Preview/45930
CPALMS_MFAS,MA.2.NSO.1.3,45931,,Students are asked to compare numbers with missing digits and explain their reasoning. Information Related Standards 1,2,"MFAS, compare, greater than, less than, equal, inequality, hundreds, tens, ones, digit",https://www.cpalms.org/PreviewResource/Preview/45931
CPALMS_MFAS,MA.2.NSO.1.3,45933,,Students randomly pull five cards from a set of digit cards and use them to make the greatest and least three-digit numbers possible. They are also asked to use the greater than or less than symbols to compare the two numbers. Information Related Standards 1,2,"MFAS, compare, greater than, less than, equal, inequality, hundreds, tens, ones, digits",https://www.cpalms.org/PreviewResource/Preview/45933
CPALMS_MFAS,MA.2.NSO.1.3,45934,,Students are asked to compare two numbers used in a word problem and to write an inequality statement showing the relationship between the numbers. Information Related Standards 1,2,"MFAS, compare, greater than, less than, equal, inequality, hundreds, tens, ones",https://www.cpalms.org/PreviewResource/Preview/45934
CPALMS_MFAS,MA.2.NSO.2.1,40337,,Students are assessed on their fluency with addition facts within 20. Information Related Standards 1,2,"MFAS, addition within 20, strategies, fluency",https://www.cpalms.org/PreviewResource/Preview/40337
CPALMS_MFAS,MA.2.NSO.2.1,40338,,Students are assessed on a set of basic addition facts within 20. Information Related Standards 1,2,"MFAS, addition, addition facts, memory",https://www.cpalms.org/PreviewResource/Preview/40338
CPALMS_MFAS,MA.2.NSO.2.1,40339,,Students are asked to solve six addition within 20 problems and to explain their strategies for solving each problem. Information Related Standards 1,2,"MFAS, addition within 20, strategies, fluency",https://www.cpalms.org/PreviewResource/Preview/40339
CPALMS_MFAS,MA.2.NSO.2.1,40340,,Students are asked to solve six subtraction within 20 problems and to explain their strategies for solving each problem. Information Related Standards 1,2,"MFAS, subtraction within 20, strategies, fluency",https://www.cpalms.org/PreviewResource/Preview/40340
CPALMS_MFAS,MA.2.NSO.2.2,46258,,Students are given three-digit numbers and asked to mentally add 10 to each number. Information Related Standards 1,2,"MFAS, mental math, addition, 10",https://www.cpalms.org/PreviewResource/Preview/46258
CPALMS_MFAS,MA.2.NSO.2.2,46259,,Students are given three-digit numbers and asked to mentally subtract 10 from each number. Information Related Standards 1,2,"MFAS, mental math, subtraction, 10",https://www.cpalms.org/PreviewResource/Preview/46259
CPALMS_MFAS,MA.2.NSO.2.2,46262,,Students are given three-digit numbers and asked to mentally add 100 to each number. Information Related Standards 1,2,"MFAS, mental math, addition, hundreds",https://www.cpalms.org/PreviewResource/Preview/46262
CPALMS_MFAS,MA.2.NSO.2.2,46263,,Students are given three-digit numbers and asked to mentally add 100 to each number. Information Related Standards 1,2,"MFAS, mental math, subtraction, hundreds",https://www.cpalms.org/PreviewResource/Preview/46263
CPALMS_MFAS,MA.2.NSO.2.3,36639,,Students find the difference between two multiples of 10. Information Related Standards 1,,"MFAS, Subtract, multiples, 10, difference",https://www.cpalms.org/PreviewResource/Preview/36639
CPALMS_MFAS,MA.2.NSO.2.3,36664,,Students add a multiple of 10 to a two-digit number. Information Related Standards 1,,"MFAS, Add, multiples of ten",https://www.cpalms.org/PreviewResource/Preview/36664
CPALMS_MFAS,MA.2.NSO.2.3,36685,,Students add a multiple of 10 to a two-digit number and are asked to relate the strategy used to a written method. Information Related Standards 1,,"MFAS, Add, two digit number, strategies, place value, making a ten, adding tens and ones, inverse relationship among addition and subtraction.",https://www.cpalms.org/PreviewResource/Preview/36685
CPALMS_MFAS,MA.2.NSO.2.3,36693,,Students subtract 40 from 80 using linking cubes as a model. Information Related Standards 1,,"MFAS, Multiples of ten, subtracting, addition, subtraction",https://www.cpalms.org/PreviewResource/Preview/36693
CPALMS_MFAS,MA.2.NSO.2.3,41004,,,2,"MFAS, fluency, addition",https://www.cpalms.org/PreviewResource/Preview/41004
CPALMS_MFAS,MA.2.NSO.2.3,41006,,Students are asked to complete addition and subtraction problems that can be done efficiently by using properties of operations. Information Related Standards 1,2,"MFAS, fluency, addition, subtraction",https://www.cpalms.org/PreviewResource/Preview/41006
CPALMS_MFAS,MA.2.NSO.2.3,41076,,Students are asked to solve three subtraction within 100 problems and are observed for the use of place value strategies. Information Related Standards 1,2,"MFAS, subtraction, fluency, place value",https://www.cpalms.org/PreviewResource/Preview/41076
CPALMS_MFAS,MA.2.NSO.2.3,41079,,Students are asked to solve two addition problems and are observed for the use of place value strategies. Information Related Standards 1,2,"MFAS, addition, fluency, place value",https://www.cpalms.org/PreviewResource/Preview/41079
CPALMS_MFAS,MA.2.NSO.2.3,42329,,Students are asked to solve a two-digit addition problem using a place value strategy and then are asked to explain why this strategy works. Information Related Standards 1,2,"MFAS, addition, strategies, two-digit, tens place, ones place, place value",https://www.cpalms.org/PreviewResource/Preview/42329
CPALMS_MFAS,MA.2.NSO.2.3,42540,,Students use a number line to add 23 and 19 and to find a segment whose length is the sum of 23 and 19. Information Related Standards 1,2,"MFAS, sums, addition, length, number line",https://www.cpalms.org/PreviewResource/Preview/42540
CPALMS_MFAS,MA.2.NSO.2.3,42542,,Students use a number line to find to the difference between 17 and 42. Information Related Standards 1,2,"MFAS, differences, subtraction, length, number line",https://www.cpalms.org/PreviewResource/Preview/42542
CPALMS_MFAS,MA.2.NSO.2.4,41081,,Students are asked to solve a subtraction problem involving money. Information Related Standards 1,2,"MFAS, place value, hundreds, tens, ones, regroup",https://www.cpalms.org/PreviewResource/Preview/41081
CPALMS_MFAS,MA.2.NSO.2.4,41083,,Students explain another student's written strategy for adding and written strategy for subtracting three-digit numbers. Information Related Standards 1,2,"MFAS, place value, hundreds, tens, ones, regroup",https://www.cpalms.org/PreviewResource/Preview/41083
CPALMS_MFAS,MA.2.NSO.2.4,41085,,"Students are asked to solve an addition problem within 1,000. Information Related Standards 1",2,"MFAS, addition, strategy, efficient, sum, expression, equation",https://www.cpalms.org/PreviewResource/Preview/41085
CPALMS_MFAS,MA.2.NSO.2.4,41086,,"Students are asked to solve a subtraction problem within 1,000. Information Related Standards 1",2,"MFAS, subtraction, strategy, efficient, difference, expression, equation",https://www.cpalms.org/PreviewResource/Preview/41086
CPALMS_MFAS,MA.2.NSO.2.4,42330,,,2,"MFAS, subtraction, addition, strategy",https://www.cpalms.org/PreviewResource/Preview/42330
CPALMS_MFAS,MA.2.NSO.2.4,42331,,Students are asked to explain each step of an addition problem completed by using the standard algorithm. Information Related Standards 1,2,"MFAS, addition, standard algorithm",https://www.cpalms.org/PreviewResource/Preview/42331
CPALMS_MFAS,MA.2.NSO.2.4,42332,,Students are asked to explain each step of a subtraction problem completed by using the standard algorithm. Information Related Standards 1,2,"MFAS, subtraction, standard algorithm, strategy",https://www.cpalms.org/PreviewResource/Preview/42332
CPALMS_MFAS,MA.2.AR.1.1,39819,,Students are asked to solve two Compare (Bigger Unknown) word problems: one involving the word more and one involving the word fewer. Information Related Standards 1,2,"MFAS, add, subtract, unknown, word problem, story problem, Compare (Bigger Unknown), fewer, more",https://www.cpalms.org/PreviewResource/Preview/39819
CPALMS_MFAS,MA.2.AR.1.1,39820,,Students are asked to solve two Compare (Smaller Unknown) word problems: one involving the word more and one involving the word fewer. Information Related Standards 1,2,"MFAS, add, subtract, unknown, word problem, story problem, Compare (Smaller Unknown), fewer, more",https://www.cpalms.org/PreviewResource/Preview/39820
CPALMS_MFAS,MA.2.AR.1.1,39821,,Students are asked to solve a two-step word problem that combines a Put Together (Result Unknown) problem and a Take From (Result Unknown) problem. Information Related Standards 1,2,"MFAS, add, subtract, two-step problem, unknown, word problem, story problem, Put Together (Result Unknown), Take Apart (Result Unknown)",https://www.cpalms.org/PreviewResource/Preview/39821
CPALMS_MFAS,MA.2.AR.1.1,39848,,"Students are asked to solve three word problems: Add To (Result Unknown), Take From (Result Unknown), and Put Together/Take Apart (Total Unknown). Information Related Standards 1",2,"MFAS, result, add, subtract, unknown, word problem, story problem, Add To (Result Unknown), Take From (Result Unknown), Put Together/Take Apart (Total Unknown)",https://www.cpalms.org/PreviewResource/Preview/39848
CPALMS_MFAS,MA.2.AR.1.1,39863,,"Students are asked to solve three word problems: Put Together (Addend Unknown), Take From (Change Unknown), Add to (Change Unknown). Information Related Standards 1",2,"MFAS, add, subtract, unknown, word problem, story problem, Put Together (Addend Unknown), Take From (Change Unknown), Add To (Change Unknown)",https://www.cpalms.org/PreviewResource/Preview/39863
CPALMS_MFAS,MA.2.AR.1.1,39869,,Students are asked to solve two word problems: Add To (Start Unknown) and Take From (Start Unknown). Information Related Standards 1,2,"Keywords: 	MFAS, add, subtract, unknown, word problem, story problem, Add To (Start Unknown), Take From (Start Unknown).",https://www.cpalms.org/PreviewResource/Preview/39869
CPALMS_MFAS,MA.2.AR.1.1,39882,,Students are asked to solve two Compare (Difference Unknown) word problems: a how many more and a how many fewer variation. Information Related Standards 1,2,"MFAS, add, subtract, unknown, word problem, story problem, compare, Compare (Difference Unknown), fewer, more",https://www.cpalms.org/PreviewResource/Preview/39882
CPALMS_MFAS,MA.2.AR.1.1,39884,,Students are asked to solve a two-step word problem that combines a Compare (Bigger Unknown) problem and a Compare (Smaller Unknown) problem. Information Related Standards 1,2,"MFAS, add, subtract, two-step problem, unknown, word problem, story problem, Compare (Bigger Unknown), Compare (Smaller Unknown)",https://www.cpalms.org/PreviewResource/Preview/39884
CPALMS_MFAS,MA.2.AR.1.1,39886,,Students are asked to solve a two-step word problem that combines an Add To (Result Unknown) problem and a Compare (Difference Unknown) problem. Information Related Standards 1,2,"MFAS, add, subtract, two-step problem, unknown, word problem, story problem, Add To (Result Unknown), Compare (Difference Unknown)",https://www.cpalms.org/PreviewResource/Preview/39886
CPALMS_MFAS,MA.2.AR.2.2,116159,,Students find the missing addend in an addition equation relating five whole numbers. Information Related Standards 1,2,"MFAS, Equality, equation, addend",https://www.cpalms.org/PreviewResource/Preview/116159
CPALMS_MFAS,MA.2.AR.2.2,116347,,Students find the missing number in an equation relating four whole numbers. Information Related Standards 1,2,"quality, equation, missing number, MFAS",https://www.cpalms.org/PreviewResource/Preview/116347
CPALMS_MFAS,MA.2.AR.2.2,116354,,Students find the missing number in an equation relating four whole numbers that involves addition and subtraction. Information Related Standards 1,2,"MFAS, Equality, equation, missing number",https://www.cpalms.org/PreviewResource/Preview/116354
CPALMS_MFAS,MA.2.AR.3.1,40266,,"Students are asked to determine if each of two collections has an odd or even number of objects, and to explain how they made their decisions. Information Related Standards 1",2,"MFAS, odd, even, pairing, counting by twos",https://www.cpalms.org/PreviewResource/Preview/40266
CPALMS_MFAS,MA.2.AR.3.1,40267,,Students are asked to determine if a given number is even or odd. Information Related Standards 1,2,"MFAS, even, odd, equal addends, counters",https://www.cpalms.org/PreviewResource/Preview/40267
CPALMS_MFAS,MA.2.AR.3.1,40269,,Students are asked to determine if a given number is even or odd. Information Related Standards 1,2,"MFAS, even, odd, equal addends",https://www.cpalms.org/PreviewResource/Preview/40269
CPALMS_MFAS,MA.2.AR.3.1,40270,,Students are asked to write even numbers within 20 as the sum of two equal addends. Information Related Standards 1,2,"MFAS, even, equal addends",https://www.cpalms.org/PreviewResource/Preview/40270
CPALMS_MFAS,MA.2.AR.3.2,40805,,Students are asked count by rows or columns to determine the total number in an array and then write an addition equation to represent the array. Information Related Standards 1,2,"MFAS, array, multiplication, dimension, row, column",https://www.cpalms.org/PreviewResource/Preview/40805
CPALMS_MFAS,MA.2.AR.3.2,40806,,Students are asked to find the total number of objects in a 3 x 4 array. Information Related Standards 1,2,"MFAS, array, multiplication, repeated addition, columns, rows",https://www.cpalms.org/PreviewResource/Preview/40806
CPALMS_MFAS,MA.2.AR.3.2,40807,,Students are asked to make an array from pennies and then skip count to find the total number of pennies and write an addition equation to represent the array. Information Related Standards 1,2,"MFAS, array, multiplication, dimension, row, column",https://www.cpalms.org/PreviewResource/Preview/40807
CPALMS_MFAS,MA.2.AR.3.2,40809,,Students are asked to write an equal addends equation that corresponds to a given array. Information Related Standards 1,2,"MFAS, array, multiplication, repeated addition, equal addends, columns, rows",https://www.cpalms.org/PreviewResource/Preview/40809
CPALMS_MFAS,MA.2.M.1.1,42805,,Students are asked to estimate the length of a piece of paper in inches. Information Related Standards 1,2,"MFAS, inches, estimate, length",https://www.cpalms.org/PreviewResource/Preview/42805
CPALMS_MFAS,MA.2.M.1.1,42806,,Students are asked to estimate the length of a table in feet. Information Related Standards 1,2,"MFAS, feet, estimate, length",https://www.cpalms.org/PreviewResource/Preview/42806
CPALMS_MFAS,MA.2.M.1.1,42807,,Students are asked to estimate the length of a line segment in centimeters. Information Related Standards 1,2,"MFAS, centimeters, estimate, length",https://www.cpalms.org/PreviewResource/Preview/42807
CPALMS_MFAS,MA.2.M.1.1,42809,,Students are asked to estimate a predetermined length in meters. Information Related Standards 1,2,"MFAS, meter, estimate, length",https://www.cpalms.org/PreviewResource/Preview/42809
CPALMS_MFAS,MA.2.M.1.1,43590,,Students use a ruler to measure one segment to the nearest inch and one segment to the nearest centimeter. Information Related Standards 1,2,"MFAS, ruler, inch, centimeter, length, measurement",https://www.cpalms.org/PreviewResource/Preview/43590
CPALMS_MFAS,MA.2.M.1.1,43591,,Students use a ruler to measure a 17 inch segment to the nearest inch. Information Related Standards 1,2,"MFAS, ruler, yard stick, tape measure, inch, length, measurement",https://www.cpalms.org/PreviewResource/Preview/43591
CPALMS_MFAS,MA.2.M.1.1,43592,,Students use a ruler and piece of string to measure the length of a curve. Information Related Standards 1,2,"MFAS, meter stick, centimeter ruler, length, curve",https://www.cpalms.org/PreviewResource/Preview/43592
CPALMS_MFAS,MA.2.M.1.1,43593,,Students choose an appropriate tool to measure a hallway. Information Related Standards 1,2,"MFAS, meter, centimeter, inch, length, measure, tool",https://www.cpalms.org/PreviewResource/Preview/43593
CPALMS_MFAS,MA.2.M.1.1,44070,,"Students measure the length of a line segment twice, once using inches and again using centimeters, and are asked to explain why the two measures are different. Information Related Standards 1",2,"MFAS, inches, centimeters, measure, relative size of unit",https://www.cpalms.org/PreviewResource/Preview/44070
CPALMS_MFAS,MA.2.M.1.1,44071,,Students are given the length of an alligator in both feet and yards and are asked to explain why the measure given in feet is greater than the measure given in yards. Information Related Standards 1,2,"MFAS, feet, yards, measure, relative size of unit",https://www.cpalms.org/PreviewResource/Preview/44071
CPALMS_MFAS,MA.2.M.1.1,44072,,Students measure the length of a line segment twice and are given an opportunity to explain why the line segment measures in fewer meters than centimeters. Information Related Standards 1,2,"Meter, centimeter, measure, relative size of unit",https://www.cpalms.org/PreviewResource/Preview/44072
CPALMS_MFAS,MA.2.M.1.1,44074,,Students measure the length of a line twice and are given an opportunity to explain why the line measures in fewer feet than inches. Information Related Standards 1,2,"MFAS, feet, inches, measure, relative size of unit",https://www.cpalms.org/PreviewResource/Preview/44074
CPALMS_MFAS,MA.2.M.1.1,46267,,Students measure the width of their hands to the nearest whole centimeter. Information Related Standards 1,2,"MFAS, width, centimeters, line plot, measure, data",https://www.cpalms.org/PreviewResource/Preview/46267
CPALMS_MFAS,MA.2.M.1.1,46269,,Students measure their pencils to the nearest whole inch. Information Related Standards 1,2,"MFAS, measure, measurement data, inch, whole unit",https://www.cpalms.org/PreviewResource/Preview/46269
CPALMS_MFAS,MA.2.M.1.1,121295,,Students use a ruler or yardstick to measure a length to the nearest foot. Information Related Standards 1,2,"MFAS, measurement, length, foot",https://www.cpalms.org/PreviewResource/Preview/121295
CPALMS_MFAS,MA.2.M.1.1,123627,,Students are asked to estimate a predetermined length in yards. Information Related Standards 1,2,"MFAS, yard, estimate, length",https://www.cpalms.org/PreviewResource/Preview/123627
CPALMS_MFAS,MA.2.M.1.2,46011,,Students are shown the paths that two different ants took and are asked to determine how much longer one path is than the other. Information Related Standards 1,2,"MFAS, measure, length, longer than, centimeters",https://www.cpalms.org/PreviewResource/Preview/46011
CPALMS_MFAS,MA.2.M.1.2,46013,,Students are shown a zigzag figure and are asked to determine how much longer the longest segment is than the shortest. Information Related Standards 1,2,"MFAS, measure, length, longer than, centimeters",https://www.cpalms.org/PreviewResource/Preview/46013
CPALMS_MFAS,MA.2.M.1.2,46015,,Students are asked to determine how many inches longer one line segment is than another. Information Related Standards 1,2,"MFAS, measure, length, longer than, inches",https://www.cpalms.org/PreviewResource/Preview/46015
CPALMS_MFAS,MA.2.M.1.2,46017,,Students shown images of a grasshopper and a dragonfly and are asked to determine how much longer one is than the other. Information Related Standards 1,2,"MFAS, measure, length, longer than, centimeters",https://www.cpalms.org/PreviewResource/Preview/46017
CPALMS_MFAS,MA.2.M.1.3,46245,,Students are asked to solve problems requiring addition of measures. Information Related Standards 1,2,"MFAS, measure, length, inches",https://www.cpalms.org/PreviewResource/Preview/46245
CPALMS_MFAS,MA.2.M.1.3,46246,,Students use subtraction to solve problems requiring subtraction of measures. Information Related Standards 1,2,"MFAS, measurement, subtraction, compare, length, equation",https://www.cpalms.org/PreviewResource/Preview/46246
CPALMS_MFAS,MA.2.M.1.3,46249,,Students are asked to write an equation for and solve a Compare (Difference Unknown) problem in a measurement context. Information Related Standards 1,2,"MFAS, compare, length, centimeters, equation",https://www.cpalms.org/PreviewResource/Preview/46249
CPALMS_MFAS,MA.2.M.2.1,46255,,Students are asked to write time shown on analog clocks to the nearest 5 minutes. Information Related Standards 1,2,"MFAS, clock face, analog clock, time",https://www.cpalms.org/PreviewResource/Preview/46255
CPALMS_MFAS,MA.2.M.2.1,46256,,Students are read three times to the nearest five minutes and asked to write the times on digital clocks. Information Related Standards 1,2,"MFAS, telling time, writing time, digital clocks",https://www.cpalms.org/PreviewResource/Preview/46256
CPALMS_MFAS,MA.2.M.2.1,46257,,Students are asked to read time on an analog clock to the nearest five minutes. Information Related Standards 1,2,"MFAS, tell time, analog clock",https://www.cpalms.org/PreviewResource/Preview/46257
CPALMS_MFAS,MA.2.M.2.2,42677,,"Students consider two different ways to make fifty cents using quarters, dimes, nickels, and pennies. Information Related Standards 1",2,"MFAS, quarters, dimes, nickels, pennies, change, cents",https://www.cpalms.org/PreviewResource/Preview/42677
CPALMS_MFAS,MA.2.M.2.2,123639,,Students are asked to combine the values of coins and write the total value using the cent symbol. Information Related Standards 1,2,"MFAS, coin, money, cents, dime, nickel, quarter, penny, total value, cent symbol",https://www.cpalms.org/PreviewResource/Preview/123639
CPALMS_MFAS,MA.2.M.2.2,123641,,Students are asked to combine the values of bills and write the total value using the dollar symbol. Information Related Standards 1,2,"MFAS, money, dollar bills, paper currency, dollar symbol",https://www.cpalms.org/PreviewResource/Preview/123641
CPALMS_MFAS,MA.2.M.2.2,123644,,Students are asked to solve a multistep word problem involving money. Information Related Standards 1,2,"MFAS, money, bills, dollars, value, change",https://www.cpalms.org/PreviewResource/Preview/123644
CPALMS_MFAS,MA.2.M.2.2,123646,,Students are asked to solve a two-step word problem involving money in the form of coins. Information Related Standards 1,2,"MFAS, coins, money, value, change",https://www.cpalms.org/PreviewResource/Preview/123646
CPALMS_MFAS,MA.2.GR.1.1,46465,,Students are asked to draw a five-sided figure and name the figure. Information Related Standards 1,2,"Pentagon, five-sided, two-dimensional shape, two-dimensional figure",https://www.cpalms.org/PreviewResource/Preview/46465
CPALMS_MFAS,MA.2.GR.1.1,46466,,"Students are asked to draw a triangle and justify his or her drawn shape. Then students are shown a figure that is not a triangle, but that has three sides and asked to determine if the figure on the worksheet is a triangle. Information Related Standards 1",2,"MFAS, triangle, three-sided, two-dimensional shape, two-dimensional figure, 2-dimensional shape",https://www.cpalms.org/PreviewResource/Preview/46466
CPALMS_MFAS,MA.2.GR.1.2,40395,,Students are asked to describe attributes shared by three shapes and to identify a larger category into which these shapes can be placed. Information Related Standards 1,2,"MFAS, polygon, triangle, rectangle, hexagon, shape, group",https://www.cpalms.org/PreviewResource/Preview/40395
CPALMS_MFAS,MA.2.DP.1.1,42689,,Students are asked to create a pictograph from a given set of data. Information Related Standards 1,2,"MFAS, picture graph, data, key, pictograph",https://www.cpalms.org/PreviewResource/Preview/42689
CPALMS_MFAS,MA.2.DP.1.1,42690,,Students collect data and use it to create a pictograph. Information Related Standards 1,2,"MFAS, picture graph, data, key, pictograph",https://www.cpalms.org/PreviewResource/Preview/42690
CPALMS_MFAS,MA.2.DP.1.1,42693,,Students are asked to create a bar graph from a given set of data. Information Related Standards 1,2,"MFAS, data, bar graph, organize, create",https://www.cpalms.org/PreviewResource/Preview/42693
CPALMS_MFAS,MA.2.DP.1.2,42691,,Students are asked to answer questions about a given bar graph. Information Related Standards 1,2,"MFAS, data, bar graph, organize, create, compare",https://www.cpalms.org/PreviewResource/Preview/42691
CPALMS_MFAS,MA.3.NSO.1.4,42721,,,3,"MFAS, rounding, place value, tens, hundreds",https://www.cpalms.org/PreviewResource/Preview/42721
CPALMS_MFAS,MA.3.NSO.1.4,42725,,Students round one- to four-digit numbers to the nearest 10. Information Related Standards 1,3,"MFAS, rounding, place value, tens",https://www.cpalms.org/PreviewResource/Preview/42725
CPALMS_MFAS,MA.3.NSO.1.4,42728,,"Students round two-, three-, and four-digit numbers to the nearest hundred. Information Related Standards 1",3,"MFAS, rounding, place value, hundreds",https://www.cpalms.org/PreviewResource/Preview/42728
CPALMS_MFAS,MA.3.NSO.1.4,42729,,,3,"MFAS, rounding, place value, tens, hundreds",https://www.cpalms.org/PreviewResource/Preview/42729
CPALMS_MFAS,MA.3.NSO.2.1,39946,,Students are asked to add four two digit numbers using place value. Information Related Standards 1,,"MFAS, tens, ones, place value, two digit numbers, addition, add",https://www.cpalms.org/PreviewResource/Preview/39946
CPALMS_MFAS,MA.3.NSO.2.1,39950,,"Students are asked to add four two digit numbers by considering how another student added ""friendly"" numbers first. Information Related Standards 1",2,"MFAS, tens, ones, place value, two digit numbers, addition, add, commutative, associative",https://www.cpalms.org/PreviewResource/Preview/39950
CPALMS_MFAS,MA.3.NSO.2.1,39954,,Students add four two-digit numbers without the context of a word problem. Information Related Standards 1,2,"MFAS, place value, addition, two-digit numbers",https://www.cpalms.org/PreviewResource/Preview/39954
CPALMS_MFAS,MA.3.NSO.2.1,39957,,Students add four two-digit numbers within the context of a word problem. Information Related Standards 1,2,"MFAS, place value, addition, two-digit numbers",https://www.cpalms.org/PreviewResource/Preview/39957
CPALMS_MFAS,MA.3.NSO.2.1,41297,,Students are asked to add four different pairs of numbers (within 1000) using strategies of their own choosing. Information Related Standards 1,3,"MFAS, addition, fluency",https://www.cpalms.org/PreviewResource/Preview/41297
CPALMS_MFAS,MA.3.NSO.2.1,41298,,Students are asked to complete four subtraction problems (within 1000) using strategies of their own choosing. Information Related Standards 1,3,"MFAS, regrouping, fluency, subtraction",https://www.cpalms.org/PreviewResource/Preview/41298
CPALMS_MFAS,MA.3.NSO.2.1,41433,,Students are asked to complete addition and subtraction problems that can be done more easily by using properties. Information Related Standards 1,3,"MFAS, fluency, addition, subtraction, properties",https://www.cpalms.org/PreviewResource/Preview/41433
CPALMS_MFAS,MA.3.NSO.2.1,42333,,,3,"MFAS, addition, fluency, compensation",https://www.cpalms.org/PreviewResource/Preview/42333
CPALMS_MFAS,MA.3.NSO.2.1,57586,,Students are asked to find the error in a partially completed subtraction problem using the standard algorithm and to solve the problem correctly. Information Related Standards 1,,"MFAS, standard algorithm, subtraction, error",https://www.cpalms.org/PreviewResource/Preview/57586
CPALMS_MFAS,MA.3.NSO.2.1,57587,,Students are asked to solve two subtraction problems using the standard algorithm. Information Related Standards 1,,"MFAS, algorithm, subtraction, regrouping, standard algorithm",https://www.cpalms.org/PreviewResource/Preview/57587
CPALMS_MFAS,MA.3.NSO.2.1,57591,,Students are asked to complete subtraction problems using the standard algorithm. Information Related Standards 1,,"MFAS, subtraction, algorithm, regrouping, standard algorithm",https://www.cpalms.org/PreviewResource/Preview/57591
CPALMS_MFAS,MA.3.NSO.2.1,57731,,Students are asked to solve two addition problems using the standard algorithm. Information Related Standards 1,,"MFAS, algorithm, addition, regrouping, standard algorithm",https://www.cpalms.org/PreviewResource/Preview/57731
CPALMS_MFAS,MA.3.NSO.2.2,40278,,Students are asked to explain what 5 x 7 means and to provide a real-world context for 5 x 7. Information Related Standards 1,3,"MFAS, multiplication, factors, product",https://www.cpalms.org/PreviewResource/Preview/40278
CPALMS_MFAS,MA.3.NSO.2.2,40279,,"Students are asked to explain how to use a number line for multiplying, in the context of a word problem. Information Related Standards 1",3,"MFAS, multiplication, number line",https://www.cpalms.org/PreviewResource/Preview/40279
CPALMS_MFAS,MA.3.NSO.2.2,40281,,Students are asked to write multiplication word problems prompted by pictures and then to write both an addition and a multiplication expression that can be used to solve the problem. Information Related Standards 1,3,"MFAS, repeated addition, multiplication",https://www.cpalms.org/PreviewResource/Preview/40281
CPALMS_MFAS,MA.3.NSO.2.2,45216,,"Students are asked to explain how to use a number line for dividing, in the context of a word problem. Information Related Standards 1",3,"MFAS, division, number line",https://www.cpalms.org/PreviewResource/Preview/45216
CPALMS_MFAS,MA.3.NSO.2.2,45217,,Students are asked to illustrate a division problem and write a corresponding equation. Information Related Standards 1,3,"MFAS, division, interpret, equation",https://www.cpalms.org/PreviewResource/Preview/45217
CPALMS_MFAS,MA.3.NSO.2.2,54921,,Students read a multiplicative comparison word problem and are asked to write an equation that matches the problem. Information Related Standards 1,,"MFAS, multiplicative comparison, equation",https://www.cpalms.org/PreviewResource/Preview/54921
CPALMS_MFAS,MA.3.NSO.2.2,54922,,Students write an equation to match a given word problem. Information Related Standards 1,,"MFAS, compare, multiplication, times, word problem",https://www.cpalms.org/PreviewResource/Preview/54922
CPALMS_MFAS,MA.3.NSO.2.2,54979,,Students discuss the relationship between the lengths of two snakes in a multiplicative comparison problem that includes an equation. Information Related Standards 1,,"MFAS, multiplicative comparison, interpret, relationship, multiplication",https://www.cpalms.org/PreviewResource/Preview/54979
CPALMS_MFAS,MA.3.NSO.2.2,54981,,Students are given a context for a multiplicative comparison and asked to explain the comparison. Information Related Standards 1,,"MFAS, multiplicative comparison, multiplication",https://www.cpalms.org/PreviewResource/Preview/54981
CPALMS_MFAS,MA.3.NSO.2.3,46889,,"Students are asked to consider how using an easier, known fact could help them solve a related multiplication problem with a multiple of 10. Information Related Standards 1",3,"MFAS, multiply, multiple of 10",https://www.cpalms.org/PreviewResource/Preview/46889
CPALMS_MFAS,MA.3.NSO.2.3,46891,,"Students are asked to explain why, when multiplying by a power of 10, the product has a zero in the ones place. Information Related Standards 1",3,"MFAS, multiply, ten, powers",https://www.cpalms.org/PreviewResource/Preview/46891
CPALMS_MFAS,MA.3.NSO.2.3,46892,,Students are asked to explain how the knowing the product of nine and three can help in finding the product of nine and 30. Information Related Standards 1,3,"MFAS, Ten, multiplication, zero, solution",https://www.cpalms.org/PreviewResource/Preview/46892
CPALMS_MFAS,MA.3.NSO.2.3,46893,,Students consider the solution to a multiplication problem and explain their thinking. Information Related Standards 1,3,"MFAS, ten, multiplication, zero, solution",https://www.cpalms.org/PreviewResource/Preview/46893
CPALMS_MFAS,MA.3.NSO.2.4,40282,,Students are given a context for a multiplication problem and asked to determine how to solve it and what the product means. Information Related Standards 1,3,"MFAS, multiplication, product, rate",https://www.cpalms.org/PreviewResource/Preview/40282
CPALMS_MFAS,MA.3.NSO.2.4,44498,,Students are assessed for fluency with division. Information Related Standards 1,3,"MFAS, division, fluency",https://www.cpalms.org/PreviewResource/Preview/44498
CPALMS_MFAS,MA.3.NSO.2.4,44499,,Students are assessed for fluency with multiplication. Information Related Standards 1,3,"MFAS, multiplication, fluency",https://www.cpalms.org/PreviewResource/Preview/44499
CPALMS_MFAS,MA.3.NSO.2.4,44500,,Students are assessed on their fluency with multiplication facts for the products of two one-digit numbers. Information Related Standards 1,3,"MFAS, multiplication, fluency, facts, products",https://www.cpalms.org/PreviewResource/Preview/44500
CPALMS_MFAS,MA.3.NSO.2.4,44502,,Students are asked to describe two different ways to find the product of two numbers. Information Related Standards 1,3,"MFAS, fact, fluency, strategies, efficiency, flexibility",https://www.cpalms.org/PreviewResource/Preview/44502
CPALMS_MFAS,MA.3.NSO.2.4,45215,,Students are given division word problem and asked to determine how it might have been solved and what the quotient means. Information Related Standards 1,3,"MFAS, division, quotient",https://www.cpalms.org/PreviewResource/Preview/45215
CPALMS_MFAS,MA.3.FR.1.1,41209,,"Students divide a hexagon into two, three, and six equal parts and write the unit fraction representing each part. Information Related Standards 1",3,"MFAS, equal parts, unit fraction, numerator, denominator, area",https://www.cpalms.org/PreviewResource/Preview/41209
CPALMS_MFAS,MA.3.FR.1.1,41221,,"Students divide figures into two parts, each having the same area, and write the unit fraction representing each part. Information Related Standards 1",3,"MFAS, equal parts, unit fraction, numerator, denominator, area",https://www.cpalms.org/PreviewResource/Preview/41221
CPALMS_MFAS,MA.3.FR.1.1,41224,,Students partition a rectangle into four equal parts and describe each part using a fraction. Information Related Standards 1,3,"MFAS, fraction, partition, portion, piece, whole, part",https://www.cpalms.org/PreviewResource/Preview/41224
CPALMS_MFAS,MA.3.FR.1.1,41237,,Students partition an irregular hexagon into two equal parts and describe each part using a unit fraction. Information Related Standards 1,3,"MFAS, fraction, partition, portion, piece, whole, part",https://www.cpalms.org/PreviewResource/Preview/41237
CPALMS_MFAS,MA.3.FR.1.1,43392,,Students are shown the fraction one fifth and asked to describe what it means. Information Related Standards 1,3,"MFAS, fraction, numerator, denominator, divided, part, whole, pieces, equal",https://www.cpalms.org/PreviewResource/Preview/43392
CPALMS_MFAS,MA.3.FR.1.1,43394,,Students are shown three circles and asked to select the one that correctly shows one third shaded and explain why the other two do not. Information Related Standards 1,3,"MFAS, fraction, numerator, denominator, divided, part, whole, pieces, equal, circle, third",https://www.cpalms.org/PreviewResource/Preview/43394
CPALMS_MFAS,MA.3.FR.1.2,43384,,Students are read a word problem about a wall being painted and asked to describe what three-eighths of the wall means. Information Related Standards 1,3,"MFAS, fraction, numerator, denominator, divided, part, whole, pieces, equal",https://www.cpalms.org/PreviewResource/Preview/43384
CPALMS_MFAS,MA.3.FR.1.2,43389,,Students are read a word problem about a student who has run three-fourths of a race and asked to describe what that means. Information Related Standards 1,3,"MFAS, fraction, numerator, denominator, divided, part, whole, pieces, equal",https://www.cpalms.org/PreviewResource/Preview/43389
CPALMS_MFAS,MA.3.FR.1.2,44678,,Students are asked to divide two rectangles into fourths and then to consider how many fourths the two wholes represent. Information Related Standards 1,3,"MFAS, fraction, area model, fraction greater than one, equivalent",https://www.cpalms.org/PreviewResource/Preview/44678
CPALMS_MFAS,MA.3.FR.2.1,44672,,"Students are asked to locate five-eighths on a number line that has been anchored by zero and one, but that has not yet been scaled. Information Related Standards 1",3,"MFAS, number line, fraction, interval",https://www.cpalms.org/PreviewResource/Preview/44672
CPALMS_MFAS,MA.3.FR.2.1,44673,,Students are asked to use a number line that includes the location of zero and one-sixth to find the location of four-sixths. Information Related Standards 1,3,"MFAS, number line, fraction, interval",https://www.cpalms.org/PreviewResource/Preview/44673
CPALMS_MFAS,MA.3.FR.2.1,44674,,Students are given four number line diagrams and asked to choose the one that correctly shows the location of one-third. Information Related Standards 1,3,MFAS,https://www.cpalms.org/PreviewResource/Preview/44674
CPALMS_MFAS,MA.3.FR.2.1,44675,,Students are asked to scale a number line from zero to one so that they can find the location of three-fourths. Information Related Standards 1,3,"MFAS, number line, scale, fraction, interval",https://www.cpalms.org/PreviewResource/Preview/44675
CPALMS_MFAS,MA.3.FR.2.1,44751,,Students compare two fractional parts of two different wholes. Information Related Standards 1,3,"MFAS, fractions, compare, whole, numerator, denominator",https://www.cpalms.org/PreviewResource/Preview/44751
CPALMS_MFAS,MA.3.FR.2.1,44752,,Students compare two pairs of fractions and record their comparisons using the less than or greater than symbols. Information Related Standards 1,,"MFAS, fractions, compare, numerator, denominator",https://www.cpalms.org/PreviewResource/Preview/44752
CPALMS_MFAS,MA.3.FR.2.2,44676,,Students are given a number line scaled by fourths and ask to label the notches. Information Related Standards 1,3,"MFAS, fraction, area model, fraction greater than one, equivalent, model",https://www.cpalms.org/PreviewResource/Preview/44676
CPALMS_MFAS,MA.3.FR.2.2,44677,,Students are given a familiar fraction and asked to generate an equivalent fraction justifying their reasoning. Information Related Standards 1,3,"MFAS, fraction, number line, distance, equivalent, model",https://www.cpalms.org/PreviewResource/Preview/44677
CPALMS_MFAS,MA.3.FR.2.2,44757,,Students determine whether or not fractions are equivalent. Information Related Standards 1,3,"MFAS, fractions, equivalence, equal part",https://www.cpalms.org/PreviewResource/Preview/44757
CPALMS_MFAS,MA.3.AR.1.1,40347,,"Students are given two arrays, one representing the equation 7 x 9 = 63 and the other representing the equation (5 + 2) x 9 = 63, to see if they recognize a relationship between the two. Information Related Standards 1",3,"MFAS, array, multiplication, Distributive Property",https://www.cpalms.org/PreviewResource/Preview/40347
CPALMS_MFAS,MA.3.AR.1.1,40349,,"Students are given two problems to solve, one represented by the equation 4 x 6 = 24 and the other by the equation 6 x 4 = 24, to see if they recognize the answer to the second problem based on the Commutative Property. Information Related Standards 1",3,"MFAS, multiplication, Commutative Property",https://www.cpalms.org/PreviewResource/Preview/40349
CPALMS_MFAS,MA.3.AR.1.1,40357,,Students are asked to find the product of three numbers and are observed to see if they use the Associative Property to find the product more easily. Information Related Standards 1,3,"MFAS, Associative Property, multiplication, division",https://www.cpalms.org/PreviewResource/Preview/40357
CPALMS_MFAS,MA.3.AR.1.1,46899,,Students are presented with a rectangular area model and asked to write an equation that represents the distributive property. Information Related Standards 2,3,"MFAS, array, distributive property, dimension, prove",https://www.cpalms.org/PreviewResource/Preview/46899
CPALMS_MFAS,MA.3.AR.1.2,41299,,Students solve a two-step word problem involving multiplication and subtraction and then write an equation to represent the problem. Information Related Standards 1,3,"MFAS, word problem, two-step, subtraction, reasonableness, equation, multiplication",https://www.cpalms.org/PreviewResource/Preview/41299
CPALMS_MFAS,MA.3.AR.1.2,41307,,Students solve a two-step word problem involving subtraction and division and then choose an equation that represents the word problem. Information Related Standards 1,3,"MFAS, word problem, two-step, subtraction, division, reasonableness, equation",https://www.cpalms.org/PreviewResource/Preview/41307
CPALMS_MFAS,MA.3.AR.1.2,41309,,Students solve a two-step word problem involving addition and division and then write an equation to represent the problem. Information Related Standards 1,3,"MFAS, word problem, two-step, addition, division, reasonableness, equation",https://www.cpalms.org/PreviewResource/Preview/41309
CPALMS_MFAS,MA.3.AR.1.2,41429,,Students solve a two-step problem requiring multiplication and addition and then write an equation to represent the problem. Information Related Standards 1,3,"MFAS, word problem, two-step, multiplication, addition, reasonableness, equation",https://www.cpalms.org/PreviewResource/Preview/41429
CPALMS_MFAS,MA.3.AR.1.2,42875,,Students are asked to model an equal groups and an array problem in which the product is unknown with multiplication or division equations and then solve each problem. Information Related Standards 1,3,"MFAS, multiplication, product, equal groups, arrays",https://www.cpalms.org/PreviewResource/Preview/42875
CPALMS_MFAS,MA.3.AR.1.2,42876,,Students are asked to model an equal groups and an array problem in which the group size is unknown with multiplication or division equations and then solve each problem. Information Related Standards 1,3,"MFAS, multiplication, division, group size",https://www.cpalms.org/PreviewResource/Preview/42876
CPALMS_MFAS,MA.3.AR.1.2,43379,,Students are asked to model an equal groups and an array problem in which the number of groups is unknown with multiplication or division equations and then solve each problem. Information Related Standards 1,3,"MFAS, multiplication, division, number of groups",https://www.cpalms.org/PreviewResource/Preview/43379
CPALMS_MFAS,MA.3.AR.1.2,45214,,Students are asked to solve a division equation and then interpret the quotient by writing a word problem that can be modeled by the equation. Information Related Standards 1,3,"MFAS, equation, division, interpret division",https://www.cpalms.org/PreviewResource/Preview/45214
CPALMS_MFAS,MA.3.AR.2.1,40385,,Students are asked to solve a division problem using a calculator but without using the division key. Information Related Standards 1,3,"MFAS, division, multiplication, inverse operations",https://www.cpalms.org/PreviewResource/Preview/40385
CPALMS_MFAS,MA.3.AR.2.1,40388,,"Students consider a division fact that they are likely to know and are asked to turn it into a multiplication fact. If successful, they are asked to rewrite a basic division fact that they are not likely to know and which has a symbol for the unknown number. Information Related Standards 1",3,"MFAS, division, multiplication, inverse",https://www.cpalms.org/PreviewResource/Preview/40388
CPALMS_MFAS,MA.3.AR.2.1,40390,,Students are given a word problem and asked to write an equation for the problem. Then the students are to select a multiplication equation that can also be used to solve the problem. Information Related Standards 1,3,"MFAS, multiplication, division, inverse operations",https://www.cpalms.org/PreviewResource/Preview/40390
CPALMS_MFAS,MA.3.AR.2.1,40393,,"Students are told of a visiting alien from a planet where division is not taught, and asked to rewrite four division problems as multiplication problems so the alien can do them. The students are also asked to explain why it might be easier to do the multiplication problems than the given division problem. Information Related Standards 1",3,"MFAS, division, multiplication, inverse operations",https://www.cpalms.org/PreviewResource/Preview/40393
CPALMS_MFAS,MA.3.AR.2.2,40363,,Students are asked if the Commutative Property holds for division. Information Related Standards 1,3,"MFAS, Commutative Property, multiplication, division",https://www.cpalms.org/PreviewResource/Preview/40363
CPALMS_MFAS,MA.3.AR.2.3,44759,,Students are given multiplication equations with products within 50 and are asked to find missing numbers. The missing numbers are presented in all positions. Information Related Standards 1,3,"MFAS, unknown number, equal sign, equality, multiplication equations",https://www.cpalms.org/PreviewResource/Preview/44759
CPALMS_MFAS,MA.3.AR.2.3,44760,,Students are given division equations involving numbers within 50 and are asked to find missing numbers. The missing numbers are presented in all positions. Information Related Standards 1,3,"MFAS, missing number, equal sign, equality, division equations",https://www.cpalms.org/PreviewResource/Preview/44760
CPALMS_MFAS,MA.3.AR.2.3,44761,,Students are given multiplication and division equations within 50 and are asked to find missing numbers. The missing numbers are presented in all positions. Information Related Standards 1,3,"MFAS, unknown number, equal sign, equality, multiplication equations, division equations",https://www.cpalms.org/PreviewResource/Preview/44761
CPALMS_MFAS,MA.3.AR.2.3,44764,,Students are given multiplication and division equations within 100 and asked to find the missing numbers. The missing numbers are presented in all positions. Information Related Standards 1,3,"MFAS, unknown number, equal sign, equality, multiplication equations, division equations",https://www.cpalms.org/PreviewResource/Preview/44764
CPALMS_MFAS,MA.3.AR.3.2,55154,,"Students determine if a given number is a multiple of six, both with and without context. Information Related Standards 1",,"MFAS, multiple, skip count, factors",https://www.cpalms.org/PreviewResource/Preview/55154
CPALMS_MFAS,MA.3.AR.3.3,42699,,Students are asked to consider what type of number results when adding two odd numbers and when adding three odd numbers. Information Related Standards 1,3,"MFAS, odd, even, addition, sum, generalization",https://www.cpalms.org/PreviewResource/Preview/42699
CPALMS_MFAS,MA.3.AR.3.3,42712,,Students are asked to determine if the total number of students in five classes will be even or odd. Information Related Standards 1,3,"MFAS, even, odd, pattern, addition, multiplication",https://www.cpalms.org/PreviewResource/Preview/42712
CPALMS_MFAS,MA.3.AR.3.3,42713,,Students are asked to find the missing numbers in a column of a multiplication table by using a pattern found within the table. Information Related Standards 1,3,"MFAS, pattern, multiplication, equation",https://www.cpalms.org/PreviewResource/Preview/42713
CPALMS_MFAS,MA.3.AR.3.3,42714,,Students are presented with an equation and asked to find a pattern within the equation and to determine if the equation is true or not. Information Related Standards 1,3,"MFAS, pattern, multiplication, equation",https://www.cpalms.org/PreviewResource/Preview/42714
CPALMS_MFAS,MA.3.AR.3.3,42716,,"Students are asked to consider the parity of the sums of two even numbers, two odd numbers, and an even and an odd. Information Related Standards 1",3,"MFAS, odd, even, sum, generalize, pattern",https://www.cpalms.org/PreviewResource/Preview/42716
CPALMS_MFAS,MA.3.M.1.1,42730,,Students are asked to estimate the mass (in grams) of a stapler and then are asked to determine its actual mass using a scale or balance. Information Related Standards 1,3,"MFAS, mass, volume, word problem, grams, mL, milliliters, amount",https://www.cpalms.org/PreviewResource/Preview/42730
CPALMS_MFAS,MA.3.M.1.1,42731,,Students are asked to estimate the volume (in liters) of a container and then are asked to determine its actual volume using beakers. Information Related Standards 1,3,"MFAS, mass, volume, word problem, grams, liters, L, amount",https://www.cpalms.org/PreviewResource/Preview/42731
CPALMS_MFAS,MA.3.M.1.1,45671,,Students determine the length of the teacher's shoe to the nearest quarter inch. Information Related Standards 1,3,"MFAS, measure, length, inch, half-inch, quarter-inch",https://www.cpalms.org/PreviewResource/Preview/45671
CPALMS_MFAS,MA.3.M.1.1,45673,,Students are asked to measure their pencils to the nearest quarter inch. Information Related Standards 1,3,"MFAS, measure, length, inch, half-inch, quarter-inch",https://www.cpalms.org/PreviewResource/Preview/45673
CPALMS_MFAS,MA.3.M.1.2,42451,,Students solve two one-step word problems about mass and volume. Information Related Standards 1,3,"MFAS, mass, volume, word problem, grams, liters",https://www.cpalms.org/PreviewResource/Preview/42451
CPALMS_MFAS,MA.3.M.1.2,42732,,Students solve two one-step word problems about mass and volume. Information Related Standards 1,3,"MFAS, mass, volume, word problem, grams, mL, milliliters, amount",https://www.cpalms.org/PreviewResource/Preview/42732
CPALMS_MFAS,MA.3.M.1.2,43380,,Students are asked to model a multiplication and a division problem that involve measurement quantities with multiplication and division equations and then solve each problem. Information Related Standards 1,3,"MFAS, multiplication, division, measurement quantities",https://www.cpalms.org/PreviewResource/Preview/43380
CPALMS_MFAS,MA.3.M.1.2,46247,,Students determine the distance walked by a student on her way home from her friend's house. Information Related Standards 1,2,"MFAS, meters, distance, total",https://www.cpalms.org/PreviewResource/Preview/46247
CPALMS_MFAS,MA.3.M.2.1,45557,,Students determine time shown on an analog clock to the nearest minute. Information Related Standards 1,3,"MFAS, time, clock, analog clock",https://www.cpalms.org/PreviewResource/Preview/45557
CPALMS_MFAS,MA.3.M.2.2,45558,,Students determine time intervals in minutes given a starting time and an ending time on analog clocks. Information Related Standards 1,3,"MFAS, time, clock, analog clock",https://www.cpalms.org/PreviewResource/Preview/45558
CPALMS_MFAS,MA.3.M.2.2,45669,,Students are asked to solve two subtraction problems involving time. Information Related Standards 1,3,"MFAS, time, subtraction",https://www.cpalms.org/PreviewResource/Preview/45669
CPALMS_MFAS,MA.3.M.2.2,45670,,Students are asked to solve two addition problems involving time. Information Related Standards 1,3,"MFAS, time, addition",https://www.cpalms.org/PreviewResource/Preview/45670
CPALMS_MFAS,MA.3.GR.1.1,68848,,"Students are asked to draw parallel lines, perpendicular lines, a point, and a line segment. Students also explain how a line segment is different from a ray or line. Information Related Standards 1",,"MFAS, point, line, line segment, ray, parallel, perpendicular",https://www.cpalms.org/PreviewResource/Preview/68848
CPALMS_MFAS,MA.3.GR.1.1,68851,,"Students locate points, lines, line segments, and rays in a given diagram. Information Related Standards 1",,"MFAS, line, line segment, point, ray",https://www.cpalms.org/PreviewResource/Preview/68851
CPALMS_MFAS,MA.3.GR.1.1,68855,,Students are asked to identify parallel and perpendicular sides and explain how they know. Information Related Standards 1,,"MFAS, parallel, perpendicular, 90 degrees, intersect, straight lines",https://www.cpalms.org/PreviewResource/Preview/68855
CPALMS_MFAS,MA.3.GR.1.2,40394,,Students are asked to describe attributes shared by three shapes and to identify a larger category into which these shapes can be placed. Information Related Standards 1,3,"MFAS, rhombus, quadrilateral, rectangle, square, shape, group, polygon",https://www.cpalms.org/PreviewResource/Preview/40394
CPALMS_MFAS,MA.3.GR.1.2,40397,,"Students are asked to draw a shape with four sides that is not a rhombus, rectangle, or square. Information Related Standards 1",3,"MFAS, rhombus, quadrilateral, rectangle, square, shape, group, polygon",https://www.cpalms.org/PreviewResource/Preview/40397
CPALMS_MFAS,MA.3.GR.1.2,40399,,Students are asked to describe attributes shared by three shapes and to identify a larger category into which these shapes can be placed. Information Related Standards 1,3,"MFAS, rhombus, quadrilateral, rectangle, square, shape, group, polygon",https://www.cpalms.org/PreviewResource/Preview/40399
CPALMS_MFAS,MA.3.GR.1.2,46470,,Students are shown a quadrilateral and asked to identify it. Then students are asked to draw another example of a quadrilateral that is different from the one that they were shown. Information Related Standards 1,,"MFAS, rectangle, quadrilaterals, four, polygons",https://www.cpalms.org/PreviewResource/Preview/46470
CPALMS_MFAS,MA.3.GR.1.2,70634,,Students are asked to use shape descriptions to sketch shapes and explain why some cannot be sketched. Information Related Standards 1,,"MFAS, classify, shape, quadrilateral, angle, parallelogram, rectangle, rhombus, trapezoid",https://www.cpalms.org/PreviewResource/Preview/70634
CPALMS_MFAS,MA.3.GR.1.3,70638,,Students are asked to determine how many lines of symmetry a square has by drawing the lines of symmetry. Students then consider whether all quadrilaterals have four lines of symmetry. Information Related Standards 1,,"MFAS, square, lines of symmetry, symmetry, quadrilateral",https://www.cpalms.org/PreviewResource/Preview/70638
CPALMS_MFAS,MA.3.GR.1.3,70639,,"Students are asked to use a line of symmetry to complete a drawing. Additionally, they consider how to describe a line of symmetry. Information Related Standards 1",,"MFAS, line, symmetry, flip, mirror image",https://www.cpalms.org/PreviewResource/Preview/70639
CPALMS_MFAS,MA.3.GR.1.3,70640,,Students are asked to identify line-symmetric figures and then draw the lines of symmetry. Information Related Standards 1,,"MFAS, symmetry, two-dimensional figures, line-symmetric figures, mirror",https://www.cpalms.org/PreviewResource/Preview/70640
CPALMS_MFAS,MA.3.GR.1.3,70641,,Students are asked to determine if lines drawn on two-dimensional figures are lines of symmetry and to explain their decisions. Information Related Standards 1,,"MFAS, symmetry, two-dimensional figures",https://www.cpalms.org/PreviewResource/Preview/70641
CPALMS_MFAS,MA.3.GR.2.1,43566,,Students are given a diagram showing a garden shaped like an irregular hexagon and are asked to find the area by counting the number of unit squares the figure contains. Information Related Standards 1,3,"MFAS, area, square units",https://www.cpalms.org/PreviewResource/Preview/43566
CPALMS_MFAS,MA.3.GR.2.1,43576,,Students are given a diagram showing a rectangular dog run and asked to find its area. Information Related Standards 1,3,"Unit squares, area",https://www.cpalms.org/PreviewResource/Preview/43576
CPALMS_MFAS,MA.3.GR.2.1,43580,,Students determine the area of a right trapezoid. Information Related Standards 1,3,"MFAS, right trapezoid, area, square unit",https://www.cpalms.org/PreviewResource/Preview/43580
CPALMS_MFAS,MA.3.GR.2.1,43586,,Students determine the area of a right triangle. Information Related Standards 1,3,"MFAS, right triangle, area, square unit",https://www.cpalms.org/PreviewResource/Preview/43586
CPALMS_MFAS,MA.3.GR.2.1,44779,,Students discuss the meaning of area and are asked about the kinds of figures for which area can be calculated. Information Related Standards 1,3,"MFAS, area, unit square, side length, calculate",https://www.cpalms.org/PreviewResource/Preview/44779
CPALMS_MFAS,MA.3.GR.2.1,44780,,Students are asked to evaluate another student's area calculation that involves overlapping tiles. Information Related Standards 1,3,"MFAS, tiles, unit square, overlap, area, rectangle",https://www.cpalms.org/PreviewResource/Preview/44780
CPALMS_MFAS,MA.3.GR.2.1,44792,,Students are asked to explain how the area of a rectangle can be calculated and their responses are examined for references to the unit square as the unit of measurement. Information Related Standards 1,3,"MFAS, area, unit square, side length, calculate",https://www.cpalms.org/PreviewResource/Preview/44792
CPALMS_MFAS,MA.3.GR.2.1,44795,,Students consider whether tiling a rectangle with different sized tiles is appropriate when calculating area. Information Related Standards 1,3,"MFAS, tiling, unit square, rectangle, area",https://www.cpalms.org/PreviewResource/Preview/44795
CPALMS_MFAS,MA.3.GR.2.1,46272,,Students are given a rectangle with one unit square (same size square) drawn in the corner of the rectangle. Students are asked to draw the remaining unit squares and then find the total number of unit squares in the rectangle. Information Related Standards 1,,"MFAS, unit square, same size square, area, partition, rectangle",https://www.cpalms.org/PreviewResource/Preview/46272
CPALMS_MFAS,MA.3.GR.2.1,46273,,Students are given a rectangle with one column and one row of unit squares (same size squares) drawn. Students are asked to complete and then find the total number of same size squares in the partition. Information Related Standards 1,,"MFAS, unit square, area, partition, rectangle, same size squares",https://www.cpalms.org/PreviewResource/Preview/46273
CPALMS_MFAS,MA.3.GR.2.1,46278,,Students are given a rectangle with tick marks drawn horizontally on one side of the rectangle and vertically on the bottom of the rectangle. Students are asked to partition the rectangle into columns and rows and then determine how many unit squares (same-size squares) are in the rectangle. Information Related Standards 1,2,"MFAS, unit square, area, partition, rectangle",https://www.cpalms.org/PreviewResource/Preview/46278
CPALMS_MFAS,MA.3.GR.2.1,46285,,Students are given a rectangle with some columns and rows partially constructed. Students are asked to find how many same-size squares are in the rectangle. Information Related Standards 1,,"MFAS, unit square, area, partition, rectangle, same-size square",https://www.cpalms.org/PreviewResource/Preview/46285
CPALMS_MFAS,MA.3.GR.2.2,46898,,Students determine the area of a rectangle in two different ways. Information Related Standards 1,3,"MFAS, rectangle, area, dimension, tiling",https://www.cpalms.org/PreviewResource/Preview/46898
CPALMS_MFAS,MA.3.GR.2.3,46896,,Students are asked to find the areas of two rectangular figures and are observed to determine if they use multiplication. Information Related Standards 1,3,"MFAS, area, length, rectangle, multiplication",https://www.cpalms.org/PreviewResource/Preview/46896
CPALMS_MFAS,MA.3.GR.2.4,46475,,Students are asked to find the perimeters of three different polygons. Information Related Standards 1,3,"MFAS, perimeter, polygons",https://www.cpalms.org/PreviewResource/Preview/46475
CPALMS_MFAS,MA.3.GR.2.4,46897,,Students are given a rectilinear shape and asked to find its area. Information Related Standards 1,3,"MFAS, area, decomposition, rectilinear figures",https://www.cpalms.org/PreviewResource/Preview/46897
CPALMS_MFAS,MA.3.DP.1.1,44767,,Students are asked to sort a set of data and create a scaled bar graph using their sorted data. Information Related Standards 1,3,"MFAS, scaled bar graph, sort, data",https://www.cpalms.org/PreviewResource/Preview/44767
CPALMS_MFAS,MA.3.DP.1.1,44772,,Students are asked to create a pictograph from a given set of data. Information Related Standards 1,3,"MFAS, picture graph, scale, data, key",https://www.cpalms.org/PreviewResource/Preview/44772
CPALMS_MFAS,MA.3.DP.1.1,44776,,Students are asked to create a scaled bar graph from a given set of data. Information Related Standards 1,3,"MFAS, scaled bar graph, data",https://www.cpalms.org/PreviewResource/Preview/44776
CPALMS_MFAS,MA.3.DP.1.1,45672,,Students make a line plot displaying measurements found in Part One of this task. Information Related Standards 1,3,"MFAS, line plot, measurement, length, inch, half-inch, fourth-inch",https://www.cpalms.org/PreviewResource/Preview/45672
CPALMS_MFAS,MA.3.DP.1.1,45674,,Students make a line plot from a set of measurement data that includes measurements to the nearest fourth of an inch. Information Related Standards 1,3,"MFAS, line plot, measurement data, half-inch, fourth-inch",https://www.cpalms.org/PreviewResource/Preview/45674
CPALMS_MFAS,MA.3.DP.1.1,46268,,Students make a line plot from a set of measurement data that includes measurements to the nearest whole centimeter. Information Related Standards 1,,"MFAS, line plot, measurement, data, whole unit, centimeter",https://www.cpalms.org/PreviewResource/Preview/46268
CPALMS_MFAS,MA.3.DP.1.1,46271,,Students make a line plot from a set of measurement data that includes measurements to the nearest whole inch. Information Related Standards 1,,"MFAS, line plot, measurement data, whole unit",https://www.cpalms.org/PreviewResource/Preview/46271
CPALMS_MFAS,MA.3.DP.1.2,44766,,Students answer questions about a scaled bar graph. Information Related Standards 1,3,"MFAS, bar graph, scale, one-step, two-step, more, less",https://www.cpalms.org/PreviewResource/Preview/44766
CPALMS_MFAS,MA.4.NSO.1.1,55587,,Students are given three-digit numbers in the context of a word problem and are asked to tell how much greater the digit in the tens place is than the digit in the ones place. Information Related Standards 1,4,"MFAS, ten times, place value, digit, tens, ones, base ten",https://www.cpalms.org/PreviewResource/Preview/55587
CPALMS_MFAS,MA.4.NSO.1.1,55856,,Students are asked to consider the number 777 and how each of the digits in the number are related. Information Related Standards 1,4,"MFAS, ones, tens, hundreds, place value, digit, base ten",https://www.cpalms.org/PreviewResource/Preview/55856
CPALMS_MFAS,MA.4.NSO.1.1,55857,,Students are given opportunities to explain the relationship between place value and the power of ten in multiplying and dividing. Information Related Standards 1,4,"MFAS, power of ten, place value, base ten, multiplying, dividing, digit",https://www.cpalms.org/PreviewResource/Preview/55857
CPALMS_MFAS,MA.4.NSO.1.1,55858,,Students are asked to compare the value of the digit three in 35 baseball cards to the value of the digit three in 350 baseball cards. Information Related Standards 1,4,"MFAS, place value, compare, ten times, place value, digit, tens, hundreds, base ten",https://www.cpalms.org/PreviewResource/Preview/55858
CPALMS_MFAS,MA.4.NSO.1.1,56854,,Students are asked to find of 500 and are assessed on the use of their knowledge of the base-ten number system. Information Related Standards 1,,"MFAS, base-ten, place value, one tenth, hundreds, ten",https://www.cpalms.org/PreviewResource/Preview/56854
CPALMS_MFAS,MA.4.NSO.1.2,56129,,Students are asked to read aloud several numbers that are greater than one thousand. Information Related Standards 1,4,"MFAS, read numbers",https://www.cpalms.org/PreviewResource/Preview/56129
CPALMS_MFAS,MA.4.NSO.1.2,56131,,"Students compare two numbers, one given in word form and the other given in expanded form. Information Related Standards 2",4,"MFAS, number names, base-ten numeral, expanded form, standard form, word form, compare, symbols",https://www.cpalms.org/PreviewResource/Preview/56131
CPALMS_MFAS,MA.4.NSO.1.2,56136,,Students will write the number name (word form) of a number when given the base-ten numeral (standard form). Information Related Standards 1,4,"MFAS, multi-digit whole numbers, base-ten numerals, number names, standard form, word form",https://www.cpalms.org/PreviewResource/Preview/56136
CPALMS_MFAS,MA.4.NSO.1.2,56139,,Students are asked to write numbers in both standard form (as base ten numerals) and expanded form. Information Related Standards 1,4,"MFAS, multi-digit whole numbers, base-ten numerals, expanded form",https://www.cpalms.org/PreviewResource/Preview/56139
CPALMS_MFAS,MA.4.NSO.1.3,56138,,Students are asked to compare two numbers in the context of a word problem and write an inequality statement showing the relationship between the numbers. Information Related Standards 1,4,"MFAS, number comparisons, inequality, symbols, place value",https://www.cpalms.org/PreviewResource/Preview/56138
CPALMS_MFAS,MA.4.NSO.1.4,56180,,Students are asked to round four numbers to different places and explain their reasoning. Information Related Standards 1,4,"MFAS, round, thousands, close, five or more, rounding rules",https://www.cpalms.org/PreviewResource/Preview/56180
CPALMS_MFAS,MA.4.NSO.1.4,56249,,Students are asked to round four numbers to the thousands place and explain their reasoning Information Related Standards 1,4,"MFAS, round, thousands, close, five or more, rounding rules",https://www.cpalms.org/PreviewResource/Preview/56249
CPALMS_MFAS,MA.4.NSO.1.5,63164,,"Students are asked to compare four pairs of decimals using the less than , greater than , or equal to symbols. Information Related Standards 1",4,"MFAS, compare, decimals, place value, inequalities, symbols, hundredths, tenths",https://www.cpalms.org/PreviewResource/Preview/63164
CPALMS_MFAS,MA.4.NSO.1.5,63165,,Students are asked to consider two grids with different sized wholes and determine if both models show four-tenths. Information Related Standards 1,4,"MFAS, compare, hundredths, tenths, grids",https://www.cpalms.org/PreviewResource/Preview/63165
CPALMS_MFAS,MA.4.NSO.1.5,63166,,"Students are asked to compare decimals by drawing a visual model and record the comparison using the less than , greater than , or equal to symbol. Information Related Standards 1",4,"MFAS, decimal, number comparisons, visual decimal model, decimal grid, inequality, symbol",https://www.cpalms.org/PreviewResource/Preview/63166
CPALMS_MFAS,MA.4.NSO.1.5,63167,,Students are asked to compare two pairs of decimals in the context of word problems and to record a comparison using an inequality symbol. Information Related Standards 1,4,"MFAS, decimal, number comparisons, inequality, symbol, reasoning about size, compare, place value",https://www.cpalms.org/PreviewResource/Preview/63167
CPALMS_MFAS,MA.4.NSO.2.2,58628,,Students are asked to multiply a four-digit number by a one-digit number using a strategy based on place value. Information Related Standards 1,4,"MFAS, multiplication, four-digit, one digit, word problem, context, partial products",https://www.cpalms.org/PreviewResource/Preview/58628
CPALMS_MFAS,MA.4.NSO.2.2,58629,,Students are asked to solve two multiplication problems using a partial products strategy. Information Related Standards 1,4,"MFAS, multiplication, break apart, decompose, multiply, product, partial product, place value",https://www.cpalms.org/PreviewResource/Preview/58629
CPALMS_MFAS,MA.4.NSO.2.2,58630,,"Students are asked to multiply a four-digit number by a one-digit number and two, two-digit numbers using an array or area model. Information Related Standards 1",4,"MFAS, array model, area model, multiplication, place value, decompose, multiply, product",https://www.cpalms.org/PreviewResource/Preview/58630
CPALMS_MFAS,MA.4.NSO.2.3,58631,,Students are asked to multiply a pair of two-digit numbers using a strategy based on place value. Information Related Standards 1,4,"MFAS, word problem, multiplication, rectangular array, area model, partial products, place value, decompose",https://www.cpalms.org/PreviewResource/Preview/58631
CPALMS_MFAS,MA.4.NSO.2.4,58772,,Students are asked to complete a division problem using place value. Information Related Standards 1,4,"MFAS, division, one-digit divisor, partial quotients, place value",https://www.cpalms.org/PreviewResource/Preview/58772
CPALMS_MFAS,MA.4.NSO.2.4,58773,,"Students are asked to interpret a division problem with a one-digit divisor that has been completed using an area model. If the student is successful, he or she is asked to complete a division problem with a one-digit divisor using an area model. Information Related Standards 1",4,"MFAS, division, area, array, decompose, divide",https://www.cpalms.org/PreviewResource/Preview/58773
CPALMS_MFAS,MA.4.NSO.2.4,58775,,Students are asked to solve a division problem using a strategy based on place value. Information Related Standards 1,4,"MFAS, partial quotient, area model, strategy based on place value",https://www.cpalms.org/PreviewResource/Preview/58775
CPALMS_MFAS,MA.4.NSO.2.4,58776,,Students are asked to analyze and explain another student’s division work in terms of a partial quotients strategy and to apply this strategy to another division problem. Information Related Standards 1,4,"MFAS, division, partial quotients, place value",https://www.cpalms.org/PreviewResource/Preview/58776
CPALMS_MFAS,MA.4.NSO.2.5,55146,,Students are asked to use a mental estimation strategy to evaluate the solution of a multistep word problem. Information Related Standards 1,4,"MFAS, estimation, reasonable, product, quotient",https://www.cpalms.org/PreviewResource/Preview/55146
CPALMS_MFAS,MA.4.FR.1.2,61920,,Students are asked to use benchmark fractions to place four decimals on a number line. Information Related Standards 1,4,"MFAS, decimal, fraction, benchmark, number line",https://www.cpalms.org/PreviewResource/Preview/61920
CPALMS_MFAS,MA.4.FR.1.2,61921,,Students are asked to use benchmark decimals to place four fractions on a number line. Information Related Standards 1,4,"MFAS, decimal, fraction, benchmark, number line",https://www.cpalms.org/PreviewResource/Preview/61921
CPALMS_MFAS,MA.4.FR.1.2,61922,,Students are given four fractions and asked to write each in decimal form. Information Related Standards 1,4,"MFAS, fraction, decimal, tenths, hundredths",https://www.cpalms.org/PreviewResource/Preview/61922
CPALMS_MFAS,MA.4.FR.1.2,61925,,Students are given four decimals and asked to write each as a fraction. Information Related Standards 1,4,"MFAS, fraction, decimal, tenths, hundredths",https://www.cpalms.org/PreviewResource/Preview/61925
CPALMS_MFAS,MA.4.FR.1.3,58671,,Students partition squares to model two fractions and then determine if the fractions are equivalent. Information Related Standards 1,4,"MFAS, fraction, equivalent, area model, visual fraction model",https://www.cpalms.org/PreviewResource/Preview/58671
CPALMS_MFAS,MA.4.FR.1.3,58672,,Students use a number line to explain that one-half is equivalent to two-fourths. Information Related Standards 1,4,"MFAS, fraction, half, quarter, number line, equivalence",https://www.cpalms.org/PreviewResource/Preview/58672
CPALMS_MFAS,MA.4.FR.1.3,58777,,"Students scale number lines to locate given fractions, find equivalent fractions, and explain the relationship between equivalent fractions. Information Related Standards 1",4,"MFAS, number line, equivalent, fraction",https://www.cpalms.org/PreviewResource/Preview/58777
CPALMS_MFAS,MA.4.FR.1.3,58778,,Students draw a visual fraction model to determine whether two fractions are equivalent. Information Related Standards 1,4,"MFAS, equivalent fractions, visual fraction model, area model, fraction, number line",https://www.cpalms.org/PreviewResource/Preview/58778
CPALMS_MFAS,MA.4.FR.1.4,57740,,"Students are given three sets of fractions to compare and are asked to record the comparisons using the l ess than, greater than , or equal to symbols. Information Related Standards 1",4,"MFAS, compare, fractions, benchmark fractions, common denominators, inequalities, symbols, visual fraction model",https://www.cpalms.org/PreviewResource/Preview/57740
CPALMS_MFAS,MA.4.FR.1.4,57847,,Students consider the correctness of a model for comparing four-fifths to three-fourths. Information Related Standards 1,4,"MFAS, fraction, area model, equivalence, whole, compare",https://www.cpalms.org/PreviewResource/Preview/57847
CPALMS_MFAS,MA.4.FR.1.4,57899,,Students compare two fractions using benchmark fractions on a number line and record the comparison using the less than or greater than symbol. Information Related Standards 1,4,"MFAS, fractions, compare, numerator, denominator, benchmark fractions",https://www.cpalms.org/PreviewResource/Preview/57899
CPALMS_MFAS,MA.4.FR.1.4,57911,,Students compare two fractions with unlike denominators in the context of a word problem and record the comparison using an inequality symbol. Information Related Standards 1,4,"MFAS, fraction, number comparisons, visual fraction model, number line, area model, inequality, symbol",https://www.cpalms.org/PreviewResource/Preview/57911
CPALMS_MFAS,MA.4.FR.2.1,61465,,Students are asked to use a visual fraction model to decompose three-fifths in two different ways. Information Related Standards 1,4,"MFAS, fraction, unit fraction, decompose, model, addition, visual fraction model",https://www.cpalms.org/PreviewResource/Preview/61465
CPALMS_MFAS,MA.4.FR.2.2,60823,,Students are given pairs of mixed numbers to either add or subtract. Information Related Standards 1,4,"MFAS, like denominators, equivalent fractions, subtraction, addition, mixed numbers, regrouping",https://www.cpalms.org/PreviewResource/Preview/60823
CPALMS_MFAS,MA.4.FR.2.2,61474,,Students are asked to solve a word problem that involves subtracting fractions with like denominators. Students then analyze a word problem involving subtraction of unlike unit quantities. Information Related Standards 1,4,"MFAS, subtraction, fractions, unit quantities, denominators",https://www.cpalms.org/PreviewResource/Preview/61474
CPALMS_MFAS,MA.4.FR.2.3,61503,,Students are asked if an equation involving the sum of two fractions is true or false.  Then students are asked to find the sum of two fractions. Information Related Standards 1,4,"MFAS, tenths, hundredths, addition, fractions, equation",https://www.cpalms.org/PreviewResource/Preview/61503
CPALMS_MFAS,MA.4.FR.2.3,61507,,Students are asked if an equation is true or false. Then students are asked to find the sum of two fractions. Information Related Standards 1,4,"MFAS, tenths, hundredths, addition, fractions, equation",https://www.cpalms.org/PreviewResource/Preview/61507
CPALMS_MFAS,MA.4.FR.2.3,61515,,Students express a fraction with a denominator of 10 as an equivalent fraction with a denominator of 100 and are then asked to add the fraction to another fraction with a denominator of 100. Information Related Standards 1,4,"MFAS, denominators, equivalent fraction, adding fractions",https://www.cpalms.org/PreviewResource/Preview/61515
CPALMS_MFAS,MA.4.FR.2.3,61538,,Students express a fraction with a denominator of 10 as an equivalent fraction with a denominator of 100 and are then asked to add the fraction to another fraction with a denominator of 100. Information Related Standards 1,4,"MFAS, denominators, equivalent fractions, adding fractions",https://www.cpalms.org/PreviewResource/Preview/61538
CPALMS_MFAS,MA.4.FR.2.4,61880,,Students use a visual fraction model to explain how many one sixths are in and record their work with an equation. Information Related Standards 1,4,"MFAS, unit fraction, visual fraction model, equation, multiplying fractions",https://www.cpalms.org/PreviewResource/Preview/61880
CPALMS_MFAS,MA.4.FR.2.4,61889,,Students are asked to multiply a fraction by a whole number and to represent the product with a visual fraction model. Information Related Standards 1,4,"MFAS, fraction, unit fraction, decompose, model, multiplication, whole number",https://www.cpalms.org/PreviewResource/Preview/61889
CPALMS_MFAS,MA.4.FR.2.4,61911,,Students are asked to multiply a fraction by a whole number to solve a word problem and to represent the product with a visual fraction model. Information Related Standards 1,4,"MFAS, fraction, model, equation, multiplication, word problem, whole number",https://www.cpalms.org/PreviewResource/Preview/61911
CPALMS_MFAS,MA.4.FR.2.4,61912,,Students are asked to multiply an improper fraction by a whole number to solve a word problem and use a visual model or equation to represent the problem. Information Related Standards 1,,"MFAS, fraction, model, equation, multiplication, improper fraction, word problem",https://www.cpalms.org/PreviewResource/Preview/61912
CPALMS_MFAS,MA.4.FR.2.4,62844,,"Students are asked to consider an equation involving multiplication of a fraction by a whole number and create a visual fraction model. Additionally, the student is asked to interpret multiplying the number of parts by the whole number. Information Related Standards 1",,"MFAS, equation, fraction, multiplication, word problem",https://www.cpalms.org/PreviewResource/Preview/62844
CPALMS_MFAS,MA.4.AR.1.1,55147,,Students are given a multi-step word problem to solve that requires interpreting remainders. Information Related Standards 1,4,"MFAS, word problem, multiplication, division, multistep, interpreting remainders",https://www.cpalms.org/PreviewResource/Preview/55147
CPALMS_MFAS,MA.4.AR.1.1,56122,,,4,"MFAS, multiplication, compare, comparison, equation",https://www.cpalms.org/PreviewResource/Preview/56122
CPALMS_MFAS,MA.4.AR.1.2,61467,,Students are asked to solve a word problem that involves adding fractions with like denominators. Students then analyze a word problem involving addition of unlike unit quantities. Information Related Standards 1,4,"MFAS, fractions, addition, unit quantities, denominators",https://www.cpalms.org/PreviewResource/Preview/61467
CPALMS_MFAS,MA.4.AR.2.1,119983,,Students are asked to determine if each of two equations is true without performing any operations. Information Related Standards 1,4,"MFAS, equality, comparative relational thinking, equal, addition",https://www.cpalms.org/PreviewResource/Preview/119983
CPALMS_MFAS,MA.4.AR.2.1,119984,,Students are asked to determine if each of two equations involving subtraction is true by comparing mathematical expressions and without actually carrying out the calculations. Information Related Standards 1,4,"MFAS, equality, comparative relational thinking, equal, subtraction",https://www.cpalms.org/PreviewResource/Preview/119984
CPALMS_MFAS,MA.4.AR.2.1,119985,,Students are asked to determine if each of two equations is true without performing any operations. Information Related Standards 1,4,"MFAS, equality, comparative relational thinking, equal, multiplication",https://www.cpalms.org/PreviewResource/Preview/119985
CPALMS_MFAS,MA.4.AR.2.1,119986,,Students are asked to determine if each of two equations is true by comparing mathematical expressions and without actually carrying out the indicated calculations. Information Related Standards 1,4,"MFAS, comparative relational thinking, equal, division, equality",https://www.cpalms.org/PreviewResource/Preview/119986
CPALMS_MFAS,MA.4.AR.2.2,55150,,Students are given a two-step word problem and are asked to solve the problem and write an equation with a letter representing the unknown in the equation. Information Related Standards 1,4,"MFAS, word problem, equation, unknown quantity, two-step, number of groups unknown",https://www.cpalms.org/PreviewResource/Preview/55150
CPALMS_MFAS,MA.4.AR.2.2,56117,,Students are asked to write equations to represent two multiplicative comparison problems and to then solve the problems. Information Related Standards 1,4,"MFAS, compare, factor, equation, group size, multiplicative comparison",https://www.cpalms.org/PreviewResource/Preview/56117
CPALMS_MFAS,MA.4.AR.2.2,56120,,Students are asked to write equations to represent two multiplicative comparison problems and to then solve the problems. Information Related Standards 1,4,"MFAS, compare, factor, equation, number of groups, unknown",https://www.cpalms.org/PreviewResource/Preview/56120
CPALMS_MFAS,MA.4.AR.2.2,56128,,Students are asked to write equations to represent two multiplicative comparison problems and to then solve the problems. Information Related Standards 1,4,"MFAS, multiplicative comparison, word problems, multiplication, equation",https://www.cpalms.org/PreviewResource/Preview/56128
CPALMS_MFAS,MA.4.AR.3.1,55151,,Students are asked to find all the factor pairs for each of four given numbers. Information Related Standards 1,4,"MFAS, factor pairs, factor, multiple",https://www.cpalms.org/PreviewResource/Preview/55151
CPALMS_MFAS,MA.4.AR.3.1,55156,,Students are asked to find all the factor pairs of a given number and identify the number as a multiple of the factors. Information Related Standards 1,4,"MFAS, factor, multiple, factor pairs",https://www.cpalms.org/PreviewResource/Preview/55156
CPALMS_MFAS,MA.4.AR.3.1,55157,,Students are asked to determine whether each of four given numbers is prime or composite and justify their choices. Information Related Standards 1,4,"MFAS, prime, composite, factors",https://www.cpalms.org/PreviewResource/Preview/55157
CPALMS_MFAS,MA.4.AR.3.2,55160,,Students are asked to generate a sequence of numbers based on a given rule and then to identify features of the pattern that are not explicit. Information Related Standards 1,4,"MFAS, patterns, rule, multiple, skip count",https://www.cpalms.org/PreviewResource/Preview/55160
CPALMS_MFAS,MA.4.AR.3.2,55161,,Students examine triangular numbers through a given dot pattern. Information Related Standards 1,4,"MFAS, triangular numbers, pattern, growing, non-linear",https://www.cpalms.org/PreviewResource/Preview/55161
CPALMS_MFAS,MA.4.AR.3.2,55162,,Students generate a number pattern based on a given rule and explain the pattern found. Information Related Standards 1,4,"MFAS, number pattern, sequence, rule",https://www.cpalms.org/PreviewResource/Preview/55162
CPALMS_MFAS,MA.4.AR.3.2,56259,,Students are given two rules and are asked to generate patterns. Information Related Standards 1,,"MFAS, numerical pattern, numerical relationships, corresponding terms, table",https://www.cpalms.org/PreviewResource/Preview/56259
CPALMS_MFAS,MA.4.M.1.2,65550,,Students are asked to complete two tables by converting meters to centimeters and kilograms to grams. Information Related Standards 1,4,"MFAS, convert, meter, centimeter, kilogram, gram, weight, length",https://www.cpalms.org/PreviewResource/Preview/65550
CPALMS_MFAS,MA.4.M.1.2,65551,,Students complete two tables by converting kilometers to meters and liters to milliliters. Information Related Standards 1,4,"MFAS, convert, liter, milliliter, kilometer, meter, liquid quantity, length",https://www.cpalms.org/PreviewResource/Preview/65551
CPALMS_MFAS,MA.4.M.1.2,65552,,Students complete two tables by converting from feet to inches and pounds to ounces. Information Related Standards 1,4,"MFAS, convert, customary, feet, inches, pounds, ounces, weight, length",https://www.cpalms.org/PreviewResource/Preview/65552
CPALMS_MFAS,MA.4.M.1.2,65553,,Students complete two tables by converting units of time from hours to minutes and minutes to seconds Information Related Standards 1,4,"MFAS, convert, time, hour, minute, second",https://www.cpalms.org/PreviewResource/Preview/65553
CPALMS_MFAS,MA.4.M.1.2,68518,,Students are asked to convert units of measure given with fractions and decimals using linear models. Information Related Standards 1,4,"MFAS, convert, units of measure, decimals, fractions, yard, feet, inch, kilogram, gram",https://www.cpalms.org/PreviewResource/Preview/68518
CPALMS_MFAS,MA.4.M.1.2,68581,,Students are asked to solve a multi-step word problem that requires converting metric length units. Information Related Standards 1,4,"MFAS, measure, metric, convert/conversion, distance, kilometer, meter",https://www.cpalms.org/PreviewResource/Preview/68581
CPALMS_MFAS,MA.4.M.2.1,68452,,Students are asked to use a number line to answer elapsed time questions. Information Related Standards 1,4,"MFAS, elapsed time, word problem, number line, measurement scale",https://www.cpalms.org/PreviewResource/Preview/68452
CPALMS_MFAS,MA.4.M.2.2,68585,,Students are asked to solve a multi-step word problem involving money and unit conversions. Information Related Standards 1,4,"MFAS, customary, convert/conversion, money, half dollar",https://www.cpalms.org/PreviewResource/Preview/68585
CPALMS_MFAS,MA.4.GR.1.1,66169,,Students are asked to circle figures that show angles from a set of figures and then describe the defining attributes of angles. Information Related Standards 1,4,"MFAS, angle, ray, vertex, end point",https://www.cpalms.org/PreviewResource/Preview/66169
CPALMS_MFAS,MA.4.GR.1.1,68856,,"Students are asked to identify right, acute, and obtuse angles in a two-dimensional figure, and explain the differences among these types of angles. Information Related Standards 1",4,"MFAS, angles, acute, right, obtuse, degrees",https://www.cpalms.org/PreviewResource/Preview/68856
CPALMS_MFAS,MA.4.GR.1.2,66168,,Students are asked determine angle measures based on how many one-degree turns are made. Information Related Standards 1,4,"MFAS, degrees, turn, one degree, 360 degrees, angle, measure",https://www.cpalms.org/PreviewResource/Preview/66168
CPALMS_MFAS,MA.4.GR.1.2,66170,,Students are given two angles with the same angle measure but with sides of different lengths and asked to explain which component of an angle determines its measure. Information Related Standards 1,4,"MFAS, angles, rays, turn, angle measures",https://www.cpalms.org/PreviewResource/Preview/66170
CPALMS_MFAS,MA.4.GR.1.2,66173,,Students are asked to analyze two angles and explain how their measures are determined. Information Related Standards 1,4,"MFAS, angle, measure, arc, ray, endpoint, fraction, 1/360, degree",https://www.cpalms.org/PreviewResource/Preview/66173
CPALMS_MFAS,MA.4.GR.1.2,68600,,Students are asked to draw specified angles within a circle in the context of a real world problem. Information Related Standards 1,4,"MFAS, draw, measure, angles",https://www.cpalms.org/PreviewResource/Preview/68600
CPALMS_MFAS,MA.4.GR.1.2,68615,,Students use a protractor to draw angles with a specified measure. Information Related Standards 1,4,"MFAS, acute, obtuse, right, reflex, measure, angles, protractor",https://www.cpalms.org/PreviewResource/Preview/68615
CPALMS_MFAS,MA.4.GR.1.2,68648,,Students are asked to use a protractor to determine the measure of four angles. Information Related Standards 1,4,"MFAS, angle, protractor, degrees, measure, ray, vertex, decompose",https://www.cpalms.org/PreviewResource/Preview/68648
CPALMS_MFAS,MA.4.GR.1.2,68690,,Students are asked to draw and measure acute and obtuse angles whose vertices are at the center of a circle. Information Related Standards 1,4,"MFAS, drawing angles, degrees, measuring angles, protractor, acute, obtuse, vertex",https://www.cpalms.org/PreviewResource/Preview/68690
CPALMS_MFAS,MA.4.GR.1.2,68731,,Students are asked to determine an unknown angle measure that is one component of a larger known angle when given the other components. Information Related Standards 1,4,"MFAS, additive, measure, angle",https://www.cpalms.org/PreviewResource/Preview/68731
CPALMS_MFAS,MA.4.GR.1.3,68774,,Students are asked to determine adjacent angle measurements using the additive structure of angle measurement and known angle measurements. Information Related Standards 1,4,"MFAS, adjacent, measure, angle",https://www.cpalms.org/PreviewResource/Preview/68774
CPALMS_MFAS,MA.4.GR.1.3,68840,,Students are asked to determine an unknown angle measure that is one component of a larger known angle when given the other component. Information Related Standards 1,4,"MFAS, angle, measure, adjacent, additive, unknown",https://www.cpalms.org/PreviewResource/Preview/68840
CPALMS_MFAS,MA.4.GR.1.3,68845,,Students are asked to recognize the additive nature of angles to determine an unknown angle measure. Information Related Standards 1,4,"MFAS, angle, right angle, acute angle, additive, degrees",https://www.cpalms.org/PreviewResource/Preview/68845
CPALMS_MFAS,MA.4.GR.2.1,46478,,Students are asked to find the length of a missing side on two polygons given the perimeter of each and the lengths of the other sides. Information Related Standards 1,,"MFAS, perimeter, missing sides, hexagon, pentagon",https://www.cpalms.org/PreviewResource/Preview/46478
CPALMS_MFAS,MA.4.GR.2.1,46480,,Students are asked to find the perimeter of a hexagon in which the lengths of two sides are not given but can be found. Information Related Standards 1,,"MFAS, perimeter, hexagon, missing sides",https://www.cpalms.org/PreviewResource/Preview/46480
CPALMS_MFAS,MA.4.GR.2.1,65556,,Students are given the area and width of a rectangle in the context of a word problem and are asked to determine the perimeter. Information Related Standards 1,4,"MFAS, area, perimeter, width, length, formula",https://www.cpalms.org/PreviewResource/Preview/65556
CPALMS_MFAS,MA.4.GR.2.1,65561,,"Students are asked to use known lengths, areas, and perimeters to determine the perimeter of one section of a rectangle. Information Related Standards 1",4,"MFAS, area, perimeter, width, length, formula",https://www.cpalms.org/PreviewResource/Preview/65561
CPALMS_MFAS,MA.4.GR.2.1,65562,,Students are asked to find the dimensions of rectangles by applying the formulas for area and perimeter. Information Related Standards 1,4,"MFAS, area, perimeter, formula, length, width",https://www.cpalms.org/PreviewResource/Preview/65562
CPALMS_MFAS,MA.4.GR.2.1,65684,,Students are asked to solve real world problems by applying the formulas for area and perimeter. Information Related Standards 1,4,"MFAS, area, perimeter, formula, length, width",https://www.cpalms.org/PreviewResource/Preview/65684
CPALMS_MFAS,MA.4.GR.2.2,46483,,Students are asked to find the whole number dimensions of every rectangle with a given area and then find the perimeter of each rectangle. Information Related Standards 1,,"MFAS, perimeter, rectangle, area",https://www.cpalms.org/PreviewResource/Preview/46483
CPALMS_MFAS,MA.4.GR.2.2,46485,,Students are asked to find the whole number dimensions of every rectangle with a given perimeter and then find the area of each rectangle. Information Related Standards 1,,"MFAS, area, perimeter",https://www.cpalms.org/PreviewResource/Preview/46485
CPALMS_MFAS,MA.4.DP.1.1,62824,,Students are asked to use a given set of data to create a line plot with an appropriate scale. Information Related Standards 1,4,"MFAS, scale, line plot, upper limit, lower limit",https://www.cpalms.org/PreviewResource/Preview/62824
CPALMS_MFAS,MA.4.DP.1.1,62832,,Students are asked to use a given set of data to create a line plot with an appropriate scale. Information Related Standards 1,4,"MFAS, scale, line plot, upper limit, lower limit",https://www.cpalms.org/PreviewResource/Preview/62832
CPALMS_MFAS,MA.4.DP.1.1,62839,,Students are asked to use a given set of data to create a line plot with an appropriate scale. Information Related Standards 1,,"MFAS, scale, line plot, upper limit, lower limit",https://www.cpalms.org/PreviewResource/Preview/62839
CPALMS_MFAS,MA.4.DP.1.1,62842,,Students are asked to use a given set of data to create a line plot with an appropriate scale. Information Related Standards 1,,"MFAS, scale, line plot, upper limit, lower limit",https://www.cpalms.org/PreviewResource/Preview/62842
CPALMS_MFAS,MA.4.DP.1.3,62829,,Students are asked to analyze data presented in a line plot and solve problems related to the data. Information Related Standards 1,4,"MFAS, fraction, eighth, subtraction, addition, fourth, half",https://www.cpalms.org/PreviewResource/Preview/62829
CPALMS_MFAS,MA.4.DP.1.3,62833,,Students are asked to analyze data presented in a line plot and solve problems related to the data. Information Related Standards 1,4,"MFAS, fraction, eighth, multiply, subtraction, addition, fourth, half",https://www.cpalms.org/PreviewResource/Preview/62833
CPALMS_MFAS,MA.4.DP.1.3,62840,,Students analyze data presented in a line plot and solve problems related to the data. Information Related Standards 1,,"MFAS, fraction, eighth, multiply, fourth, half, line plot",https://www.cpalms.org/PreviewResource/Preview/62840
CPALMS_MFAS,MA.4.DP.1.3,62843,,Students analyze data presented in a line plot and solve problems related to the data. Information Related Standards 1,,"MFAS, fraction, eighth, multiply, fourth, half, line plot",https://www.cpalms.org/PreviewResource/Preview/62843
CPALMS_MFAS,MA.5.NSO.1.1,56848,,Students are asked to analyze a problem in which a decimal number is multiplied by 10 to determine which of two answers is correct and discuss what happens when a decimal is divided by 10. Information Related Standards 1,5,"MFAS, decimals, multiplication, power of 10, problem solving, division",https://www.cpalms.org/PreviewResource/Preview/56848
CPALMS_MFAS,MA.5.NSO.1.1,56851,,Students are presented with two decimals in the context of a distance word problem and asked to tell how many times longer one distance is than the other. Information Related Standards 1,5,"MFAS, place value, tenths place, base ten, hundredths",https://www.cpalms.org/PreviewResource/Preview/56851
CPALMS_MFAS,MA.5.NSO.1.1,56852,,Students are asked to consider how much larger five is than five-tenths. Information Related Standards 1,5,"MFAS, place value, tenths place, base ten",https://www.cpalms.org/PreviewResource/Preview/56852
CPALMS_MFAS,MA.5.NSO.1.1,56853,,,5,"MFAS, place value, decimals, compare",https://www.cpalms.org/PreviewResource/Preview/56853
CPALMS_MFAS,MA.5.NSO.1.2,56863,,Students are read aloud four numbers and are asked to write the numbers using decimal notation. Then students are shown a number containing a decimal and asked to read it aloud. Information Related Standards 1,5,"MFAS, read and write decimals, decimal",https://www.cpalms.org/PreviewResource/Preview/56863
CPALMS_MFAS,MA.5.NSO.1.2,56865,,Students are asked to write the number name (word form) of a number when given the base-ten numeral (standard form). Information Related Standards 1,5,"MFAS, multi-digit whole numbers, base-ten numerals, number names, standard form, word form",https://www.cpalms.org/PreviewResource/Preview/56865
CPALMS_MFAS,MA.5.NSO.1.2,56910,,Students are asked to write numbers involving decimals in both standard form (as base ten numerals) and expanded form. Information Related Standards 1,5,"MFAS, multi-digit whole numbers, base-ten numerals, expanded form",https://www.cpalms.org/PreviewResource/Preview/56910
CPALMS_MFAS,MA.5.NSO.1.4,56864,,"Students compare pairs of decimals, one in word form to one in expanded form. Information Related Standards 1",5,"MFAS, decimal, greater than, less than, equal to, expanded form",https://www.cpalms.org/PreviewResource/Preview/56864
CPALMS_MFAS,MA.5.NSO.1.4,56909,,,5,"MFAS, decimals, number comparisons",https://www.cpalms.org/PreviewResource/Preview/56909
CPALMS_MFAS,MA.5.NSO.1.5,56913,,Students are given four numbers and asked to round each to the nearest whole number and to explain their reasoning. Information Related Standards 1,5,"MFAS, rounding, decimals, place value, whole number",https://www.cpalms.org/PreviewResource/Preview/56913
CPALMS_MFAS,MA.5.NSO.1.5,56915,,Students are given four numbers and asked to round each to the nearest tenth and to explain their reasoning. Information Related Standards 1,5,"MFAS, rounding, decimals, place value, tenths",https://www.cpalms.org/PreviewResource/Preview/56915
CPALMS_MFAS,MA.5.NSO.1.5,56917,,"Students are given four numbers and asked to round each to the nearest thousandth and to explain their reasoning. Note: Three of the numbers are decimals to the ten-thousandths place and one number is to the hundred-thousandths place. If students are not ready for rounding larger decimals to the thousandths place, use an alternate MFAS task that rounds to the hundredths, tenths, or whole number. Information Related Standards 1",5,"MFAS, rounding, decimals, place value",https://www.cpalms.org/PreviewResource/Preview/56917
CPALMS_MFAS,MA.5.NSO.1.5,56918,,"Students are asked to round numbers given in a context to the nearest hundredth. Note: The decimals students are rounding in this task extend past the thousandths place. If students are not ready for rounding larger decimals to the hundredths place, use an alternate MFAS task that rounds to the hundredths, tenths, or whole number. Information Related Standards 1",5,"MFAS, decimals, rounding, hundredths, context, real-world, rounding rules",https://www.cpalms.org/PreviewResource/Preview/56918
CPALMS_MFAS,MA.5.NSO.2.1,58067,,Students are asked to find the error in a multiplication problem involving a three-digit and a two-digit number. Information Related Standards 1,5,"MFAS, standard algorithm, multiplication, error",https://www.cpalms.org/PreviewResource/Preview/58067
CPALMS_MFAS,MA.5.NSO.2.1,58068,,Students are asked to complete two multiplication problems using the standard algorithm. Information Related Standards 1,5,"MFAS, algorithm, multiplication, regrouping, standard",https://www.cpalms.org/PreviewResource/Preview/58068
CPALMS_MFAS,MA.5.NSO.2.1,58070,,Students are asked to finish a multiplication problem that has already been started using the standard algorithm. Information Related Standards 1,5,"MFAS, multiplication, algorithm",https://www.cpalms.org/PreviewResource/Preview/58070
CPALMS_MFAS,MA.5.NSO.2.1,58072,,Students are asked to complete two multiplication problems using the standard algorithm. Information Related Standards 1,5,"MFAS, algorithm, multiplication, regrouping",https://www.cpalms.org/PreviewResource/Preview/58072
CPALMS_MFAS,MA.5.NSO.2.2,55050,,Students are asked to complete three long division problems (no remainders) to check for fluency with the standard division algorithm. Information Related Standards 1,6,"MFAS, long division, no remainder, fluency",https://www.cpalms.org/PreviewResource/Preview/55050
CPALMS_MFAS,MA.5.NSO.2.2,55051,,Students are asked to complete three long division problems (one with a remainder) to check for fluency with the standard long division algorithm. Information Related Standards 1,6,"MFAS, long division, remainder, fluency",https://www.cpalms.org/PreviewResource/Preview/55051
CPALMS_MFAS,MA.5.NSO.2.2,55164,,Students are asked to complete three long division problems (each with a remainder) to check for fluency with the standard division algorithm. Information Related Standards 1,6,"MFAS, long division, remainder, fluency",https://www.cpalms.org/PreviewResource/Preview/55164
CPALMS_MFAS,MA.5.NSO.2.2,58632,,Students are asked to complete a division problem using place value. Information Related Standards 1,5,"MFAS, division, two-digit divisor, partial quotients, place value",https://www.cpalms.org/PreviewResource/Preview/58632
CPALMS_MFAS,MA.5.NSO.2.2,58633,,"Students are asked to interpret a division problem with a two-digit divisor that has been completed using an area model. If the student is successful, he or she is asked to determine the solution to a division problem with a two-digit divisor using an area model. Information Related Standards 1",5,"MFAS, division, area, array, decompose, divide",https://www.cpalms.org/PreviewResource/Preview/58633
CPALMS_MFAS,MA.5.NSO.2.2,58634,,Students are asked to solve a division word problem with a two-digit divisor using a strategy based on place value. Information Related Standards 1,5,"MFAS, partial quotient, area model, strategy based on place value",https://www.cpalms.org/PreviewResource/Preview/58634
CPALMS_MFAS,MA.5.NSO.2.2,58640,,Students are asked to analyze and explain another student’s division work in terms of a partial quotients strategy and to apply this strategy to another division problem. Information Related Standards 1,5,"MFAS, division, partial quotients, place value",https://www.cpalms.org/PreviewResource/Preview/58640
CPALMS_MFAS,MA.5.NSO.2.3,59146,,Students are asked to solve a word problem that involves adding two decimals by using a strategy based on place value. Information Related Standards 1,5,"MFAS, addition, decimals, place value",https://www.cpalms.org/PreviewResource/Preview/59146
CPALMS_MFAS,MA.5.NSO.2.3,59147,,Students are asked to solve a word problem that involves subtracting two decimals by using a strategy based on place value. Information Related Standards 1,5,"MFAS, subtraction, decimals, tenth place, hundredth place, number line",https://www.cpalms.org/PreviewResource/Preview/59147
CPALMS_MFAS,MA.5.FR.1.1,61976,,Students are asked to draw a visual fraction model to solve a division word problem. Information Related Standards 1,5,"MFAS, division, fraction, numerator, denominator",https://www.cpalms.org/PreviewResource/Preview/61976
CPALMS_MFAS,MA.5.FR.1.1,61977,,Students are asked to draw a visual fraction model to solve a division word problem. Information Related Standards 1,5,"MFAS, division, fraction, numerator, denominator",https://www.cpalms.org/PreviewResource/Preview/61977
CPALMS_MFAS,MA.5.FR.1.1,61995,,Students are asked to interpret a fraction and write a word problem to match the context of the fraction. Information Related Standards 1,5,"MFAS, fraction, division, word problem, interpret",https://www.cpalms.org/PreviewResource/Preview/61995
CPALMS_MFAS,MA.5.FR.1.1,61998,,Students are asked to interpret an improper fraction and then write a word problem to match the context of the fraction. Information Related Standards 1,5,"MFAS, fraction, division, word problem, interpret",https://www.cpalms.org/PreviewResource/Preview/61998
CPALMS_MFAS,MA.5.FR.2.1,59566,,Students are asked to add two pairs of fractions with unlike denominators. Information Related Standards 1,5,"MFAS, common denominators, unlike denominators, add, fractions",https://www.cpalms.org/PreviewResource/Preview/59566
CPALMS_MFAS,MA.5.FR.2.1,59570,,Students are asked to subtract fractions with unlike denominators. Information Related Standards 1,5,"MFAS, fractions, equivalent, denominators, common multiple, subtraction, unlike denominators",https://www.cpalms.org/PreviewResource/Preview/59570
CPALMS_MFAS,MA.5.FR.2.1,59572,,Students are asked to subtract improper fractions and mixed numbers with unlike denominators. Information Related Standards 1,5,"MFAS, fractions, equivalent, unlike denominators, common multiple, improper fraction, mixed numbers, subtraction",https://www.cpalms.org/PreviewResource/Preview/59572
CPALMS_MFAS,MA.5.FR.2.1,59597,,Students are asked to add pairs of fractions with unlike denominators. Information Related Standards 1,5,"MFAS, common denominators, unlike denominators, add, fractions, mixed number",https://www.cpalms.org/PreviewResource/Preview/59597
CPALMS_MFAS,MA.5.FR.2.2,62895,,"Students are asked to consider an equation involving multiplication of fractions, then create a visual fraction model, and write a story context to match. Information Related Standards 1",5,"MFAS, equation, fraction, multiplication, word problem",https://www.cpalms.org/PreviewResource/Preview/62895
CPALMS_MFAS,MA.5.FR.2.2,62901,,Students interpret a visual fraction model showing multiplication of two fractions less than one. Information Related Standards 1,5,"MFAS, numerator, denominator, multiplication, whole number",https://www.cpalms.org/PreviewResource/Preview/62901
CPALMS_MFAS,MA.5.FR.2.3,70513,,"Students are given three products, each involving a whole number and a fraction, and are asked to estimate the size of the product and explain their reasoning. Information Related Standards 1",5,"Students are given three products, each involving a whole number and a fraction, and are asked to estimate the size of the product and explain their reasoning., estimating products, estimating multiplication of fractions",https://www.cpalms.org/PreviewResource/Preview/70513
CPALMS_MFAS,MA.5.FR.2.3,70545,,Students are asked to reason about the size of the product of fractions and whole numbers presented in context. Information Related Standards 1,5,"MFAS, fraction, multiplication, estimate, product, word problem",https://www.cpalms.org/PreviewResource/Preview/70545
CPALMS_MFAS,MA.5.FR.2.3,70642,,Students are asked to describe the size of a product of a fraction less than one and a whole number without multiplying. Information Related Standards 1,5,"MFAS, multiplying by a fraction less than 1, fraction less than 1, predict product size",https://www.cpalms.org/PreviewResource/Preview/70642
CPALMS_MFAS,MA.5.FR.2.3,70646,,Students are asked to describe the size of a product of a fraction greater than one and a whole number without multiplying. Information Related Standards 1,5,"MFAS, fraction greater than one, multiplying fractions greater than one",https://www.cpalms.org/PreviewResource/Preview/70646
CPALMS_MFAS,MA.5.FR.2.4,64667,,Students are given a division expression and asked to write a story context to match the expression and use a visual fraction model to solve the problem. Information Related Standards 1,5,"MFAS, division, fraction, visual fraction model, story context",https://www.cpalms.org/PreviewResource/Preview/64667
CPALMS_MFAS,MA.5.FR.2.4,64673,,Students are given a division expression and asked to write a story context to match the expression and use a visual fraction model to solve the problem. Information Related Standards 1,5,"MFAS, division, fraction, visual fraction model, story context",https://www.cpalms.org/PreviewResource/Preview/64673
CPALMS_MFAS,MA.5.FR.2.4,64674,,Students are asked to solve a word problem involving division of a whole number by a fraction. Information Related Standards 1,5,"MFAS, division, fraction, whole number",https://www.cpalms.org/PreviewResource/Preview/64674
CPALMS_MFAS,MA.5.FR.2.4,64679,,Students are asked to solve a word problem involving division of a fraction by a whole number. Information Related Standards 1,5,"MFAS, division, fraction, whole number",https://www.cpalms.org/PreviewResource/Preview/64679
CPALMS_MFAS,MA.5.AR.1.1,55144,,Students are asked to solve a three-step word problem. Information Related Standards 1,,"MFAS, solve, multi-step, division, subtraction, word problem",https://www.cpalms.org/PreviewResource/Preview/55144
CPALMS_MFAS,MA.5.AR.1.2,61540,,Students are asked to estimate the sum of two mixed numbers and then calculate the sum. Information Related Standards 1,5,"MFAS, addition, recipe, fraction, mixed number, estimation",https://www.cpalms.org/PreviewResource/Preview/61540
CPALMS_MFAS,MA.5.AR.1.2,61660,,Students are asked to estimate the difference between two fractional lengths and then calculate the difference. Information Related Standards 1,5,"MFAS, subtraction, fraction, mixed number, distance",https://www.cpalms.org/PreviewResource/Preview/61660
CPALMS_MFAS,MA.5.AR.1.2,61668,,"Students are given a word problem involving fractions with unlike denominators and are asked to estimate the sum, explain their reasoning, and then determine the sum. Information Related Standards 1",5,"MFAS, fractions, word problem, reasonable, problem solving, unlike denominators",https://www.cpalms.org/PreviewResource/Preview/61668
CPALMS_MFAS,MA.5.AR.1.2,61670,,"Students are given a word problem involving subtraction of fractions with unlike denominators. Students are asked to determine if a given answer is reasonable, explain their reasoning, and calculate the answer. Information Related Standards 1",5,"MFAS, fractions, word problem, reasonable, problem solving",https://www.cpalms.org/PreviewResource/Preview/61670
CPALMS_MFAS,MA.5.AR.1.2,63180,,Students are asked to solve a word problem by finding the product of two fractions. Information Related Standards 1,5,"MFAS, multiply, fractions, visual fraction model",https://www.cpalms.org/PreviewResource/Preview/63180
CPALMS_MFAS,MA.5.AR.1.2,63181,,Students are asked to solve a word problem by finding the product of two fractions. Information Related Standards 1,5,"MFAS, fraction, multiplication, word problem, measurement",https://www.cpalms.org/PreviewResource/Preview/63181
CPALMS_MFAS,MA.5.AR.1.2,63182,,Students are asked to solve a word problem by finding the product of a fraction and a mixed number. Information Related Standards 1,5,"MFAS, multiplication, fraction, mixed number",https://www.cpalms.org/PreviewResource/Preview/63182
CPALMS_MFAS,MA.5.AR.1.2,63183,,Students are asked to solve a word problem by finding the product of two mixed numbers. Information Related Standards 1,5,"MFAS, mixed number, multiplication, visual model, equation",https://www.cpalms.org/PreviewResource/Preview/63183
CPALMS_MFAS,MA.5.AR.2.1,55667,,Students are asked to analyze and compare two related products. Information Related Standards 1,5,"MFAS, compare, products, expressions, interpret expressions",https://www.cpalms.org/PreviewResource/Preview/55667
CPALMS_MFAS,MA.5.AR.2.1,55675,,Students are asked to model an expression that is a multiple of a sum and to compare the expression to the sum. Information Related Standards 1,5,"MFAS, sum, product, expression, compare",https://www.cpalms.org/PreviewResource/Preview/55675
CPALMS_MFAS,MA.5.AR.2.1,55678,,Students are asked to write an expression requiring more than one operation and the use of parentheses to model a word problem. Information Related Standards 1,5,"MFAS, expression, parentheses, braces, brackets, order of operations",https://www.cpalms.org/PreviewResource/Preview/55678
CPALMS_MFAS,MA.5.AR.2.1,55682,,Students are presented with a verbal description of a numerical expression and are asked to write the expression and then compare it to a similar expression. Information Related Standards 1,5,"MFAS, expression, equation, parentheses, order of operations",https://www.cpalms.org/PreviewResource/Preview/55682
CPALMS_MFAS,MA.5.AR.2.2,55661,,Students are asked to evaluate two similar expressions and explain why the answers are different. Information Related Standards 1,5,"MFAS, order of Operations, evaluate expressions, parentheses",https://www.cpalms.org/PreviewResource/Preview/55661
CPALMS_MFAS,MA.5.AR.2.2,55664,,"Students are asked to insert parentheses into an expression in two different ways, evaluate each way, and explain why the answers are different. Information Related Standards 1",5,"MFAS, parentheses, order of operations, numerical expressions, evaluate expression",https://www.cpalms.org/PreviewResource/Preview/55664
CPALMS_MFAS,MA.5.AR.2.3,55653,,Students are given an equation and asked to place parentheses within the equation to make the equation true. Information Related Standards 1,5,"MFAS, parentheses, brackets, braces, evaluate, order of operations",https://www.cpalms.org/PreviewResource/Preview/55653
CPALMS_MFAS,MA.5.AR.2.3,55656,,Students consider two different yet similar equations and determine if they are true. Information Related Standards 1,5,"MFAS, parentheses, brackets, braces, evaluate, order of operations",https://www.cpalms.org/PreviewResource/Preview/55656
CPALMS_MFAS,MA.5.AR.3.2,56262,,"Students are asked to complete one of two number patterns, write ordered pairs composed of corresponding terms, graph the ordered pairs, and identify a relationship between corresponding terms of the patterns. Information Related Standards 2",5,"MFAS, numerical patterns, rules, terms, ordered pairs, coordinate plane, quadrant one, x-axis, y-axis",https://www.cpalms.org/PreviewResource/Preview/56262
CPALMS_MFAS,MA.5.AR.3.2,56263,,Students are asked to fill in missing values in a table of numerical patterns and describe relationships between corresponding terms. Information Related Standards 1,5,"MFAS, numerical pattern, numerical relationships, corresponding terms, table",https://www.cpalms.org/PreviewResource/Preview/56263
CPALMS_MFAS,MA.5.M.1.1,65696,,Students are asked to solve two multi-step word problems that require converting units. Information Related Standards 1,5,"MFAS, context, converting units",https://www.cpalms.org/PreviewResource/Preview/65696
CPALMS_MFAS,MA.5.M.1.1,65698,,Students are asked to solve multi-step word problems that require converting units. Information Related Standards 1,5,"MFAS, context, converting units, feet, inch, gram, kilogram",https://www.cpalms.org/PreviewResource/Preview/65698
CPALMS_MFAS,MA.5.M.1.1,65699,,Students are asked to make customary measurement conversions involving weight and time. Information Related Standards 1,5,"MFAS, conversions, customary measurement, ounces, pounds, hours, minutes, seconds",https://www.cpalms.org/PreviewResource/Preview/65699
CPALMS_MFAS,MA.5.M.1.1,65764,,Students are asked to make metric measurement conversions involving length and mass. Information Related Standards 1,5,"MFAS, measurement, conversions, metric, length, mass",https://www.cpalms.org/PreviewResource/Preview/65764
CPALMS_MFAS,MA.5.M.2.1,59148,,"Students are asked to solve a word problem involving multiplication of a decimal by a whole number using a model or drawing or a strategy based on place value, the relationship between multiplication and division, or properties of operations. Information Related Standards 1",5,"MFAS, multiplication, decimal, whole number, strategy based on place value",https://www.cpalms.org/PreviewResource/Preview/59148
CPALMS_MFAS,MA.5.GR.1.1,70569,,Students discuss the attributes of squares and rhombuses and consider how these two shapes are related. Information Related Standards 1,5,"MFAS, square, parallelogram, rhombus, rhombuses, classify, hierarchy, quadrilaterals",https://www.cpalms.org/PreviewResource/Preview/70569
CPALMS_MFAS,MA.5.GR.1.1,70573,,Students are asked to describe the defining attributes of parallelograms and to consider the relationship between rectangles and parallelograms. Information Related Standards 1,5,"MFAS, rectangle, parallelogram, quadrilateral, hierarchy, shapes, polygons",https://www.cpalms.org/PreviewResource/Preview/70573
CPALMS_MFAS,MA.5.GR.1.1,70581,,,5,"MFAS, shapes, classification, sides, parallel, equal, right angle, attributes",https://www.cpalms.org/PreviewResource/Preview/70581
CPALMS_MFAS,MA.5.GR.1.1,70598,,,5,"MFAS, shapes, classification, sides, adjacent, equal, attributes",https://www.cpalms.org/PreviewResource/Preview/70598
CPALMS_MFAS,MA.5.GR.1.1,70605,,"Students are given a diagram of quadrilaterals that have been sorted and are asked to determine how the shapes were sorted. Then, students are given two additional quadrilaterals and asked to place them into the appropriate region on the diagram. Information Related Standards 1",5,"MFAS, classify, quadrilaterals, attributes, sort",https://www.cpalms.org/PreviewResource/Preview/70605
CPALMS_MFAS,MA.5.GR.1.1,70616,,Students are asked to consider how the hierarchy of quadrilaterals would change based on the two different definitions of trapezoids. Information Related Standards 1,5,"MFAS, trapezoid, parallelograms, inclusive, exclusive",https://www.cpalms.org/PreviewResource/Preview/70616
CPALMS_MFAS,MA.5.GR.1.1,70622,,Students are asked to sort shapes using a Venn diagram and to determine the label for each section of the diagram. Information Related Standards 1,5,"MFAS, shapes, classification, attributes, Venn diagram",https://www.cpalms.org/PreviewResource/Preview/70622
CPALMS_MFAS,MA.5.GR.1.1,70628,,Students are asked to classify quadrilaterals and trapezoids by their properties. Information Related Standards 1,5,"MFAS, two-dimensional, shapes, trapezoids, quadrilaterals, properties",https://www.cpalms.org/PreviewResource/Preview/70628
CPALMS_MFAS,MA.5.GR.1.1,70633,,Students are shown three triangles that fit a rule (each has a right angle) and are asked to determine which of three other triangles also fit the rule. Information Related Standards 1,,"MFAS, triangles, right angle, attribute, scalene, obtuse",https://www.cpalms.org/PreviewResource/Preview/70633
CPALMS_MFAS,MA.5.GR.1.1,70636,,Students are asked to use shape descriptions to sketch shapes and explain why some cannot be sketched. Information Related Standards 1,,"MFAS, classify, shape, triangle, angle, isosceles, right, scalene, acute, obtuse, equilateral",https://www.cpalms.org/PreviewResource/Preview/70636
CPALMS_MFAS,MA.5.GR.2.1,62896,,Students determine the area of a rectangle with given fractional dimensions by multiplying. Students are then asked to draw a model to find the area of the same rectangle. Information Related Standards 1,,"MFAS, area of a rectangle, dimensions, fraction, model",https://www.cpalms.org/PreviewResource/Preview/62896
CPALMS_MFAS,MA.5.GR.3.1,66175,,Students are asked to determine how a unit cube can be used to measure the volume of a rectangular prism. Information Related Standards 1,5,"MFAS, volume, measure, cube, unit cube, volume of rectangular prism",https://www.cpalms.org/PreviewResource/Preview/66175
CPALMS_MFAS,MA.5.GR.3.1,66177,,Students analyze a rectangular prism that contains one layer of unit cubes and are asked to explain how to determine the volume of the entire prism using only the information given. Information Related Standards 1,5,"MFAS, finding volume, unit cubes, rectangular prisms, volume of rectangular prisms, finding volume with unit cubes",https://www.cpalms.org/PreviewResource/Preview/66177
CPALMS_MFAS,MA.5.GR.3.1,66178,,Students discuss the volume of a prism measured in cubic units with gaps between the unit cubes used to measure its volume. Information Related Standards 1,5,"MFAS, volume, gaps, cubic units, net, cube",https://www.cpalms.org/PreviewResource/Preview/66178
CPALMS_MFAS,MA.5.GR.3.1,66730,,Students determine how many improvised units of volume will fill a large box. Information Related Standards 1,5,"MFAS, volume, improvised units, length, width, height",https://www.cpalms.org/PreviewResource/Preview/66730
CPALMS_MFAS,MA.5.GR.3.1,66732,,Students are asked to determine the volume of a rectangular prism in cubic units. Information Related Standards 1,5,"MFAS, volume, right rectangular prism, unit of measure, unit, cubic units",https://www.cpalms.org/PreviewResource/Preview/66732
CPALMS_MFAS,MA.5.GR.3.2,66723,,Students are asked to count unit cubes to determine the volume of a right rectangular prism. Information Related Standards 1,5,"MFAS, rectangular prism, volume, unit cube, finding volume of rectangular prisms",https://www.cpalms.org/PreviewResource/Preview/66723
CPALMS_MFAS,MA.5.GR.3.2,67209,,Students are asked to determine the volume of a rectangular prism by using both a formula and counting cubic units. Information Related Standards 1,5,"MFAS, volume, cubic centimeters, cubic units, rectangular prism, finding volume of a rectangular prism",https://www.cpalms.org/PreviewResource/Preview/67209
CPALMS_MFAS,MA.5.GR.3.2,70378,,Students are asked to compare different strategies for finding the volume of a rectangular prism. Information Related Standards 1,5,"MFAS, volume, net, right rectangular prism, unit cube, gap, overlap, cubic units, edge lengths, height, area of base",https://www.cpalms.org/PreviewResource/Preview/70378
CPALMS_MFAS,MA.5.GR.3.2,70381,,Students are asked to determine the volumes of two right rectangular prisms given the dimensions of one and the base area and height of the other. Information Related Standards 1,5,"MFAS, volume, dimensions, right rectangular prism",https://www.cpalms.org/PreviewResource/Preview/70381
CPALMS_MFAS,MA.5.GR.3.3,70369,,Students are asked to find the volumes of solids composed of rectangular prisms. Information Related Standards 1,5,"MFAS, volume, additive reasoning, formula, rectangular prism",https://www.cpalms.org/PreviewResource/Preview/70369
CPALMS_MFAS,MA.5.GR.3.3,70373,,Students are given the total volume of a rectangular prism and constraints on one dimension and asked to provide dimensions that would fit the constraints. Information Related Standards 1,5,"MFAS, dimensions, length, width, height, cubic units, volume, volume of rectangular prisms",https://www.cpalms.org/PreviewResource/Preview/70373
CPALMS_MFAS,MA.5.GR.4.1,70384,,Students describe the different components of a coordinate plane and then determine the coordinates of a point located in quadrant one. Information Related Standards 1,5,"MFAS, coordinate plane, point, origin, axis, perpendicular, quadrant one",https://www.cpalms.org/PreviewResource/Preview/70384
CPALMS_MFAS,MA.5.GR.4.1,70430,,Students are asked to explain the meaning of each coordinate and identify the x - and y -coordinates of a given ordered pair. Information Related Standards 1,5,"MFAS, coordinates, coordinate plane, axis, point, origin",https://www.cpalms.org/PreviewResource/Preview/70430
CPALMS_MFAS,MA.5.GR.4.1,70458,,Students will use directions provided to locate a point on the coordinate plane and then identify its x - and y -coordinates. Information Related Standards 1,5,"MFAS, coordinate plane, coordinates, axis, point, origin",https://www.cpalms.org/PreviewResource/Preview/70458
CPALMS_MFAS,MA.5.GR.4.1,70464,,Students are asked to explain the meaning of each coordinate and identify the x - and y -coordinates of a given ordered pair. Information Related Standards 1,5,"MFAS, coordinates, coordinate plane, axis, point, origin",https://www.cpalms.org/PreviewResource/Preview/70464
CPALMS_MFAS,MA.5.GR.4.1,70509,,Students are asked to graph points in the first quadrant of the coordinate plane. Information Related Standards 1,5,"MFAS, graphing points, coordinate plane",https://www.cpalms.org/PreviewResource/Preview/70509
CPALMS_MFAS,MA.5.GR.4.2,70489,,Students determine the coordinates of the fourth vertex of a rectangle on the coordinate plane. Information Related Standards 1,5,"MFAS, coordinate, point, vertex, rectangle, quadrilateral",https://www.cpalms.org/PreviewResource/Preview/70489
CPALMS_MFAS,MA.5.GR.4.2,70496,,Students are asked to determine and graph the relationship between two variables within a real world context. Information Related Standards 1,5,"MFAS, coordinate, axis, pattern, relationship, generalize",https://www.cpalms.org/PreviewResource/Preview/70496
CPALMS_MFAS,MA.5.GR.4.2,70505,,"Students determine and graph the relationship between two variables set in a real world context, and interpret coordinate values of points in the context of the situation. Information Related Standards 1",,"MFAS, coordinate, axis, pattern, relationship, generalize",https://www.cpalms.org/PreviewResource/Preview/70505
CPALMS_MFAS,MA.5.DP.1.1,66780,,Students are asked to display numerical data on a dot plot. Information Related Standards 1,6,"MFAS, data, dot plot",https://www.cpalms.org/PreviewResource/Preview/66780
CPALMS_MFAS,MA.6.NSO.1.1,57024,,Students are asked to find the coordinates of graphed points and graph points with rational coordinates on a number line. Information Related Standards 1,6,"MFAS, integers, rational, number line, coordinate, plot",https://www.cpalms.org/PreviewResource/Preview/57024
CPALMS_MFAS,MA.6.NSO.1.1,57914,,Students are asked to describe the positions of numbers relative to each other on a number line. Information Related Standards 1,6,"MFAS, negative numbers, rational numbers, inequality",https://www.cpalms.org/PreviewResource/Preview/57914
CPALMS_MFAS,MA.6.NSO.1.1,57915,,Students are asked to write integers to represent quantities given in context and to relate the integers with an inequality. Information Related Standards 1,6,"MFAS, negative numbers, integers, inequality",https://www.cpalms.org/PreviewResource/Preview/57915
CPALMS_MFAS,MA.6.NSO.1.1,57916,,Students are asked to interpret an inequality relating two temperatures. Information Related Standards 1,6,"MFAS, negative numbers, rational numbers, inequality",https://www.cpalms.org/PreviewResource/Preview/57916
CPALMS_MFAS,MA.6.NSO.1.2,55376,,Students are asked to explain the meaning of positive and negative decimals within the context of a problem. Information Related Standards 1,6,"MFAS, decimal, positive, negative",https://www.cpalms.org/PreviewResource/Preview/55376
CPALMS_MFAS,MA.6.NSO.1.2,55377,,Students are asked to use numbers to represent gains/losses and to interpret the meaning of zero in the context of football. Information Related Standards 1,6,"MFAS, integer, positive, negative, gain, loss",https://www.cpalms.org/PreviewResource/Preview/55377
CPALMS_MFAS,MA.6.NSO.1.2,55949,,Students are given positive and negative fractions and asked to explain their meanings within the context of a problem. Information Related Standards 1,6,"MFAS, integer, fraction, positive, negative, altitude",https://www.cpalms.org/PreviewResource/Preview/55949
CPALMS_MFAS,MA.6.NSO.1.2,55953,,Students are asked to interpret values given in a chart that represent positive and negative deviations from average rainfall. Information Related Standards 1,6,"MFAS, positive, negative, average, change in amount, fraction",https://www.cpalms.org/PreviewResource/Preview/55953
CPALMS_MFAS,MA.6.NSO.1.2,66204,,"Students are asked to graph -4, 0, and 4 on a number line and to explain the relationship between a number and its opposite in terms of the number line. Information Related Standards 1",6,"MFAS, opposites, number line, zero",https://www.cpalms.org/PreviewResource/Preview/66204
CPALMS_MFAS,MA.6.NSO.1.2,66207,,Students are asked about numbers and their opposites. Information Related Standards 1,6,"MFAS, opposites, number line, zero",https://www.cpalms.org/PreviewResource/Preview/66207
CPALMS_MFAS,MA.6.NSO.1.3,59107,,Students are asked to compare two elevations and their absolute values and then interpret these comparisons within a given real-world context. Information Related Standards 1,6,"MFAS, absolute value, inequality, compare, order",https://www.cpalms.org/PreviewResource/Preview/59107
CPALMS_MFAS,MA.6.NSO.1.3,60887,,Students are asked to identify a number’s possible locations on a number line when given the number’s absolute value. Information Related Standards 1,6,"MFAS, absolute value, inequality, compare, order",https://www.cpalms.org/PreviewResource/Preview/60887
CPALMS_MFAS,MA.6.NSO.2.1,55311,,Students are asked to multiply multidigit decimal numbers and are assessed for both accuracy and fluency. Information Related Standards 1,6,"MFAS, multiply, decimals",https://www.cpalms.org/PreviewResource/Preview/55311
CPALMS_MFAS,MA.6.NSO.2.1,55947,,Students are asked to divide multidigit decimal numbers and are assessed for both accuracy and fluency. Information Related Standards 1,6,"MFAS, division, decimals, standard algorithm",https://www.cpalms.org/PreviewResource/Preview/55947
CPALMS_MFAS,MA.6.NSO.2.1,57008,,Students are asked to add multidigit decimal numbers and are assessed for both accuracy and fluency. Information Related Standards 1,6,"MFAS, addition, decimals, standard algorithm",https://www.cpalms.org/PreviewResource/Preview/57008
CPALMS_MFAS,MA.6.NSO.2.1,57021,,Students are asked to subtract multidigit decimal numbers and are assessed for both accuracy and fluency. Information Related Standards 1,6,"MFAS, subtraction, decimals, standard algorithm",https://www.cpalms.org/PreviewResource/Preview/57021
CPALMS_MFAS,MA.6.NSO.2.1,59150,,"Students are asked to solve a word problem involving division of a whole number by a decimal using a model or drawing, a strategy based on place value, the relationship between multiplication and division, or properties of operations. Information Related Standards 1",,"MFAS, word problem, decimals, division, area model",https://www.cpalms.org/PreviewResource/Preview/59150
CPALMS_MFAS,MA.6.NSO.2.2,55943,,Students are asked to complete two fraction division problems – one with fractions and one with mixed numbers. Information Related Standards 1,6,"MFAS, fraction, division, mixed numbers",https://www.cpalms.org/PreviewResource/Preview/55943
CPALMS_MFAS,MA.6.NSO.2.2,55946,,Students are asked to explain the relationship between a fraction division word problem and either a visual model or an equation. Information Related Standards 1,6,"MFAS, fraction, division, model, equation",https://www.cpalms.org/PreviewResource/Preview/55946
CPALMS_MFAS,MA.6.NSO.2.2,57002,,Students are asked to write and evaluate a numerical expression involving division of fractions and mixed numbers to model and solve a word problem. Information Related Standards 1,6,"MFAS, fraction, division, divisor, dividend, quotient",https://www.cpalms.org/PreviewResource/Preview/57002
CPALMS_MFAS,MA.6.NSO.2.3,55944,,Students are asked to write a story context for a given fraction division problem. Information Related Standards 1,6,"MFAS, fraction, division, context",https://www.cpalms.org/PreviewResource/Preview/55944
CPALMS_MFAS,MA.6.NSO.2.3,56825,,Students consider why a number multiplied by 10 to the third power will have three zeros in the product. Information Related Standards 1,,"MFAS, place value, zero, base ten, exponent",https://www.cpalms.org/PreviewResource/Preview/56825
CPALMS_MFAS,MA.6.NSO.3.1,57912,,Students are given two whole numbers less than or equal to 100 and asked to find the greatest common factor. Information Related Standards 1,6,"MFAS, factors, greatest common factors, multiples",https://www.cpalms.org/PreviewResource/Preview/57912
CPALMS_MFAS,MA.6.NSO.3.1,57913,,Students are asked to find the least common multiple of 8 and 12 and to explain how they found their answers. Information Related Standards 1,6,"MFAS, factors, greatest common factors, multiples, least common multiples",https://www.cpalms.org/PreviewResource/Preview/57913
CPALMS_MFAS,MA.6.NSO.3.2,60620,,Students are asked to rewrite 36 + 42 in the form a ( b + c ) where a is the greatest common factor of 36 and 42. Information Related Standards 1,6,"MFAS, common factor, greatest common factor, factoring, Distributive Property",https://www.cpalms.org/PreviewResource/Preview/60620
CPALMS_MFAS,MA.6.NSO.3.3,56845,,"Students are asked to explain what 10 to the third power means and to rewrite 1,000,000 and a product of 10 using exponents. Information Related Standards 1",,"MFAS, whole number exponents, powers of ten",https://www.cpalms.org/PreviewResource/Preview/56845
CPALMS_MFAS,MA.6.NSO.3.3,57027,,Students are asked to expand and evaluate exponential expressions containing whole number exponents. Information Related Standards 1,6,"MFAS, exponent, power, squared, cubed, evaluate",https://www.cpalms.org/PreviewResource/Preview/57027
CPALMS_MFAS,MA.6.NSO.3.3,59155,,Students are asked to write and evaluate a numerical expression using exponents. Information Related Standards 1,6,"MFAS, numerical expression, exponent, base, power",https://www.cpalms.org/PreviewResource/Preview/59155
CPALMS_MFAS,MA.6.NSO.4.1,56078,,Students are asked to describe an example of additive inverse and demonstrate the concept on a number line. Information Related Standards 1,7,"MFAS, additive inverse, zero pairs, rational numbers, integers, number line, absolute value",https://www.cpalms.org/PreviewResource/Preview/56078
CPALMS_MFAS,MA.6.NSO.4.1,56079,,Students are asked to add integers using a number line. Information Related Standards 1,7,"MFAS, rational numbers, adding integers, integers",https://www.cpalms.org/PreviewResource/Preview/56079
CPALMS_MFAS,MA.6.NSO.4.1,56080,,Students are asked to rewrite a subtraction problem as an equivalent addition problem and explain the equivalence using a number line. Information Related Standards 1,7,"MFAS, rational, number line, addition, subtraction, integer, negative",https://www.cpalms.org/PreviewResource/Preview/56080
CPALMS_MFAS,MA.6.NSO.4.1,57171,,Students are asked to find the difference between two integers using a number line. Information Related Standards 1,7,"MFAS, rational numbers, integers, subtraction, subtracting integers",https://www.cpalms.org/PreviewResource/Preview/57171
CPALMS_MFAS,MA.6.NSO.4.2,57094,,Students are shown a problem that illustrates why the product of two negatives is a positive and are asked to provide a rationale. Information Related Standards 1,7,"MFAS, distributive property, negative, multiplication, integers",https://www.cpalms.org/PreviewResource/Preview/57094
CPALMS_MFAS,MA.6.NSO.4.2,57158,,Students are asked to describe a real-world context for a given expression involving the quotient of two rational integers. Information Related Standards 1,7,"MFAS, integer, division, real-world problem",https://www.cpalms.org/PreviewResource/Preview/57158
CPALMS_MFAS,MA.6.AR.1.1,57917,,Students are asked to write expressions that record operations with numbers and variables. Information Related Standards 1,6,"MFAS, variable, expressions, write expressions, write, translate",https://www.cpalms.org/PreviewResource/Preview/57917
CPALMS_MFAS,MA.6.AR.1.1,59152,,Students are asked to write a numerical expression using exponents. Information Related Standards 1,6,"MFAS, numerical expression, exponent, base, power",https://www.cpalms.org/PreviewResource/Preview/59152
CPALMS_MFAS,MA.6.AR.1.1,62264,,Students are asked to identify key parts of algebraic expressions. Information Related Standards 1,6,"MFAS, expression, factor, coefficient, sum, product, difference, quotient, term",https://www.cpalms.org/PreviewResource/Preview/62264
CPALMS_MFAS,MA.6.AR.1.1,62290,,Students are asked to write and explain a real-world situation to accompany an algebraic expression. Information Related Standards 1,6,"MFAS, expression, algebraic expression, evaluate, real-world, declare, variable",https://www.cpalms.org/PreviewResource/Preview/62290
CPALMS_MFAS,MA.6.AR.1.1,62294,,Students are asked to use variables to write expressions that represent quantities described in context. Information Related Standards 1,6,"MFAS, algebraic expression, variable",https://www.cpalms.org/PreviewResource/Preview/62294
CPALMS_MFAS,MA.6.AR.1.1,62295,,Students are asked to interpret the significance of a variable and its possible values when given a variable expression in a real-world context. Information Related Standards 1,6,"MFAS, expression, algebraic expression, evaluate, real-world, declare, variable",https://www.cpalms.org/PreviewResource/Preview/62295
CPALMS_MFAS,MA.6.AR.1.2,58073,,Students are given a context from which to write an inequality statement. Information Related Standards 1,6,"MFAS, inequality",https://www.cpalms.org/PreviewResource/Preview/58073
CPALMS_MFAS,MA.6.AR.1.2,58074,,Students are given a context from which to write an inequality statement. Information Related Standards 1,6,"MFAS, inequality",https://www.cpalms.org/PreviewResource/Preview/58074
CPALMS_MFAS,MA.6.AR.1.2,58075,,Students are given an inequality to graph and asked to list sample solutions. Information Related Standards 1,6,"MFAS, inequality, number line",https://www.cpalms.org/PreviewResource/Preview/58075
CPALMS_MFAS,MA.6.AR.1.2,58076,,Students are given an inequality to graph and asked to select sample solutions. Information Related Standards 1,6,"MFAS, inequality, number line, rational numbers",https://www.cpalms.org/PreviewResource/Preview/58076
CPALMS_MFAS,MA.6.AR.1.3,57032,,Students are asked to evaluate numerical expressions with exponents. Information Related Standards 1,6,"MFAS, exponent, power, squared, cubed, order of operations",https://www.cpalms.org/PreviewResource/Preview/57032
CPALMS_MFAS,MA.6.AR.1.3,62274,,Students are asked to evaluate formulas for given values of the variables. Information Related Standards 1,6,"MFAS, formula, evaluate, substitute, equation, order of operations, expression, convert temperature",https://www.cpalms.org/PreviewResource/Preview/62274
CPALMS_MFAS,MA.6.AR.1.4,65222,,Students are asked to write equivalent expressions using the Distributive Property. Information Related Standards 1,6,"MFAS, expressions, Distributive Property, equivalent",https://www.cpalms.org/PreviewResource/Preview/65222
CPALMS_MFAS,MA.6.AR.1.4,65224,,Students are asked to generate and justify an expression equivalent to a given one using the properties of operations. Information Related Standards 1,6,"MFAS, equivalent, algebraic expression, property, distributive, associative, commutative, like terms",https://www.cpalms.org/PreviewResource/Preview/65224
CPALMS_MFAS,MA.6.AR.1.4,65225,,Students are asked to write expressions equivalent to a given one by using the Associative and Commutative Properties. Information Related Standards 1,6,"MFAS, equivalent, algebraic expressions, Associative Property, Commutative Property",https://www.cpalms.org/PreviewResource/Preview/65225
CPALMS_MFAS,MA.6.AR.1.4,65242,,Students are asked to identify expressions equivalent to a given expression and justify their responses. Information Related Standards 1,6,"MFAS, expression, equivalent, Distributive Property, variable, term, factor, coefficient, constant",https://www.cpalms.org/PreviewResource/Preview/65242
CPALMS_MFAS,MA.6.AR.1.4,65256,,Students are asked to identify expressions equivalent to a given exponential expression and justify their responses. Information Related Standards 1,6,"MFAS, exponent, equivalent expressions, power, base",https://www.cpalms.org/PreviewResource/Preview/65256
CPALMS_MFAS,MA.6.AR.1.4,65260,,Students are asked to determine if pairs of expressions are equivalent and to justify their responses. Information Related Standards 1,6,"MFAS, like terms, distributive, equivalent, expression, equation",https://www.cpalms.org/PreviewResource/Preview/65260
CPALMS_MFAS,MA.6.AR.1.4,65263,,Students are asked to identify expressions equivalent to a given expression and justify their responses. Information Related Standards 1,6,"MFAS, Associative Property, Commutative Property, expression, variable, coefficient, term",https://www.cpalms.org/PreviewResource/Preview/65263
CPALMS_MFAS,MA.6.AR.2.1,58069,,Students are given three equations and asked to determine if any numbers from a given set are solutions. Information Related Standards 1,6,"MFAS, equations, solutions",https://www.cpalms.org/PreviewResource/Preview/58069
CPALMS_MFAS,MA.6.AR.2.1,59156,,Students are asked to explain what it means for a number to be a solution of an equation. Information Related Standards 1,6,"MFAS, solution, equation, substitution",https://www.cpalms.org/PreviewResource/Preview/59156
CPALMS_MFAS,MA.6.AR.2.1,59157,,Students are asked to explain what it means for a number to be a solution of an inequality. Information Related Standards 1,6,"MFAS, solution, equation, inequality, substitution",https://www.cpalms.org/PreviewResource/Preview/59157
CPALMS_MFAS,MA.6.AR.2.1,69343,,Students are given three inequalities and asked to determine if any numbers from a given set are solutions. Information Related Standards 1,6,"MFAS, inequality, solution, rational numbers",https://www.cpalms.org/PreviewResource/Preview/69343
CPALMS_MFAS,MA.6.AR.2.2,63354,,Students are asked to solve a real-world problem by writing and solving an equation. Information Related Standards 1,6,"MFAS, equation, expression, variable, solution, rational numbers, fraction",https://www.cpalms.org/PreviewResource/Preview/63354
CPALMS_MFAS,MA.6.AR.2.2,65264,,Students are asked to solve a real-world problem by writing and solving an equation. Information Related Standards 1,6,"MFAS, expression, equation, variable, solution",https://www.cpalms.org/PreviewResource/Preview/65264
CPALMS_MFAS,MA.6.AR.2.3,65266,,Students are asked to solve a real-world problem by writing and solving an equation. Information Related Standards 1,6,"MFAS, equation, inverse operations",https://www.cpalms.org/PreviewResource/Preview/65266
CPALMS_MFAS,MA.6.AR.2.4,66211,,Students are asked to solve a real-world problem by writing and solving an equation. Information Related Standards 1,6,"MFAS, equation, inverse operations",https://www.cpalms.org/PreviewResource/Preview/66211
CPALMS_MFAS,MA.6.AR.3.1,54810,,Students are asked to write part-to-part and part-to-whole ratios using values given in a table. Information Related Standards 1,6,"MFAS, ratios, part-to-part, part-to-whole",https://www.cpalms.org/PreviewResource/Preview/54810
CPALMS_MFAS,MA.6.AR.3.1,54911,,Students are asked to explain the meaning of ratios in the context of problems. Information Related Standards 1,6,"MFAS, ratio, part-to-part, part-to-whole",https://www.cpalms.org/PreviewResource/Preview/54911
CPALMS_MFAS,MA.6.AR.3.1,54913,,"Students are given a scenario involving an additive comparison of two quantities, asked to write a ratio, and explain its meaning. Information Related Standards 1",6,"MFAS, ratio, additive comparison",https://www.cpalms.org/PreviewResource/Preview/54913
CPALMS_MFAS,MA.6.AR.3.1,54915,,Students are asked to determine which of three given comparisons contains a correctly computed ratio in a context involving rectangles. Information Related Standards 1,6,"MFAS, ratio, additive comparison, multiplicative comparison",https://www.cpalms.org/PreviewResource/Preview/54915
CPALMS_MFAS,MA.6.AR.3.2,55436,,Students are asked to compute and interpret unit rates in two different ways from values that include fractions and mixed numbers. Information Related Standards 1,7,"MFAS, ratio, rate, unit rate",https://www.cpalms.org/PreviewResource/Preview/55436
CPALMS_MFAS,MA.6.AR.3.2,55437,,Students are asked to compute unit rates from values that include fractions. Information Related Standards 1,7,"MFAS, rate, unit rate",https://www.cpalms.org/PreviewResource/Preview/55437
CPALMS_MFAS,MA.6.AR.3.2,56846,,Students are given verbal descriptions of rates and asked to write them as unit rates. Information Related Standards 1,6,"MFAS, rate, unit rate",https://www.cpalms.org/PreviewResource/Preview/56846
CPALMS_MFAS,MA.6.AR.3.2,56847,,Students are asked to decide if given statements express unit rates. Information Related Standards 1,6,"MFAS, rate, unit rate",https://www.cpalms.org/PreviewResource/Preview/56847
CPALMS_MFAS,MA.6.AR.3.2,56850,,Students are asked to explain the meaning of given rates and identify any that are unit rates. Information Related Standards 1,6,"MFAS, rate, unit rate",https://www.cpalms.org/PreviewResource/Preview/56850
CPALMS_MFAS,MA.6.AR.3.2,57001,,Students write and explain the meaning of a ratio and corresponding unit rate in the context of a word problem. Information Related Standards 1,6,"MFAS, ratio, rate, unit rate",https://www.cpalms.org/PreviewResource/Preview/57001
CPALMS_MFAS,MA.6.AR.3.2,68419,,Students are asked to convert a ratio of mixed numbers to a unit rate and explain its contextual meaning. Information Related Standards 1,7,"MFAS, ratio, rate, unit rate, mixed number, fraction",https://www.cpalms.org/PreviewResource/Preview/68419
CPALMS_MFAS,MA.6.AR.3.2,68422,,Students are asked to write ratios and unit rates from fractional values. Information Related Standards 1,7,"MFAS, ratio, rate, unit rate, fraction",https://www.cpalms.org/PreviewResource/Preview/68422
CPALMS_MFAS,MA.6.AR.3.3,62823,,Students are asked to write ratios equivalent to a given ratio. Information Related Standards 1,6,"MFAS, ratios, equivalent, unit rate, ratio table",https://www.cpalms.org/PreviewResource/Preview/62823
CPALMS_MFAS,MA.6.AR.3.4,62915,,Students are asked to convert a given rate to an equivalent rate out of 100. Information Related Standards 1,6,"MFAS, percent, whole, part, rate, equivalent ratio",https://www.cpalms.org/PreviewResource/Preview/62915
CPALMS_MFAS,MA.6.AR.3.4,63277,,Students are asked to find the whole given a part and a percent. Information Related Standards 1,6,"MFAS, ratio, part-to-whole, percent",https://www.cpalms.org/PreviewResource/Preview/63277
CPALMS_MFAS,MA.6.GR.1.1,57022,,"Students are asked to determine in what quadrant or on which axis, points described algebraically, are located. Information Related Standards 1",6,"MFAS, coordinates, x-axis, y-axis, points, quadrants",https://www.cpalms.org/PreviewResource/Preview/57022
CPALMS_MFAS,MA.6.GR.1.1,57023,,Students are asked to graph points given their coordinates and describe the coordinates of graphed points. Information Related Standards 1,6,"MFAS, coordinates, ordered pair, x-axis, y-axis, quadrants",https://www.cpalms.org/PreviewResource/Preview/57023
CPALMS_MFAS,MA.6.GR.1.1,60621,,Students are asked to compare the graphs of coordinates that are opposite in sign on a number line and in the coordinate plane. Information Related Standards 1,6,"MFAS, coordinate plane, number line, rational numbers, negative numbers, opposite, ordered pair, quadrant, axis, point, origin",https://www.cpalms.org/PreviewResource/Preview/60621
CPALMS_MFAS,MA.6.GR.1.1,66205,,Students are asked to graph points given their coordinates and describe the coordinates of graphed points when the axes have different scales. Information Related Standards 1,6,"MFAS, coordinate plane, ordered pair, x-axis, y-axis, quadrant, scale",https://www.cpalms.org/PreviewResource/Preview/66205
CPALMS_MFAS,MA.6.GR.1.2,60891,,Students are given the coordinates of three points (with the same x - or y -coordinate) and asked to determine the distance between pairs of points without graphing. Information Related Standards 1,6,"MFAS, ordered pairs, absolute value, distance",https://www.cpalms.org/PreviewResource/Preview/60891
CPALMS_MFAS,MA.6.GR.1.3,55427,,Students are given the coordinates of the vertices of a rectangle and are asked to graph the rectangle and find its perimeter. Information Related Standards 1,6,"MFAS, perimeter, rectangle, coordinates, points, graph",https://www.cpalms.org/PreviewResource/Preview/55427
CPALMS_MFAS,MA.6.GR.1.3,55428,,Students are asked to graph two points given their coordinates and to find the coordinates of two other points so that the four points represent the vertices of a square. Information Related Standards 1,6,"MFAS, square, coordinates, points, graph",https://www.cpalms.org/PreviewResource/Preview/55428
CPALMS_MFAS,MA.6.GR.1.3,59151,,Students are given coordinates of three vertices of a rectangle and asked to determine the fourth vertex and the area of the rectangle. Information Related Standards 1,6,"MFAS, ordered pairs, graphing, coordinate plane, distance, vertex, rectangle, area",https://www.cpalms.org/PreviewResource/Preview/59151
CPALMS_MFAS,MA.6.GR.1.3,66214,,Students are asked to draw a polygon given the coordinates of its vertices and to determine the perimeter of the polygon. Information Related Standards 1,6,"MFAS, coordinate plane, coordinates, polygon, vertices, perimeter",https://www.cpalms.org/PreviewResource/Preview/66214
CPALMS_MFAS,MA.6.GR.1.3,66216,,Students are asked to draw a polygon given the coordinates of its vertices and to determine the length of the polygon’s diagonals. Information Related Standards 1,6,"MFAS, coordinate plane, coordinates, polygon, vertices, diagonal, integer",https://www.cpalms.org/PreviewResource/Preview/66216
CPALMS_MFAS,MA.6.GR.1.3,66217,,Students are asked to draw a polygon given the coordinates of its vertices and to determine both the lengths of sides and if any sides are parallel. Information Related Standards 1,6,"MFAS, coordinate plane, coordinates, polygon, vertices, parallel",https://www.cpalms.org/PreviewResource/Preview/66217
CPALMS_MFAS,MA.6.GR.1.3,66218,,"Students are asked to draw a polygon given the coordinates of its vertices, and to determine the area of the polygon. Information Related Standards 1",6,"MFAS, coordinate plane, coordinates, polygon, vertices, area",https://www.cpalms.org/PreviewResource/Preview/66218
CPALMS_MFAS,MA.6.GR.2.1,64895,,Students are asked to find the area of two different triangles. Information Related Standards 1,6,"MFAS, area, triangle",https://www.cpalms.org/PreviewResource/Preview/64895
CPALMS_MFAS,MA.6.GR.2.2,64905,,Students are asked to find the area of a trapezoid and a parallelogram by composing or decomposing into triangles and rectangles. Information Related Standards 1,6,"MFAS, area, trapezoid, parallelogram, quadrilateral, rectangle, triangle, decompose, compose, polygon, real-world problem",https://www.cpalms.org/PreviewResource/Preview/64905
CPALMS_MFAS,MA.6.GR.2.2,65099,,Students are asked to find the area of a kite by composing it into rectangles or decomposing it into triangles. Information Related Standards 1,6,"MFAS, area, kite, quadrilateral, triangle, rectangle, decompose, compose, polygon, real-world problem",https://www.cpalms.org/PreviewResource/Preview/65099
CPALMS_MFAS,MA.6.GR.2.2,65101,,Students are asked to find the area of a composite plane figure. Information Related Standards 1,6,"MFAS, area, rectangle, decompose, compose, polygon, real-world problem",https://www.cpalms.org/PreviewResource/Preview/65101
CPALMS_MFAS,MA.6.GR.2.2,65102,,Students are asked to solve a problem involving finding the area of a composite plane figure. Information Related Standards 1,6,"MFAS, area, rectangle, decompose, polygon, quadrilateral, real-world problem",https://www.cpalms.org/PreviewResource/Preview/65102
CPALMS_MFAS,MA.6.GR.2.3,65192,,Students are asked to calculate the volume and surface area of a cube. Information Related Standards 2,7,"MFAS, surface area, volume, area, edge, face, cube, prism, rectangular prism",https://www.cpalms.org/PreviewResource/Preview/65192
CPALMS_MFAS,MA.6.GR.2.3,67873,,Students are asked to determine the number of unit prisms needed to fill a larger prism with fractional dimensions. Information Related Standards 1,6,"MFAS, volume, rectangular prism, face, edge, length, width, height, unit fraction",https://www.cpalms.org/PreviewResource/Preview/67873
CPALMS_MFAS,MA.6.GR.2.3,67875,,Students are asked to explain the relationship between two approaches to finding the volume of a right rectangular prism. Information Related Standards 1,6,"MFAS, volume, rectangular prism, face, edge, unit fraction",https://www.cpalms.org/PreviewResource/Preview/67875
CPALMS_MFAS,MA.6.GR.2.3,67879,,Students are asked to determine the volume of a right rectangular prism given fractional edge lengths. Information Related Standards 1,6,"MFAS, volume, rectangular prism, length, width, height, fraction",https://www.cpalms.org/PreviewResource/Preview/67879
CPALMS_MFAS,MA.6.GR.2.3,67881,,Students are asked to determine the volume of a right rectangular prism given fractional edge lengths. Information Related Standards 1,6,"MFAS, volume, rectangular prism, area of base, height, fraction",https://www.cpalms.org/PreviewResource/Preview/67881
CPALMS_MFAS,MA.6.GR.2.4,65200,,Students are asked to find the surface area of a composite figure. Information Related Standards 1,7,"MFAS, surface area, area, edge, face, rectangular prism, square pyramid, composite figure",https://www.cpalms.org/PreviewResource/Preview/65200
CPALMS_MFAS,MA.6.GR.2.4,66230,,Students are asked to draw a net of a three-dimensional figure. Information Related Standards 1,6,"MFAS, net, pyramid, three-dimensional, lateral edge length",https://www.cpalms.org/PreviewResource/Preview/66230
CPALMS_MFAS,MA.6.GR.2.4,67889,,Students are asked to use a net to find the surface area of a rectangular prism. Information Related Standards 1,6,"MFAS, net, rectangular prism, three-dimensional, surface area",https://www.cpalms.org/PreviewResource/Preview/67889
CPALMS_MFAS,MA.6.DP.1.1,66197,,Students are asked to determine whether or not questions are statistical and justify their responses. Information Related Standards 1,6,"MFAS, statistical question, variability",https://www.cpalms.org/PreviewResource/Preview/66197
CPALMS_MFAS,MA.6.DP.1.1,66198,,Students are asked to write a statistical question and explain why it is statistical. Information Related Standards 1,6,"MFAS, statistical question, variability",https://www.cpalms.org/PreviewResource/Preview/66198
CPALMS_MFAS,MA.6.DP.1.2,67484,,Students are asked to list measures of center and explain what they indicate about a set of data. Information Related Standards 1,6,"MFAS, mean, median, center, central tendency, average",https://www.cpalms.org/PreviewResource/Preview/67484
CPALMS_MFAS,MA.6.DP.1.3,66234,,"Students are asked to calculate measures of center and variability, identify extreme values, and interpret the meaning of each in context. Information Related Standards 1",6,"MFAS, center, median, variability, spread, interquartile range, outlier",https://www.cpalms.org/PreviewResource/Preview/66234
CPALMS_MFAS,MA.6.DP.1.3,67520,,Students are asked to list measures of variability and explain what they indicate about a set of data. Information Related Standards 1,6,"MFAS, variability, interquartile range, mean absolute deviation, range",https://www.cpalms.org/PreviewResource/Preview/67520
CPALMS_MFAS,MA.6.DP.1.4,65103,,Students are asked to describe the distribution of data given in raw form. Information Related Standards 1,6,"MFAS, frequency, distribution, center, spread, shape",https://www.cpalms.org/PreviewResource/Preview/65103
CPALMS_MFAS,MA.6.DP.1.4,65107,,Students are asked to describe and compare the centers of two data sets given their dot plots. Information Related Standards 1,6,"MFAS, frequency, distribution, center, spread, shape",https://www.cpalms.org/PreviewResource/Preview/65107
CPALMS_MFAS,MA.6.DP.1.4,65108,,Students are asked to describe and compare the spread of the distribution of two data sets given their dot plots. Information Related Standards 1,6,"MFAS, frequency, distribution, center, spread, shape",https://www.cpalms.org/PreviewResource/Preview/65108
CPALMS_MFAS,MA.6.DP.1.4,65110,,Students are asked to describe the shapes of three distributions given their dot plots and to explain the shapes in terms of the context. Information Related Standards 1,6,"MFAS, frequency, distribution, center, spread, shape",https://www.cpalms.org/PreviewResource/Preview/65110
CPALMS_MFAS,MA.6.DP.1.4,66235,,Students are asked to select the better measure of center and variability to describe each of two distributions of data. Information Related Standards 1,6,"MFAS, center, mean, median, variability, interquartile range, mean absolute deviation, distribution, spread",https://www.cpalms.org/PreviewResource/Preview/66235
CPALMS_MFAS,MA.6.DP.1.4,67205,,Students are given a histogram and are asked to describe the variable under investigation and the number of observations. Information Related Standards 1,6,"MFAS, histogram, frequency, intervals, variable, attribute, observations",https://www.cpalms.org/PreviewResource/Preview/67205
CPALMS_MFAS,MA.6.DP.1.4,67207,,"Students are asked to calculate measures of center and variability, identify outliers, and interpret the meaning of each in context. Information Related Standards 1",6,"MFAS, center, mean, variability, mean absolute deviation, distribution, spread, outlier",https://www.cpalms.org/PreviewResource/Preview/67207
CPALMS_MFAS,MA.6.DP.1.5,66201,,Students are asked to construct a histogram corresponding to a given set of data. Information Related Standards 1,6,"MFAS, data, histogram, scale, interval, frequency",https://www.cpalms.org/PreviewResource/Preview/66201
CPALMS_MFAS,MA.6.DP.1.5,66779,,Students are asked to construct a box plot corresponding to a given set of data. Information Related Standards 1,6,"MFAS, data, box plot, median, quartiles, five-number summary",https://www.cpalms.org/PreviewResource/Preview/66779
CPALMS_MFAS,MA.6.DP.1.6,67866,,Students are asked to explain the difference between measures of center and measures of variability. Information Related Standards 1,6,"MFAS, measures of center, measures of variability",https://www.cpalms.org/PreviewResource/Preview/67866
CPALMS_MFAS,MA.7.NSO.1.2,56008,,Students are given a fraction to convert to a decimal and are asked to determine if the decimal repeats. Information Related Standards 1,8,"MFAS, decimal, fraction, equivalent, rational number, repeating decimal",https://www.cpalms.org/PreviewResource/Preview/56008
CPALMS_MFAS,MA.7.NSO.1.2,57151,,Students are given an integer division problem and asked to identify fractions which are equivalent to the division problem. Information Related Standards 1,7,"MFAS, quotient, integers, rational numbers, division, divide, fraction, expressions, equivalent",https://www.cpalms.org/PreviewResource/Preview/57151
CPALMS_MFAS,MA.7.NSO.1.2,57170,,Students are asked to use long division to convert four different fractions to equivalent decimals and to identify those that are rational. Information Related Standards 1,7,"MFAS, fraction, long division, decimal, rational number, converting a fraction to a decimal",https://www.cpalms.org/PreviewResource/Preview/57170
CPALMS_MFAS,MA.7.NSO.2.1,58107,,Students are given a numerical expression to evaluate. Information Related Standards 1,7,"MFAS, order of operations, rational numbers",https://www.cpalms.org/PreviewResource/Preview/58107
CPALMS_MFAS,MA.7.NSO.2.2,56081,,"Students are asked to combine rational numbers, including fractions and decimals, and use the properties of operations to simplify calculations. Information Related Standards 1",7,"MFAS, rational numbers, integers, negative numbers, additive inverse, zero pair",https://www.cpalms.org/PreviewResource/Preview/56081
CPALMS_MFAS,MA.7.NSO.2.2,57060,,Students are asked to explain why the product of a positive and a negative rational number is negative. Information Related Standards 1,7,"MFAS, multiplication, rational numbers, negative",https://www.cpalms.org/PreviewResource/Preview/57060
CPALMS_MFAS,MA.7.NSO.2.2,57108,,Students are asked to describe a real-world context for a given expression involving the product of two rational numbers. Information Related Standards 1,7,"MFAS, multiplication, rational numbers, negative",https://www.cpalms.org/PreviewResource/Preview/57108
CPALMS_MFAS,MA.7.NSO.2.2,57164,,Students are asked to evaluate expressions involving multiplication of rational numbers and use the properties of operations to simplify calculations. Information Related Standards 1,7,"MFAS, fractions, rational numbers, properties, distributive, commutative, associative",https://www.cpalms.org/PreviewResource/Preview/57164
CPALMS_MFAS,MA.7.NSO.2.2,114108,,Students are asked to rewrite complex fractions as simple fractions in lowest terms. Information Related Standards 1,7,"MFAS, complex fractions, simple fractions, lowest terms, dividing fractions",https://www.cpalms.org/PreviewResource/Preview/114108
CPALMS_MFAS,MA.7.NSO.2.2,114866,,"Students are asked to add, subtract, multiply, and divide positive and negative fractions. Information Related Standards 1",7,"MFAS, fractions, rational numbers, positive, negative",https://www.cpalms.org/PreviewResource/Preview/114866
CPALMS_MFAS,MA.7.NSO.2.3,57173,,Students are asked to assess the reasonableness of an answer using mental computation and estimation strategies. Information Related Standards 1,7,"MFAS, rational numbers, real-life problem",https://www.cpalms.org/PreviewResource/Preview/57173
CPALMS_MFAS,MA.7.NSO.2.3,58108,,Students are asked to solve a word problem that involves finding the average of positive and negative decimal numbers. Information Related Standards 1,7,"MFAS, rational numbers, average, mean, negative, difference, average, real world",https://www.cpalms.org/PreviewResource/Preview/58108
CPALMS_MFAS,MA.7.NSO.2.3,58120,,Students are asked to solve a word problem involving division of fractions. Information Related Standards 1,7,"MFAS, fraction, division, mixed numbers, dividing fractions, real world rational numbers, real world",https://www.cpalms.org/PreviewResource/Preview/58120
CPALMS_MFAS,MA.7.NSO.2.3,60895,,Students are asked to assess the reasonableness of answers using estimation strategies. Information Related Standards 1,7,"MFAS, decimal, percent, tax, estimation",https://www.cpalms.org/PreviewResource/Preview/60895
CPALMS_MFAS,MA.7.AR.1.1,65771,,Students are asked to solve a geometric problem by simplifying an algebraic expression. Information Related Standards 1,7,"MFAS, commutative, distributive, associative, equivalent, perimeter, like terms, expression, properties of operations, add like terms, subtract like terms",https://www.cpalms.org/PreviewResource/Preview/65771
CPALMS_MFAS,MA.7.AR.1.2,58270,,Students are given an expression and are asked to identify expressions equivalent to it. Information Related Standards 1,7,"MFAS, equivalent expressions, distributive property, like terms",https://www.cpalms.org/PreviewResource/Preview/58270
CPALMS_MFAS,MA.7.AR.1.2,65767,,Students are given a polynomial with rational coefficients and asked to identify equivalent expressions from a given list. Information Related Standards 1,7,"MFAS, polynomial, like terms, rational coefficients, combine like terms, equivalent expressions, properties",https://www.cpalms.org/PreviewResource/Preview/65767
CPALMS_MFAS,MA.7.AR.1.2,66121,,Students are given equivalent expressions with rational coefficients and asked to explain what each expression represents within the context of a problem. Information Related Standards 1,7,"MFAS, equivalent expressions, rational coefficients, simplify, like terms, combine like terms",https://www.cpalms.org/PreviewResource/Preview/66121
CPALMS_MFAS,MA.7.AR.1.2,66122,,Students are given equivalent expressions with rational coefficients and asked to explain what each expression represents within the context of the problem. Information Related Standards 1,7,"MFAS, equivalent expressions, rational coefficients, simplify, linear expressions, perimeter",https://www.cpalms.org/PreviewResource/Preview/66122
CPALMS_MFAS,MA.7.AR.2.2,58294,,Students are asked to write and solve an equation of the form p ( x + q ) = r in the context of a problem about the perimeter of a square. Information Related Standards 1,7,"MFAS, equations, Distributive Property, variables, quantities, solve, two step equations",https://www.cpalms.org/PreviewResource/Preview/58294
CPALMS_MFAS,MA.7.AR.2.2,60900,,Students are asked to solve two equations involving rational numbers. Information Related Standards 1,7,"MFAS, equation, solve, multistep equation, Distributive Property, rational numbers, two-step equations",https://www.cpalms.org/PreviewResource/Preview/60900
CPALMS_MFAS,MA.7.AR.2.2,60910,,Students are asked to write and solve a two-step equation to model the relationship among variables in a given scenario. Information Related Standards 1,7,"MFAS, two-step equation, solve, equation, two step equations",https://www.cpalms.org/PreviewResource/Preview/60910
CPALMS_MFAS,MA.7.AR.2.2,60912,,Students are asked to compare an arithmetic solution to an algebraic solution of a word problem. Information Related Standards 1,7,"MFAS, algebra, arithmetic, compare, equations, inverse, operation",https://www.cpalms.org/PreviewResource/Preview/60912
CPALMS_MFAS,MA.7.AR.3.1,55441,,"Students are asked to calculate the amount of sales tax and total price, given prices of individual items to purchase. Information Related Standards 1",7,"MFAS, tax, percent, sales tax, price, total cost, multi-step problems, multi-step problem, multi-step percent problem, multi-step percent problems, taxes",https://www.cpalms.org/PreviewResource/Preview/55441
CPALMS_MFAS,MA.7.AR.3.1,55442,,Students are given gasoline prices from a year ago and today and are asked to calculate the percent change. Information Related Standards 1,7,"MFAS, percent change, proportion, proportional thinking, percent increase, percent decrease, percent increase and decrease",https://www.cpalms.org/PreviewResource/Preview/55442
CPALMS_MFAS,MA.7.AR.3.1,57175,,Students are asked to solve a multi-step problem involving percent. Information Related Standards 1,7,"MFAS, rational numbers, decimals, percents, percent change",https://www.cpalms.org/PreviewResource/Preview/57175
CPALMS_MFAS,MA.7.AR.3.1,58124,,Students are asked to complete a multi-step percent problem. Information Related Standards 1,7,"MFAS, percent, fee, deposit, proportion",https://www.cpalms.org/PreviewResource/Preview/58124
CPALMS_MFAS,MA.7.AR.3.1,58278,,Students are asked to solve a multi-step problem involving percent. Information Related Standards 1,7,"MFAS, rational numbers, decimals, percent, discount, tax, total",https://www.cpalms.org/PreviewResource/Preview/58278
CPALMS_MFAS,MA.7.AR.3.2,58277,,Students are asked to solve a multi-step problem involving rational numbers. Information Related Standards 1,7,"MFAS, rational numbers, multi-step, ratios",https://www.cpalms.org/PreviewResource/Preview/58277
CPALMS_MFAS,MA.7.AR.3.2,60574,,Students must find proportionally equivalent values given a set of rational number quantities. Information Related Standards 1,7,"MFAS, ratio, rate, equivalent ratio, proportion, real world, proportions",https://www.cpalms.org/PreviewResource/Preview/60574
CPALMS_MFAS,MA.7.AR.3.3,69355,,Students are asked to find the approximate number of trees that are saved by using recycled paper. Information Related Standards 1,,"MFAS, units, converting units, real world problem, real world problems",https://www.cpalms.org/PreviewResource/Preview/69355
CPALMS_MFAS,MA.7.AR.3.3,69359,,Students are asked to choose and justify the unit to be used in a formula and are asked to choose and explain the unit used in the answer. Information Related Standards 1,,"MFAS, volume, unit of measure, cubic feet",https://www.cpalms.org/PreviewResource/Preview/69359
CPALMS_MFAS,MA.7.AR.4.1,55438,,Students decide if two variables are proportionally related based on data given in a table. Information Related Standards 1,7,"MFAS, rate, unit rate, constant, proportional, proportional relationship",https://www.cpalms.org/PreviewResource/Preview/55438
CPALMS_MFAS,MA.7.AR.4.1,60564,,Students are asked to graph four ordered pairs given in context and decide if the variables they represent are proportionally related. Information Related Standards 1,7,"MFAS, ratio, rate, unit rate, proportional, ordered pairs, graph, constant of proportionality, proportional relationships",https://www.cpalms.org/PreviewResource/Preview/60564
CPALMS_MFAS,MA.7.AR.4.1,60572,,Students are asked to identify the graph of a proportional relationship. Information Related Standards 1,7,"MFAS, proportional, relationship, origin, proportional relationships, constant of proportionality",https://www.cpalms.org/PreviewResource/Preview/60572
CPALMS_MFAS,MA.7.AR.4.2,55960,,Students are asked to determine the constant of proportionality using a table and a graph. Information Related Standards 1,7,"MFAS, rate, unit rate, constant of proportionality, proportional relationship",https://www.cpalms.org/PreviewResource/Preview/55960
CPALMS_MFAS,MA.7.AR.4.2,55963,,Students are given a graph that models the hourly earnings of a babysitter and are asked to interpret ordered pairs in context. Information Related Standards 1,7,"MFAS, proportion, rate, unit rate, ordered pair, constant of proportionality, proportional relationships",https://www.cpalms.org/PreviewResource/Preview/55963
CPALMS_MFAS,MA.7.AR.4.2,60565,,Students are asked to identify and explain the constant of proportionality given a verbal description and a diagram representing a proportional relationship. Information Related Standards 1,7,"MFAS, rate, unit rate, constant of proportionality, equation, proportional relationship",https://www.cpalms.org/PreviewResource/Preview/60565
CPALMS_MFAS,MA.7.AR.4.2,60566,,Students are asked to identify and explain the constant of proportionality in three different equations. Information Related Standards 1,7,"MFAS, rate, unit rate, constant of proportionality, equation, proportional relationships",https://www.cpalms.org/PreviewResource/Preview/60566
CPALMS_MFAS,MA.7.AR.4.4,55440,,Students are given the number of calories in a serving of oatmeal and are asked to write an equation that models the relationship between the size of the serving and the number of calories. Information Related Standards 1,7,"MFAS, unit rate, proportions, equation, direct variation, constant of proportionality, proportional relationships, write equation",https://www.cpalms.org/PreviewResource/Preview/55440
CPALMS_MFAS,MA.7.AR.4.4,55999,,Students are asked to write an equation to represent a proportional relationship depicted in a graph. Information Related Standards 1,7,"MFAS, rate, constant of proportionality, equation, graph, proportional relationships, write equation, equation, translate",https://www.cpalms.org/PreviewResource/Preview/55999
CPALMS_MFAS,MA.7.GR.1.2,65112,,Students are asked to find the area of a composite figure. Information Related Standards 1,7,"MFAS, area, decomposition, polygon, composite figure, decompose, decomposing",https://www.cpalms.org/PreviewResource/Preview/65112
CPALMS_MFAS,MA.7.GR.1.2,65115,,Students are asked to find the area of a composite figure. Information Related Standards 1,7,"MFAS, area, decomposition, polygon, composite figure, decomposing",https://www.cpalms.org/PreviewResource/Preview/65115
CPALMS_MFAS,MA.7.GR.1.3,70706,,"Students are asked to write the formula for the circumference of a circle, explain what each symbol represents, and label the variables on a diagram. Information Related Standards 1",7,"MFAS, circle, circumference, radius, diameter, circumference of a circle, pi",https://www.cpalms.org/PreviewResource/Preview/70706
CPALMS_MFAS,MA.7.GR.1.3,70717,,Students are asked to solve a problem involving the circumference of a circle. Information Related Standards 1,7,"MFAS, circumference, diameter, radius, formula, circle, circumference of a circle, pi",https://www.cpalms.org/PreviewResource/Preview/70717
CPALMS_MFAS,MA.7.GR.1.3,122539,,Students are asked to explain the relationship between the circumference and diameter of a circle in terms of pi. Information Related Standards 1,7,"MFAS, circle, pi, circumference, diameter",https://www.cpalms.org/PreviewResource/Preview/122539
CPALMS_MFAS,MA.7.GR.1.4,70713,,"Students are asked to write the formula for the area of a circle, explain what each symbol represents, and label the radius on a diagram. Information Related Standards 1",7,"MFAS, circle, area, formula, radius",https://www.cpalms.org/PreviewResource/Preview/70713
CPALMS_MFAS,MA.7.GR.1.4,70721,,Students are asked to solve a problem involving the area of a circle. Information Related Standards 1,7,"MFAS, area, diameter, radius, formula, area of a circle, pi",https://www.cpalms.org/PreviewResource/Preview/70721
CPALMS_MFAS,MA.7.GR.1.4,70722,,Students are asked to complete and explain an informal derivation of the relationship between the circumference and area of a circle. Information Related Standards 1,7,"MFAS, circle, radius, diameter, circumference, area, sector, derive formula, informally derive formula",https://www.cpalms.org/PreviewResource/Preview/70722
CPALMS_MFAS,MA.7.GR.1.5,65803,,Students are asked to find the length and area of an object when given a scale drawing of the object. Information Related Standards 1,7,"MFAS, scale, scale drawing, scale factor, similar, length, area, dilate, ratio, proportion, constant of proportionality, triangle",https://www.cpalms.org/PreviewResource/Preview/65803
CPALMS_MFAS,MA.7.GR.1.5,65818,,Students are asked to find the ratio of the area of an object in a scale drawing to its actual area and then relate this ratio to the scale factor in the drawing. Information Related Standards 1,7,"MFAS, scale, scale drawing, scale factor, similar, length, area, ratio, proportion, constant of proportionality, scaling factor, ratio of areas",https://www.cpalms.org/PreviewResource/Preview/65818
CPALMS_MFAS,MA.7.GR.2.3,71035,,Students are asked to solve a problem that requires calculating the volume of a cylinder. Information Related Standards 1,,"MFAS, cylinder, volume, radius, diameter, base, length, height, pi",https://www.cpalms.org/PreviewResource/Preview/71035
CPALMS_MFAS,MA.7.DP.1.1,65204,,Students are asked to describe a method for collecting data in order to estimate the average height of 12 year old boys in the U.S. Information Related Standards 1,7,"MFAS, sample, mean, average, confidence, range",https://www.cpalms.org/PreviewResource/Preview/65204
CPALMS_MFAS,MA.7.DP.1.2,66143,,Students are asked to compare two distributions given side-by-side box plots. Information Related Standards 1,7,"MFAS, inference, median, interquartile range, population, random, make inferences",https://www.cpalms.org/PreviewResource/Preview/66143
CPALMS_MFAS,MA.7.DP.1.2,70681,,Students are asked to informally determine the degree of overlap between two distributions with the same interquartile range (IQR) by expressing the difference between their medians as a multiple of the IQR. Information Related Standards 1,7,"MFAS, box plot, median, interquartile range, compare, measures of central tendency, measures of center",https://www.cpalms.org/PreviewResource/Preview/70681
CPALMS_MFAS,MA.7.DP.1.2,70682,,Students are asked to informally determine the degree of overlap between two distributions with the same interquartile range (IQR) by expressing the difference between their medians as a multiple of the IQR. Information Related Standards 1,7,"MFAS, box plot, median, interquartile range, compare, measures of center, measures of central tendency",https://www.cpalms.org/PreviewResource/Preview/70682
CPALMS_MFAS,MA.7.DP.1.2,124473,,Students are asked to assess the validity of an inference regarding two distributions given their box plots. Information Related Standards 1,7,"MFAS, center, spread, median, quartile, interquartile range, box plot, statistical inference, inference",https://www.cpalms.org/PreviewResource/Preview/124473
CPALMS_MFAS,MA.7.DP.1.3,65787,,Students are asked to use data from a random sample to draw an inference about a population. Information Related Standards 1,7,"MFAS, population, estimate, inference, random, sample, make prediction, prediction, proportion",https://www.cpalms.org/PreviewResource/Preview/65787
CPALMS_MFAS,MA.7.DP.1.3,65790,,Students are asked to use data from a random sample to estimate a population parameter and explain what might be done to increase confidence in the estimate. Information Related Standards 1,7,"MFAS, population, estimate, random, sample, confidence, proportion, make predictions, prediction",https://www.cpalms.org/PreviewResource/Preview/65790
CPALMS_MFAS,MA.7.DP.1.3,124280,,Students are asked to use sample data to make and assess a prediction. Information Related Standards 1,7,"MFAS, population, estimate, inference, random, sample, variation, prediction, make predictions, make prediction",https://www.cpalms.org/PreviewResource/Preview/124280
CPALMS_MFAS,MA.7.DP.2.2,66130,,Students are asked to determine whether or not a given number could represent the probability of an event. Information Related Standards 1,7,"MFAS, probability, event",https://www.cpalms.org/PreviewResource/Preview/66130
CPALMS_MFAS,MA.7.DP.2.2,66135,,Students are asked to determine the likelihood of an event given a probability. Information Related Standards 1,7,"MFAS, probability, event, likely, unlikely, interpret the likelihood, neither likely nor unlikely, likelihood",https://www.cpalms.org/PreviewResource/Preview/66135
CPALMS_MFAS,MA.7.DP.2.2,66141,,Students are asked to determine the likelihood of an event given a probability. Information Related Standards 1,7,"MFAS, probability, likelihood, event, likely, unlikely, certain, impossible, neither likely nor unlikely, interpret the likelihood",https://www.cpalms.org/PreviewResource/Preview/66141
CPALMS_MFAS,MA.7.DP.2.3,66148,,Students are given a scenario and asked to determine the probability of two different events. Information Related Standards 1,7,"MFAS, probability, outcome, event, random, theoretical, simple experiment",https://www.cpalms.org/PreviewResource/Preview/66148
CPALMS_MFAS,MA.7.DP.2.3,70677,,Students are asked to estimate the frequency of an event given its probability and explain why an expected frequency might differ from an observed frequency. Information Related Standards 1,7,"MFAS, probability, frequency, relative frequency, observed frequency, outcome, theoretical, experimental, simple experiment",https://www.cpalms.org/PreviewResource/Preview/70677
CPALMS_MFAS,MA.7.DP.2.4,66147,,Students are asked to determine the probability of a chance event and explain possible causes for the difference between the probability and observed frequencies. Information Related Standards 1,7,"MFAS, probability, outcome, event, random, simple experiment, theoretical, experimental, simulation",https://www.cpalms.org/PreviewResource/Preview/66147
CPALMS_MFAS,MA.7.DP.2.4,66781,,Students are asked to determine probabilities based on observed outcomes and to determine if the outcomes appear to be equally likely. Information Related Standards 1,7,"MFAS, frequency, outcome, probability, equally likely, theoretical, experimental, simulation, simple experiment",https://www.cpalms.org/PreviewResource/Preview/66781
CPALMS_MFAS,MA.7.DP.2.4,66783,,Students are asked to determine probabilities based on observed outcomes and to determine if the outcomes appear to be equally likely. Information Related Standards 1,7,"MFAS, frequency, outcome, probability, likelihood, equally likely, simulation, simple experiment, experimental, theoretical",https://www.cpalms.org/PreviewResource/Preview/66783
CPALMS_MFAS,MA.7.DP.2.4,70676,,Students are asked to estimate the probability of a chance event based on observed frequencies. Information Related Standards 1,7,"MFAS, probability, observed frequency, outcome, random, simple experiment, experimental, theoretical",https://www.cpalms.org/PreviewResource/Preview/70676
CPALMS_MFAS,MA.8.NSO.1.1,56003,,"Students are asked to identify rational numbers from a list of real numbers, explain how to identify rational numbers, and to identify the number system that contains numbers that are not rational. Information Related Standards 1",8,"MFAS, rational numbers, irrational numbers",https://www.cpalms.org/PreviewResource/Preview/56003
CPALMS_MFAS,MA.8.NSO.1.1,56082,,Students are given several terminating and repeating decimals and asked to convert them to fractions. Information Related Standards 1,8,"MFAS, decimal, repeating decimal, terminating decimal, fraction, rational, irrational",https://www.cpalms.org/PreviewResource/Preview/56082
CPALMS_MFAS,MA.8.NSO.1.1,58622,,Students are asked to evaluate perfect square roots and perfect cube roots. Information Related Standards 1,8,"MFAS, perfect squares, perfect cubes, square roots, cube roots",https://www.cpalms.org/PreviewResource/Preview/58622
CPALMS_MFAS,MA.8.NSO.1.1,70477,,"Students are asked to describe the difference between rational and irrational numbers, and then explain why the product of a non-zero rational and an irrational number is irrational. Information Related Standards 1",,"MFAS, rational number, irrational number, product",https://www.cpalms.org/PreviewResource/Preview/70477
CPALMS_MFAS,MA.8.NSO.1.1,70488,,Students are asked to describe the difference between rational and irrational numbers and then explain why the sum of a rational and an irrational number is irrational. Information Related Standards 1,,"MFAS, rational number, irrational number, sum",https://www.cpalms.org/PreviewResource/Preview/70488
CPALMS_MFAS,MA.8.NSO.1.1,70526,,Students are asked to define a rational number and then explain why the sum of two rational numbers is rational. Information Related Standards 1,,"MFAS, rational number, irrational number, sum, repeating decimals, terminating decimals, proof, integers, nonrepeating nonterminating decimals",https://www.cpalms.org/PreviewResource/Preview/70526
CPALMS_MFAS,MA.8.NSO.1.2,56086,,"Students are asked to plot the square root of eight on three number lines, scaled to progressively more precision. Information Related Standards 1",8,"MFAS, rational approximations, irrational numbers, square roots",https://www.cpalms.org/PreviewResource/Preview/56086
CPALMS_MFAS,MA.8.NSO.1.2,56087,,Students are asked to graph three different irrational numbers on number lines. Information Related Standards 1,8,"MFAS, rational approximations, irrational numbers, plot on number line, graph numbers on number line",https://www.cpalms.org/PreviewResource/Preview/56087
CPALMS_MFAS,MA.8.NSO.1.2,56089,,Students are asked to estimate the value of several irrational numbers using a calculator and order them on a number line. Information Related Standards 1,8,"MFAS, irrational numbers, estimation, square root",https://www.cpalms.org/PreviewResource/Preview/56089
CPALMS_MFAS,MA.8.NSO.1.2,56093,,Students are asked to find and interpret lower and upper bounds of an irrational expression using a calculator. Information Related Standards 1,8,"MFAS, irrational number, irrational expression, rational approximation, bound, root, The Golden Ratio, sqrt5, high estimate and a low estimate",https://www.cpalms.org/PreviewResource/Preview/56093
CPALMS_MFAS,MA.8.NSO.1.3,58531,,Students are given expressions with negative exponents and are asked to identify those that are equivalent from given sets of expressions. Information Related Standards 1,8,"MFAS, exponents, equivalent expressions, negative exponents, integer exponents",https://www.cpalms.org/PreviewResource/Preview/58531
CPALMS_MFAS,MA.8.NSO.1.3,58533,,Students are given numerical expressions and asked to use properties of integer exponents to find equivalent expressions. Information Related Standards 1,8,"MFAS, exponents, equivalent expressions, powers, integer exponents, properties",https://www.cpalms.org/PreviewResource/Preview/58533
CPALMS_MFAS,MA.8.NSO.1.3,59694,,Students are asked to complete a table of powers of three and provide an explanation of zero powers. Information Related Standards 1,8,"MFAS, exponent, base, power, equivalent expression, zero power, integer exponents",https://www.cpalms.org/PreviewResource/Preview/59694
CPALMS_MFAS,MA.8.NSO.1.3,59695,,Students are asked to apply the properties of integer exponents to generate equivalent numerical expressions. Information Related Standards 1,8,"MFAS, exponent, base, power, equivalent expression, zero power, integer exponents, multiply, divide, properties",https://www.cpalms.org/PreviewResource/Preview/59695
CPALMS_MFAS,MA.8.NSO.1.4,55431,,Students are asked to estimate an extremely large and an extremely small number by writing it in the form a x . Information Related Standards 1,8,"MFAS, single digit, powers of ten, estimation, very large quantities, very small quantities",https://www.cpalms.org/PreviewResource/Preview/55431
CPALMS_MFAS,MA.8.NSO.1.4,55434,,Students are given pairs of numbers written in scientific notation and are asked to compare them multiplicatively. Information Related Standards 1,8,"MFAS, one-digit numbers, powers of ten, compare, scientific notation, express very large quantities, express very small quantities, compare large numbers",https://www.cpalms.org/PreviewResource/Preview/55434
CPALMS_MFAS,MA.8.NSO.1.4,55435,,Students are given pairs of numbers written in the form of an integer times a power of 10 and are asked to compare the numbers in each pair using the inequality symbols. Information Related Standards 1,8,"MFAS, single digit, powers of ten, compare, scientific notation, very large or very small quantities",https://www.cpalms.org/PreviewResource/Preview/55435
CPALMS_MFAS,MA.8.NSO.1.4,56083,,Students are given pairs of numbers written in exponential form and are asked to compare them multiplicatively. Information Related Standards 1,8,"MFAS, single digit, powers of ten, compare, scientific notation",https://www.cpalms.org/PreviewResource/Preview/56083
CPALMS_MFAS,MA.8.NSO.1.4,58623,,Students are given examples of calculator displays and asked to convert the notation in the display to both scientific notation and standard form. Information Related Standards 1,8,"MFAS, scientific notation, standard form, scientific calculator",https://www.cpalms.org/PreviewResource/Preview/58623
CPALMS_MFAS,MA.8.NSO.1.6,62432,,Students are given word problems with numbers in both standard and scientific notation and asked to solve problems using various operations. Information Related Standards 1,8,"MFAS, scientific notation, standard notation, word problems",https://www.cpalms.org/PreviewResource/Preview/62432
CPALMS_MFAS,MA.8.NSO.1.6,62509,,Students are asked to add and subtract numbers given in scientific notation in real-world contexts. Information Related Standards 1,8,"MFAS, scientific notation, exponent, power, base, word problems, real-world problems",https://www.cpalms.org/PreviewResource/Preview/62509
CPALMS_MFAS,MA.8.NSO.1.6,62549,,Students are asked to multiply and divide numbers given in scientific notation in real-world contexts. Information Related Standards 1,8,"MFAS, scientific notation, coefficient, base, power, exponent, real-world problems",https://www.cpalms.org/PreviewResource/Preview/62549
CPALMS_MFAS,MA.8.NSO.1.7,59158,,Students are asked to solve problems involving square roots and cube roots. Information Related Standards 1,8,"MFAS, area, volume, square root, cube root, radicals",https://www.cpalms.org/PreviewResource/Preview/59158
CPALMS_MFAS,MA.8.AR.1.3,58276,,Students are given two expressions and asked to rewrite each in factored form using the fewest number of terms. Information Related Standards 1,7,"MFAS, factors, distributive property, expression, coefficient, term, constant, common factor",https://www.cpalms.org/PreviewResource/Preview/58276
CPALMS_MFAS,MA.8.AR.2.1,59188,,Students are asked to solve a linear equation in one variable with rational coefficients. Information Related Standards 1,8,"MFAS, solve, equation, rational numbers, rational coefficients",https://www.cpalms.org/PreviewResource/Preview/59188
CPALMS_MFAS,MA.8.AR.2.1,59450,,"Students are asked to identify and explain whether given equations have one solution, no solutions, or infinitely many solutions. Information Related Standards 1",8,"MFAS, solution, identity, no solutions, equation, constant, variable, coefficient",https://www.cpalms.org/PreviewResource/Preview/59450
CPALMS_MFAS,MA.8.AR.2.1,59451,,"Students are asked to write examples of equations with one solution, no solutions, and infinitely many solutions. Information Related Standards 1",8,"MFAS, solution, identity, no solutions, equation, constant, variable, coefficient, infinitely many solutions, one solution",https://www.cpalms.org/PreviewResource/Preview/59451
CPALMS_MFAS,MA.8.AR.2.1,59560,,Students are asked to solve a linear equation in one variable with rational coefficients. Information Related Standards 1,8,"MFAS, solve, equation, distribute",https://www.cpalms.org/PreviewResource/Preview/59560
CPALMS_MFAS,MA.8.AR.2.1,59617,,Students are asked to solve a linear equation in one variable with rational coefficients and variables on both sides of the equation. Information Related Standards 1,8,"MFAS, solve, equation, distribute",https://www.cpalms.org/PreviewResource/Preview/59617
CPALMS_MFAS,MA.8.AR.2.2,60915,,Students are asked to solve a real-world problem by writing and solving an inequality. Information Related Standards 1,7,"MFAS, inequality, solve, negative integer, solution set, two step inequality, two-step inequality",https://www.cpalms.org/PreviewResource/Preview/60915
CPALMS_MFAS,MA.8.AR.2.2,60917,,"Students are asked to write, solve, and graph a two-step inequality. Information Related Standards 1",7,"MFAS, two-step inequality, graph, solve inequality, two step inequality",https://www.cpalms.org/PreviewResource/Preview/60917
CPALMS_MFAS,MA.8.AR.2.2,60919,,Students are asked to solve a two-step inequality. Information Related Standards 1,7,"MFAS, inequality, solve, two-step inequality, two step inequality",https://www.cpalms.org/PreviewResource/Preview/60919
CPALMS_MFAS,MA.8.AR.2.3,71078,,Students are asked to solve simple quadratic and cubic equations and represent solutions using square root and cube root symbols. Information Related Standards 1,8,"MFAS, perfect square, perfect cube, square root, cube root",https://www.cpalms.org/PreviewResource/Preview/71078
CPALMS_MFAS,MA.8.AR.3.2,57919,,Students are asked to determine the rate of change of two functions presented in different forms (table and graph) and determine which is the greater rate of change within a real-world context. Information Related Standards 1,8,"MFAS, function, graph, rate of change, linear, linear function, slope",https://www.cpalms.org/PreviewResource/Preview/57919
CPALMS_MFAS,MA.8.AR.3.2,58624,,"Students are asked to graph a proportional relationship, given a table of values, and find and interpret the slope. Information Related Standards 3",8,"MFAS, proportional, graph, slope, ordered pairs, table of values, determine slope, interpret slope",https://www.cpalms.org/PreviewResource/Preview/58624
CPALMS_MFAS,MA.8.AR.3.2,58625,,Students are given a graph of a proportional relationship and asked to determine the unit rate of the relationship and compare it to the slope of the graph. Information Related Standards 2,8,"MFAS, proportional, graph, unit rate, slope, linear",https://www.cpalms.org/PreviewResource/Preview/58625
CPALMS_MFAS,MA.8.AR.3.2,59187,,"Students are asked to identify, describe and compare the slopes of two proportional relationships given the graph of one and the equation of the other. Information Related Standards 2",8,"MFAS, slope, graph, linear equation, compare, proportional relationship, real-world context",https://www.cpalms.org/PreviewResource/Preview/59187
CPALMS_MFAS,MA.8.AR.3.2,64508,,Students are asked to construct a function to model a linear relationship between two quantities given two ordered pairs in context. Information Related Standards 2,8,"MFAS, function, slope, rate of change, y-intercept, initial value, linear, equation, table, dependent variable, independent variable",https://www.cpalms.org/PreviewResource/Preview/64508
CPALMS_MFAS,MA.8.AR.3.2,64525,,Students are asked to write a function to model a linear relationship given its graph. Information Related Standards 2,8,"MFAS, function, slope, rate of change, y-intercept, initial value, linear, equation, table, dependent variable, independent variable",https://www.cpalms.org/PreviewResource/Preview/64525
CPALMS_MFAS,MA.8.AR.3.2,64596,,"Students are asked to determine the rate of change and initial value of a linear function given a table of values, and interpret the rate of change and initial value in terms of the situation it models. Information Related Standards 2",8,"MFAS, linear function, rate of change, initial value, table, slope, y-intercept",https://www.cpalms.org/PreviewResource/Preview/64596
CPALMS_MFAS,MA.8.AR.3.2,64603,,"Students are asked to determine the rate of change and initial value of a linear function when given a graph, and to interpret the rate of change and initial value in terms of the situation it models. Information Related Standards 2",8,"MFAS, rate of change, slope, initial value, y-intercept, linear function, graph",https://www.cpalms.org/PreviewResource/Preview/64603
CPALMS_MFAS,MA.8.AR.3.2,66702,,Students are asked to use similar triangles to explain why the slope is the same regardless of the points used to calculate it. Information Related Standards 1,8,"MFAS, slope, rate of change, similar triangles, constant of proportionality, linear relationship",https://www.cpalms.org/PreviewResource/Preview/66702
CPALMS_MFAS,MA.8.AR.3.2,66706,,Students are asked to derive the general equation of a line containing the origin. Information Related Standards 2,8,"MFAS, slope, y-intercept, y = mx, rate of change",https://www.cpalms.org/PreviewResource/Preview/66706
CPALMS_MFAS,MA.8.AR.3.2,66710,,"Students are asked to derive the general equation of a line with a y -intercept of (0, b ). Information Related Standards 2",8,"MFAS, slope, y-intercept, y = mx + b, rate of change, equation, Linear Equation",https://www.cpalms.org/PreviewResource/Preview/66710
CPALMS_MFAS,MA.8.AR.3.3,64599,,Students are asked to construct a function to model a linear relationship between two quantities given a table of values. Information Related Standards 1,8,"MFAS, function, slope, rate of change, y-intercept, initial value, linear, equation, table, dependent variable, independent variable, table of values, real-world situation",https://www.cpalms.org/PreviewResource/Preview/64599
CPALMS_MFAS,MA.8.AR.3.5,57918,,Students are asked to determine the rates of change of two functions presented in different forms (an expression and a table) and determine which is the greater rate of change within a real-world context. Information Related Standards 1,8,"MFAS, function, expression, rate of change, linear, linear function, slope",https://www.cpalms.org/PreviewResource/Preview/57918
CPALMS_MFAS,MA.8.AR.3.5,57920,,"Students are asked to determine and interpret the initial values of two functions represented in different ways (equation and graph), and compare them. Information Related Standards 1",8,"MFAS, function, intercept, compare",https://www.cpalms.org/PreviewResource/Preview/57920
CPALMS_MFAS,MA.8.AR.3.5,57921,,"Students are asked to determine a specific value of two functions given in different forms (a graph and a verbal description) within a real-world context, and compare them. Information Related Standards 1",8,"MFAS, function, graph, verbal description, compare, real-world, equation, linear, y-intercept, slope, rate of change",https://www.cpalms.org/PreviewResource/Preview/57921
CPALMS_MFAS,MA.8.AR.3.5,69364,,Students are asked to interpret the slope of a linear model. Information Related Standards 1,8,"MFAS, slope, linear model, association, equation, real-world context, linear equation",https://www.cpalms.org/PreviewResource/Preview/69364
CPALMS_MFAS,MA.8.AR.3.5,69377,,Students are asked to interpret a specific solution and the y -intercept of a linear equation that describes a context. Information Related Standards 1,8,"MFAS, y-intercept, linear model, association, equation, real-world context",https://www.cpalms.org/PreviewResource/Preview/69377
CPALMS_MFAS,MA.8.AR.4.2,59689,,Students are asked to identify the solutions of systems of equations from their graphs and justify their answers. Information Related Standards 2,8,"MFAS, simultaneous equations, system of equations, graphed linear equations, solution, solve systems of equations graphically",https://www.cpalms.org/PreviewResource/Preview/59689
CPALMS_MFAS,MA.8.AR.4.3,59691,,Students are asked to solve a system of linear equations by graphing. Information Related Standards 1,8,"MFAS, graphing, system of linear equations, ordered pair, solution, intersecting lines",https://www.cpalms.org/PreviewResource/Preview/59691
CPALMS_MFAS,MA.8.F.1.1,55272,,Students are asked to determine if relations given by tables and mapping diagrams are functions. Information Related Standards 1,,"MFAS, functions, relations, table, mapping diagram",https://www.cpalms.org/PreviewResource/Preview/55272
CPALMS_MFAS,MA.8.F.1.1,55307,,Students are given four graphs and asked to identify which represent functions and to justify their choices. Information Related Standards 1,,"MFAS, functions, graphs, domain, range",https://www.cpalms.org/PreviewResource/Preview/55307
CPALMS_MFAS,MA.8.F.1.1,55309,,Students are asked decide if one variable is a function of the other in the context of a real-world problem. Information Related Standards 1,,"MFAS, function, domain, range",https://www.cpalms.org/PreviewResource/Preview/55309
CPALMS_MFAS,MA.8.F.1.1,57732,,Students are asked to define the term function including important properties. Information Related Standards 1,8,"MFAS, function, equation, vertical line test, graph, relation, input, output, domain, range",https://www.cpalms.org/PreviewResource/Preview/57732
CPALMS_MFAS,MA.8.F.1.1,57845,,"Students are asked to determine if each of three equations represents a function. Although the task provides equations, in their explanations students can use other representations such as ordered pairs, tables of values or graphs. Information Related Standards 1",8,"MFAS, function, equation, vertical line test, graph, relation, input, output, domain, range",https://www.cpalms.org/PreviewResource/Preview/57845
CPALMS_MFAS,MA.8.F.1.1,57846,,Students are asked to determine whether or not each of two graphs represent functions. Information Related Standards 1,8,"MFAS, function, equation, vertical line test, graph, relation, input, output",https://www.cpalms.org/PreviewResource/Preview/57846
CPALMS_MFAS,MA.8.F.1.1,57848,,Students are asked to determine whether or not tables of ordered pairs represent functions. Information Related Standards 1,8,"MFAS, function, table, vertical line test, relation, input, output",https://www.cpalms.org/PreviewResource/Preview/57848
CPALMS_MFAS,MA.8.F.1.1,59137,,Students are asked to define the term function and describe any important properties of functions. Information Related Standards 1,,"MFAS, function, function notation, f(x)",https://www.cpalms.org/PreviewResource/Preview/59137
CPALMS_MFAS,MA.8.F.1.1,59138,,Students are shown the graph of a circle and asked to identify a portion of the graph that could be removed so that the remaining portion represents a function. Information Related Standards 1,,"MFAS, functions, graphs, domain, range",https://www.cpalms.org/PreviewResource/Preview/59138
CPALMS_MFAS,MA.8.F.1.1,60618,,Students are asked to describe the domain of a function given its graph. Information Related Standards 1,,"MFAS, domain, graph, linear, function, discrete",https://www.cpalms.org/PreviewResource/Preview/60618
CPALMS_MFAS,MA.8.F.1.1,66648,,"Students are asked to determine if each of two sequences is a function and to describe its domain, if it is a function. Information Related Standards 2",,"MFAS, functions, sequences, domain",https://www.cpalms.org/PreviewResource/Preview/66648
CPALMS_MFAS,MA.8.F.1.2,60546,,"Students are asked to describe a linear function, its graph, and the meaning of its parameters. Information Related Standards 1",8,"MFAS, function, linear equation, graph, slope, y-intercept, type of function",https://www.cpalms.org/PreviewResource/Preview/60546
CPALMS_MFAS,MA.8.F.1.2,60550,,Students are asked to describe defining properties of linear functions. Information Related Standards 1,8,"MFAS, linear function, nonlinear function, slope, rate of change, initial value, y-intercept, function, slope-intercept form",https://www.cpalms.org/PreviewResource/Preview/60550
CPALMS_MFAS,MA.8.F.1.2,60553,,Students are asked to identify a function as either linear or nonlinear and to justify their decision. Information Related Standards 1,8,"MFAS, function, linear, nonlinear, equation",https://www.cpalms.org/PreviewResource/Preview/60553
CPALMS_MFAS,MA.8.F.1.3,56526,,Students are asked to sketch a graph from a verbal description. Information Related Standards 1,,"MFAS, graphing, key features of a graph, sketch",https://www.cpalms.org/PreviewResource/Preview/56526
CPALMS_MFAS,MA.8.F.1.3,56658,,Students are asked to evaluate three verbal descriptions and to state why each does or does not match a given graph. Information Related Standards 1,,"MFAS, graph, key features, interpreting graphs, verbal description",https://www.cpalms.org/PreviewResource/Preview/56658
CPALMS_MFAS,MA.8.F.1.3,64660,,Students are asked to analyze and describe the relationship between two linearly related quantities. Information Related Standards 1,8,"MFAS, function, relationship, x-axis, quantities, linear",https://www.cpalms.org/PreviewResource/Preview/64660
CPALMS_MFAS,MA.8.F.1.3,64662,,Students are given a verbal description of the relationship between two quantities and are asked to sketch a graph to model the relationship. Information Related Standards 1,8,"MFAS, function, verbal description, graph, relationship",https://www.cpalms.org/PreviewResource/Preview/64662
CPALMS_MFAS,MA.8.F.1.3,64664,,Students are given a verbal description of the relationship between two quantities and are asked to sketch a graph to model the relationship. Information Related Standards 1,8,"MFAS, function, verbal description, graph, relationship",https://www.cpalms.org/PreviewResource/Preview/64664
CPALMS_MFAS,MA.8.F.1.3,68336,,Students are asked to describe the relationship between two quantities in a nonlinear function. Information Related Standards 1,8,"MFAS, function, relationship, x-axis, y-axis, quantities, nonlinear",https://www.cpalms.org/PreviewResource/Preview/68336
CPALMS_MFAS,MA.8.GR.1.1,70734,,Students are asked to explain how a pair of figures demonstrates the Pythagorean Theorem and its converse. Information Related Standards 1,8,"MFAS, Pythagorean Theorem, converse, triangle, area",https://www.cpalms.org/PreviewResource/Preview/70734
CPALMS_MFAS,MA.8.GR.1.1,70878,,Students are asked to determine the length of a side of a right triangle in a real-world problem. Information Related Standards 1,8,"MFAS, right triangle, Pythagorean Theorem, hypotenuse, diagonal, sides, legs, square root, real-world problems",https://www.cpalms.org/PreviewResource/Preview/70878
CPALMS_MFAS,MA.8.GR.1.1,70884,,Students are asked to determine the length of a side of a right triangle in a real-world problem. Information Related Standards 1,8,"MFAS, right triangle, Pythagorean Theorem, hypotenuse, diagonal, sides, legs, square root, real-world problem",https://www.cpalms.org/PreviewResource/Preview/70884
CPALMS_MFAS,MA.8.GR.1.1,70896,,Students are asked to determine the length of a side of a right triangle in a real-world problem. Information Related Standards 1,8,"MFAS, right triangle, Pythagorean Theorem, hypotenuse, diagonal, sides, legs, square root, real-world problem",https://www.cpalms.org/PreviewResource/Preview/70896
CPALMS_MFAS,MA.8.GR.1.2,64705,,Students are asked to find the distance between two points in the coordinate plane. Information Related Standards 1,8,"MFAS, Pythagorean Theorem, right triangle, distance, coordinates, coordinate plane, hypotenuse",https://www.cpalms.org/PreviewResource/Preview/64705
CPALMS_MFAS,MA.8.GR.1.2,64709,,Students are asked to find the distance between two points in the coordinate plane. Information Related Standards 1,8,"MFAS, Pythagorean Theorem, right triangle, distance, coordinates, coordinate plane, hypotenuse",https://www.cpalms.org/PreviewResource/Preview/64709
CPALMS_MFAS,MA.8.GR.1.2,64711,,Students are asked to determine the lengths of the sides of a right triangle in the coordinate plane given the coordinates of its vertices. Information Related Standards 1,8,"MFAS, right triangle, Pythagorean Theorem, hypotenuse, diagonal, sides, legs, square root, Distance Formula, coordinate grid",https://www.cpalms.org/PreviewResource/Preview/64711
CPALMS_MFAS,MA.8.GR.1.2,64722,,Students are asked to determine the length of each side of a right triangle in the coordinate plane given the coordinates of its vertices. Information Related Standards 1,8,"MFAS, right triangle, Pythagorean Theorem, hypotenuse, diagonal, sides, legs, square root, Distance Formula, coordinate grid",https://www.cpalms.org/PreviewResource/Preview/64722
CPALMS_MFAS,MA.8.GR.1.3,70699,,"Students are asked to draw a triangle with given side lengths, and explain if these conditions determine a unique triangle. Information Related Standards 1",7,"MFAS, triangle, angles, sides, Triangle Inequality Theorem",https://www.cpalms.org/PreviewResource/Preview/70699
CPALMS_MFAS,MA.8.GR.1.3,70704,,Students are asked to determine if given lengths will determine a triangle. Information Related Standards 1,7,"MFAS, triangle, sides, Triangle Inequality Theorem",https://www.cpalms.org/PreviewResource/Preview/70704
CPALMS_MFAS,MA.8.GR.1.4,63041,,Students are asked to write and solve equations to determine unknown angle measures in supplementary and complementary angle pairs. Information Related Standards 1,7,"MFAS, supplementary, complementary, angle, equation, multi-step",https://www.cpalms.org/PreviewResource/Preview/63041
CPALMS_MFAS,MA.8.GR.1.4,63055,,Students are asked to use knowledge of angle relationships to write and solve equations to determine unknown angle measures. Information Related Standards 1,7,"MFAS, supplementary, complementary, adjacent, vertical, angle, equation",https://www.cpalms.org/PreviewResource/Preview/63055
CPALMS_MFAS,MA.8.GR.1.4,63159,,Students are asked to write and solve equations to determine unknown angle measures in supplementary angle relationships. Information Related Standards 1,7,"MFAS, supplementary angles, ratio, equation",https://www.cpalms.org/PreviewResource/Preview/63159
CPALMS_MFAS,MA.8.GR.1.4,70723,,Students are asked use knowledge of angle relationships to write and solve an equation to determine an unknown angle measure. Information Related Standards 1,7,"MFAS, supplementary, complementary, adjacent, vertical, angle, equation",https://www.cpalms.org/PreviewResource/Preview/70723
CPALMS_MFAS,MA.8.GR.1.5,70182,,Students are asked to apply the Exterior Angle of a Triangle Theorem and provide an informal justification. Information Related Standards 1,8,"MFAS, angle, interior, exterior, adjacent, non-adjacent, supplementary, informal justification",https://www.cpalms.org/PreviewResource/Preview/70182
CPALMS_MFAS,MA.8.GR.2.1,56786,,Students are asked to describe the rotations and reflections that carry a trapezoid onto itself. Information Related Standards 1,,"MFAS, rotations, reflections, transformations, trapezoids",https://www.cpalms.org/PreviewResource/Preview/56786
CPALMS_MFAS,MA.8.GR.2.1,56787,,Students are asked to describe the rotations and reflections that carry a regular polygon onto itself. Information Related Standards 1,,"MFAS, rotations, reflections, transformations, regular polygons, regular hexagon, regular pentagon",https://www.cpalms.org/PreviewResource/Preview/56787
CPALMS_MFAS,MA.8.GR.2.1,59699,,Students are asked to describe the rotations and reflections that carry a rectangle and a square onto itself. Information Related Standards 1,,"MFAS, rotations, reflections, transformations, rectangle, square.",https://www.cpalms.org/PreviewResource/Preview/59699
CPALMS_MFAS,MA.8.GR.2.1,59700,,Students are asked to describe the rotations and reflections that carry a parallelogram and rhombus onto itself. Information Related Standards 1,,"MFAS, rotations, reflections, transformations, parallelogram, rhombus.",https://www.cpalms.org/PreviewResource/Preview/59700
CPALMS_MFAS,MA.8.GR.2.1,66714,,"Students are given the opportunity to experimentally verify the properties of segment transformations (translations, reflections, and rotations). Information Related Standards 1",8,"MFAS, image, transformation, translation, rotation, reflection",https://www.cpalms.org/PreviewResource/Preview/66714
CPALMS_MFAS,MA.8.GR.2.1,66721,,"Students are given the opportunity to experimentally verify the properties of angle transformations (translations, reflections, and rotations). Information Related Standards 1",8,"MFAS, image, transformation, translation, rotation, reflection",https://www.cpalms.org/PreviewResource/Preview/66721
CPALMS_MFAS,MA.8.GR.2.1,66724,,"Students are given the opportunity to experimentally verify the properties of parallel line transformations (translations, reflections, and rotations). Information Related Standards 1",8,"MFAS, parallel lines, transformations, rotation, reflection, translation, properties",https://www.cpalms.org/PreviewResource/Preview/66724
CPALMS_MFAS,MA.8.GR.2.1,70366,,Students are asked to develop a definition of rotation. Information Related Standards 1,,"MFAS, rotation, define, parallel, perpendicular, angle, segment, center",https://www.cpalms.org/PreviewResource/Preview/70366
CPALMS_MFAS,MA.8.GR.2.1,70371,,Students are asked to develop a definition of reflection. Information Related Standards 1,,"MFAS, reflection, perpendicular lines, circles.",https://www.cpalms.org/PreviewResource/Preview/70371
CPALMS_MFAS,MA.8.GR.2.1,70382,,Students are asked to develop a definition for translation. Information Related Standards 1,,"MFAS, translation, define, vector, parallel, perpendicular, line segment, distance, direction",https://www.cpalms.org/PreviewResource/Preview/70382
CPALMS_MFAS,MA.8.GR.2.3,64604,,Students are asked to dilate two-dimensional figures in the coordinate plane and identify the coordinates of the vertices of the images. Information Related Standards 1,8,"MFAS, dilation, coordinates, transformation",https://www.cpalms.org/PreviewResource/Preview/64604
CPALMS_MFAS,MA.8.GR.2.3,64654,,Students are asked to translate two-dimensional figures in the coordinate plane and identify the coordinates of the vertices of the images. Information Related Standards 1,8,"MFAS, translation, coordinates, transformation, image",https://www.cpalms.org/PreviewResource/Preview/64654
CPALMS_MFAS,MA.8.GR.2.3,64655,,Students are asked to rotate two-dimensional figures in the coordinate plane and identify the coordinates of the vertices of the images. Information Related Standards 1,8,"MFAS, rotation, transformation, coordinates, image, preimage, coordinate plane",https://www.cpalms.org/PreviewResource/Preview/64655
CPALMS_MFAS,MA.8.GR.2.3,64656,,Students are asked to reflect two-dimensional figures in the coordinate plane and identify the coordinates of the vertices of the images. Information Related Standards 1,8,"MFAS, reflection, transformation, coordinates, image, preimage, coordinate plane",https://www.cpalms.org/PreviewResource/Preview/64656
CPALMS_MFAS,MA.8.DP.1.1,68337,,Students are asked to construct a scatterplot corresponding to a given set of data. Information Related Standards 2,8,"MFAS, scatterplot, data, construct scatterplot, real-world bivariate numerical data",https://www.cpalms.org/PreviewResource/Preview/68337
CPALMS_MFAS,MA.8.DP.1.1,69363,,"Students are given a set of data and are asked to choose the scale for the axes, graph the data, and explain why they chose the scales they used. Information Related Standards 1",,"MFAS, graph, scale, axes, data display, discrete data",https://www.cpalms.org/PreviewResource/Preview/69363
CPALMS_MFAS,MA.8.DP.1.1,69389,,Students are asked to describe potentially important variables that can be used in a model to predict the amount of damage caused by a thunderstorm. Information Related Standards 1,,"MFAS, variables, modeling, independent",https://www.cpalms.org/PreviewResource/Preview/69389
CPALMS_MFAS,MA.8.DP.1.1,69858,,Students are asked to describe potentially important variables that can be used in a model to predict the amount of time required to get to school. Information Related Standards 1,,"MFAS, model, variables",https://www.cpalms.org/PreviewResource/Preview/69858
CPALMS_MFAS,MA.8.DP.1.2,69222,,Students are given a scatter plot in a real-world context and asked to describe the association between the variables. Information Related Standards 1,8,"MFAS, association, scatterplot, real-world context",https://www.cpalms.org/PreviewResource/Preview/69222
CPALMS_MFAS,MA.8.DP.1.2,69235,,Students are given a scatterplot in a real-world context and asked to describe the association between the variables. Information Related Standards 1,8,"MFAS, association, scatterplot",https://www.cpalms.org/PreviewResource/Preview/69235
CPALMS_MFAS,MA.8.DP.1.2,69265,,Students are given a scatterplot in a real-world context and asked to describe the association between the variables. Information Related Standards 1,8,"MFAS, association, scatterplots",https://www.cpalms.org/PreviewResource/Preview/69265
CPALMS_MFAS,MA.8.DP.1.2,69284,,Students are given a scatterplot in a real-world context and asked to describe the association between the variables. Information Related Standards 1,8,"MFAS, association, scatterplot, pattern, outliers",https://www.cpalms.org/PreviewResource/Preview/69284
CPALMS_MFAS,MA.8.DP.1.3,66792,,Students are asked to informally fit a line to model the relationship between two quantitative variables and to assess how well that line fits the data. Information Related Standards 1,8,"MFAS, scatterplot, line of fit, variables, linear relationship",https://www.cpalms.org/PreviewResource/Preview/66792
CPALMS_MFAS,MA.8.DP.1.3,66795,,Students are asked to informally fit a line to model the relationship between two quantitative variables and to assess how well that line fits the data. Information Related Standards 1,8,"MFAS, scatterplot, line of fit, variables, linear relationship",https://www.cpalms.org/PreviewResource/Preview/66795
CPALMS_MFAS,MA.8.DP.1.3,66801,,Students are asked to compare two lines fitted to data to determine which fit is better. Information Related Standards 1,8,"MFAS, scatterplot, line of fit, variables, linear relationship",https://www.cpalms.org/PreviewResource/Preview/66801
CPALMS_MFAS,MA.8.DP.1.3,66802,,Students are asked to informally assess three lines fitted to data to determine which fit is the best. Information Related Standards 1,8,"MFAS, scatterplot, line of fit, variables, linear relationship",https://www.cpalms.org/PreviewResource/Preview/66802
CPALMS_MFAS,MA.8.DP.2.1,70688,,Students are asked to make an organized list that displays all possible outcomes of a compound event. Information Related Standards 1,7,"MFAS, organized list, tree diagram, outcomes, combinations, sample space",https://www.cpalms.org/PreviewResource/Preview/70688
CPALMS_MFAS,MA.8.DP.2.1,72054,,Students are asked to make a tree diagram to determine all possible outcomes of a compound event. Information Related Standards 1,7,"MFAS, organized list, tree diagram, outcomes, combinations, sample space, compound event",https://www.cpalms.org/PreviewResource/Preview/72054
CPALMS_MFAS,MA.8.DP.2.2,70685,,Students are asked to find the probability of a compound event using a tree diagram and explain how the tree diagram was used to find the probability. Information Related Standards 1,7,"MFAS, tree diagram, sample space, outcome, probability, compound event",https://www.cpalms.org/PreviewResource/Preview/70685
CPALMS_MFAS,MA.8.DP.2.3,70680,,Students are asked to estimate the frequency of an event given its probability and explain why an expected frequency might differ from an observed frequency. Information Related Standards 1,7,"MFAS, probability, frequency, relative frequency, observed frequency, outcome, simulation, experimental, theoretical, simple experiment",https://www.cpalms.org/PreviewResource/Preview/70680
CPALMS_MFAS,MA.8.DP.2.3,70690,,Students are asked to design a simulation to generate frequencies for complex events. Information Related Standards 1,7,"MFAS, simulation, probability, event, outcome, random",https://www.cpalms.org/PreviewResource/Preview/70690
CPALMS_MFAS,MA.912.NSO.1.1,69673,,Students are asked to rewrite the square root of five in exponential form and justify their choice of exponent. Information Related Standards 2,,"MFAS, square root, index, exponent, power, rational exponent, laws of exponents",https://www.cpalms.org/PreviewResource/Preview/69673
CPALMS_MFAS,MA.912.NSO.1.1,69761,,Students asked to show that two forms of an expression (exponential and radical) are equivalent. Information Related Standards 2,,"MFAS, cubing, rational exponents, properties of integer exponents, exponents, radical notation, cube root.",https://www.cpalms.org/PreviewResource/Preview/69761
CPALMS_MFAS,MA.912.NSO.1.2,66642,,Students are asked to use the properties of exponents to show that two expressions are equivalent and compare the two functions in terms of what each reveals. Information Related Standards 1,,"MFAS, exponential functions, properties of exponents, transform expressions",https://www.cpalms.org/PreviewResource/Preview/66642
CPALMS_MFAS,MA.912.NSO.1.2,66645,,Students are asked to transform an exponential expression so that the rate of change corresponds to a different time interval. Information Related Standards 2,,"MFAS, exponential functions, exponents, transform expressions",https://www.cpalms.org/PreviewResource/Preview/66645
CPALMS_MFAS,MA.912.NSO.1.2,69812,,Students are asked to convert numerical expressions from radical to exponential form. Information Related Standards 1,,"MFAS, radicals, roots, rational exponents",https://www.cpalms.org/PreviewResource/Preview/69812
CPALMS_MFAS,MA.912.NSO.1.2,69872,,Students are asked to convert numerical expressions from exponential to radical form. Information Related Standards 1,,"MFAS, radicals, roots, rational exponents",https://www.cpalms.org/PreviewResource/Preview/69872
CPALMS_MFAS,MA.912.NSO.1.2,70062,,Students are asked to convert a product of a radical and exponential expression to a single power of two. Information Related Standards 1,,"MFAS, radicals, roots, rational exponents",https://www.cpalms.org/PreviewResource/Preview/70062
CPALMS_MFAS,MA.912.NSO.1.2,70112,,Students are asked to rewrite expressions involving radicals and rational exponents in equivalent forms. Information Related Standards 1,,"MFAS, exponents, roots",https://www.cpalms.org/PreviewResource/Preview/70112
CPALMS_MFAS,MA.912.AR.1.1,58789,,Students are asked to explain how parts of an algebraic expression relate to the number and type of symbols in a sequence of diagrams. Information Related Standards 1,,"MFAS, algebraic expression, square numbers, pattern, symbols",https://www.cpalms.org/PreviewResource/Preview/58789
CPALMS_MFAS,MA.912.AR.1.1,58791,,Students are asked to determine how the volume of a cone will change when its dimensions are changed. Information Related Standards 1,,"MFAS, volume, dimensions, interpret expression",https://www.cpalms.org/PreviewResource/Preview/58791
CPALMS_MFAS,MA.912.AR.1.1,62602,,Students are asked to interpret the parts of an equation used to calculate the total purchase price including tax of a set of items. Information Related Standards 1,,"MFAS, interpreting, expressions",https://www.cpalms.org/PreviewResource/Preview/62602
CPALMS_MFAS,MA.912.AR.1.2,55015,,Students are given the slope formula and the slope-intercept equation and are asked to solve for specific variables. Information Related Standards 1,,"MFAS, literal equations, slope formula, slope-intercept equation, solving, rearranging, variable",https://www.cpalms.org/PreviewResource/Preview/55015
CPALMS_MFAS,MA.912.AR.1.2,55049,,"Students are asked to solve the formula for the surface area of a cube for e , the length of an edge of the cube. Information Related Standards 1",,"MFAS, formula, variable, solving, rearranging",https://www.cpalms.org/PreviewResource/Preview/55049
CPALMS_MFAS,MA.912.AR.1.2,55564,,"Students are given three literal equations, each involving three variables and either addition or subtraction, and are asked to solve each equation for a specific variable. Information Related Standards 1",,"MFAS, literal equations, solving, rearranging, variable",https://www.cpalms.org/PreviewResource/Preview/55564
CPALMS_MFAS,MA.912.AR.1.2,55565,,"Students are given three literal equations, each involving three variables and either multiplication or division, and are asked to solve each equation for a specific variable. Information Related Standards 1",,"MFAS, literal equations, solving, rearranging, variable",https://www.cpalms.org/PreviewResource/Preview/55565
CPALMS_MFAS,MA.912.AR.1.2,56525,,Students are given a literal linear equation and asked to solve for a specific variable. Information Related Standards 1,,"MFAS, literal, linear, equation, solve",https://www.cpalms.org/PreviewResource/Preview/56525
CPALMS_MFAS,MA.912.AR.1.2,58767,,Students are given a literal equation involving four variables and are asked to solve for the variable in the quadratic term. Information Related Standards 1,,"MFAS, formula, variable, solving, rearranging",https://www.cpalms.org/PreviewResource/Preview/58767
CPALMS_MFAS,MA.912.AR.1.3,63905,,Students are asked to find the sum of two polynomials and explain if the sum of polynomials always results in a polynomial. Information Related Standards 1,,"MFAS, polynomials, addition, sum, like terms",https://www.cpalms.org/PreviewResource/Preview/63905
CPALMS_MFAS,MA.912.AR.1.3,63966,,Students are asked to find the difference of two polynomials and explain if the difference of polynomials will always result in a polynomial. Information Related Standards 1,,"MFAS, polynomials, subtraction, difference, closure, like terms",https://www.cpalms.org/PreviewResource/Preview/63966
CPALMS_MFAS,MA.912.AR.1.3,63976,,Students are asked to multiply polynomials and explain if the product of polynomials always results in a polynomial. Information Related Standards 1,,"MFAS, polynomials, multiplication, product, like terms",https://www.cpalms.org/PreviewResource/Preview/63976
CPALMS_MFAS,MA.912.AR.1.3,64026,,Students are asked to multiply polynomials and explain if the product of two polynomials always results in a polynomial. Information Related Standards 1,,"MFAS, polynomials, multiplication, product, closure, like terms",https://www.cpalms.org/PreviewResource/Preview/64026
CPALMS_MFAS,MA.912.AR.1.7,64228,,Students are asked to rewrite quadratic expressions and identify parts of the expressions. Information Related Standards 1,,"MFAS, quadratic, binomial, factoring, coefficient",https://www.cpalms.org/PreviewResource/Preview/64228
CPALMS_MFAS,MA.912.AR.1.7,64230,,Students are asked to identify equivalent quadratic expressions and to name the form in which each expression is written. Information Related Standards 1,,"MFAS, quadratic expression, trinomial, vertex form, factored form, standard form, equivalent expressions",https://www.cpalms.org/PreviewResource/Preview/64230
CPALMS_MFAS,MA.912.AR.1.7,64356,,Students are asked to find the width of a rectangle whose area and length are given as polynomials. Information Related Standards 1,,"MFAS, expression structure, polynomial, factor, trinomial, area, length, width",https://www.cpalms.org/PreviewResource/Preview/64356
CPALMS_MFAS,MA.912.AR.1.7,64360,,Students are asked to rewrite numerical expressions to find efficient ways to calculate. Information Related Standards 1,,"MFAS, difference of two squares, perfect square trinomial, factoring",https://www.cpalms.org/PreviewResource/Preview/64360
CPALMS_MFAS,MA.912.AR.2.1,55558,,Students are asked to write and solve an equation that models a given problem. Information Related Standards 1,,"MFAS, create equation, solve equation, word problem",https://www.cpalms.org/PreviewResource/Preview/55558
CPALMS_MFAS,MA.912.AR.2.1,56521,,Students are asked to solve a linear equation in one variable. Information Related Standards 1,,"MFAS, solve, equation, linear",https://www.cpalms.org/PreviewResource/Preview/56521
CPALMS_MFAS,MA.912.AR.2.1,56522,,Students are asked to solve a linear equation in one variable with fractional coefficients. Information Related Standards 1,,"MFAS, solve, equation, linear equation, fractions",https://www.cpalms.org/PreviewResource/Preview/56522
CPALMS_MFAS,MA.912.AR.2.1,58782,,Students are asked if one linear equation follows from another that is assumed to be true. Information Related Standards 1,,"MFAS, reasons, justification, algebraic equations, linear equations",https://www.cpalms.org/PreviewResource/Preview/58782
CPALMS_MFAS,MA.912.AR.2.1,58784,,Students are asked to solve a linear equation in one variable. Information Related Standards 1,,"MFAS, solve, equation, linear, proportion",https://www.cpalms.org/PreviewResource/Preview/58784
CPALMS_MFAS,MA.912.AR.2.2,56278,,Students are asked to write an equation in two variables from a verbal description. Information Related Standards 1,,"MFAS, writing equations, two variables",https://www.cpalms.org/PreviewResource/Preview/56278
CPALMS_MFAS,MA.912.AR.2.2,56279,,"Students are asked to write an equation in three variables from a verbal description. Note: This task may assess skills that exceed the general expectation for this mathematical concept at this grade level.  The task is intended for students who have demonstrated mastery within the scope of instruction who may be ready for a more rigorous extensions of the content. As with all materials, ensure to gauge the readiness of students or adapt according to students needs prior to administration. Information Related Standards 1",,"MFAS, equations, three variables, solving equations",https://www.cpalms.org/PreviewResource/Preview/56279
CPALMS_MFAS,MA.912.AR.2.2,59820,,Students are asked to write a function given its graph. Information Related Standards 1,,"MFAS, function, graph, linear function",https://www.cpalms.org/PreviewResource/Preview/59820
CPALMS_MFAS,MA.912.AR.2.2,59834,,Students are given a table of values and are asked to write a linear function. Information Related Standards 1,,"MFAS, linear, function, table, constructing a function",https://www.cpalms.org/PreviewResource/Preview/59834
CPALMS_MFAS,MA.912.AR.2.2,60540,,Students are asked to write a function to model the relationship between two variables described in a real-world context. Information Related Standards 1,,"MFAS, function, linear, constructing a function",https://www.cpalms.org/PreviewResource/Preview/60540
CPALMS_MFAS,MA.912.AR.2.2,66771,,Students are asked to explain the relationship between a given linear equation and both a point on its graph and a point not on its graph. Information Related Standards 1,,"MFAS, linear equation, graph, solution",https://www.cpalms.org/PreviewResource/Preview/66771
CPALMS_MFAS,MA.912.AR.2.2,66775,,Students are asked to explain the relationship between a given linear equation and both a point on its graph and a point not on its graph. Information Related Standards 1,,"MFAS, linear equation, graph, solution",https://www.cpalms.org/PreviewResource/Preview/66775
CPALMS_MFAS,MA.912.AR.2.3,59185,,Students are asked to identify the slope of a line parallel to a given line and write an equation for the line given a point. Information Related Standards 1,,"MFAS, equations, parallel, slope",https://www.cpalms.org/PreviewResource/Preview/59185
CPALMS_MFAS,MA.912.AR.2.3,59186,,Students are asked to identify the slope of a line perpendicular to a given line and write an equation for the line given a point. Information Related Standards 1,,"MFAS, equations, perpendicular, slope",https://www.cpalms.org/PreviewResource/Preview/59186
CPALMS_MFAS,MA.912.AR.2.4,60573,,Students are asked to identify and describe the domains of two functions given their graphs. Information Related Standards 1,,"MFAS, domain, graph, linear, function, continuous",https://www.cpalms.org/PreviewResource/Preview/60573
CPALMS_MFAS,MA.912.AR.2.4,60619,,Students are given verbal descriptions of two functions and are asked to describe an appropriate domain for each. Information Related Standards 1,,"MFAS, domain, function",https://www.cpalms.org/PreviewResource/Preview/60619
CPALMS_MFAS,MA.912.AR.2.4,66650,,Students are asked to graph a linear function and to find the intercepts of the function as well as the maximum and minimum of the function within a given interval of the domain. Information Related Standards 1,,"MFAS, graphing, linear, function, intercepts, maximum, minimum",https://www.cpalms.org/PreviewResource/Preview/66650
CPALMS_MFAS,MA.912.AR.2.5,56281,,Students are asked to graph an equation in two variables given in context. Information Related Standards 1,,"MFAS, equations, two variables, graphing",https://www.cpalms.org/PreviewResource/Preview/56281
CPALMS_MFAS,MA.912.AR.2.5,56358,,Students are asked to determine the constraint on a profit equation and to interpret solutions as being viable or not in the context of the problem. Information Related Standards 1,,"MFAS, equations, constraints, inequality",https://www.cpalms.org/PreviewResource/Preview/56358
CPALMS_MFAS,MA.912.AR.2.5,56667,,Students are given a linear function in context and asked to interpret its parameters in the context of a problem. Information Related Standards 1,,"MFAS, linear function, slope, y-intercept, parameters",https://www.cpalms.org/PreviewResource/Preview/56667
CPALMS_MFAS,MA.912.AR.2.5,56672,,Students are given a linear function in context and asked to interpret its parameters in the context of a problem. Information Related Standards 1,,"MFAS, linear function, slope, y-intercept, parameters",https://www.cpalms.org/PreviewResource/Preview/56672
CPALMS_MFAS,MA.912.AR.2.6,55560,,Students are given a real world context and asked to model the situation by writing and then solving a multistep inequality. Information Related Standards 1,,"MFAS, inequality, solve, multistep, word problem",https://www.cpalms.org/PreviewResource/Preview/55560
CPALMS_MFAS,MA.912.AR.2.6,55561,,Students are asked to solve a multistep inequality. Information Related Standards 1,,"MFAS, solve, inequality, multistep",https://www.cpalms.org/PreviewResource/Preview/55561
CPALMS_MFAS,MA.912.AR.2.6,58785,,Students are asked to solve a linear inequality in one variable. Information Related Standards 1,,"MFAS, solve, inequality, linear",https://www.cpalms.org/PreviewResource/Preview/58785
CPALMS_MFAS,MA.912.AR.2.8,59159,,Students are asked to graph a strict < or > linear inequality in the coordinate plane. Information Related Standards 1,,"MFAS, graphing, linear inequality, coordinate plane, bounded region",https://www.cpalms.org/PreviewResource/Preview/59159
CPALMS_MFAS,MA.912.AR.2.8,59160,,Students are asked to graph all solutions for a non-strict <= or >= linear inequality in the coordinate plane. Information Related Standards 1,,"MFAS, graphing, linear inequality, coordinate plane, half-plane, boundary line, bounded region, strict inequality, non-strict inequality",https://www.cpalms.org/PreviewResource/Preview/59160
CPALMS_MFAS,MA.912.AR.3.1,58804,,Students are shown four quadratic equations and asked to choose the best method for solving each equation. Information Related Standards 1,,"MFAS, solve, equation, quadratic",https://www.cpalms.org/PreviewResource/Preview/58804
CPALMS_MFAS,MA.912.AR.3.1,62553,,Students are asked to solve a quadratic equation by completing the square. Information Related Standards 1,,"MFAS, quadratic, equation, solve, complete the square",https://www.cpalms.org/PreviewResource/Preview/62553
CPALMS_MFAS,MA.912.AR.3.1,62555,,Students are asked to solve a quadratic equation by completing the square. Information Related Standards 1,,"MFAS, quadratic, equation, solve, complete the square",https://www.cpalms.org/PreviewResource/Preview/62555
CPALMS_MFAS,MA.912.AR.3.1,62586,,Students are asked to solve a quadratic equation by completing the square. Information Related Standards 1,,"MFAS, quadratic, equation, solve, complete the square",https://www.cpalms.org/PreviewResource/Preview/62586
CPALMS_MFAS,MA.912.AR.3.1,70667,,Students are asked to write and solve an equation that models a given problem. Information Related Standards 1,,"MFAS, create equation, quadratic, factoring, word problem",https://www.cpalms.org/PreviewResource/Preview/70667
CPALMS_MFAS,MA.912.AR.3.2,59141,,Students are asked to explain how to recognize when the quadratic formula results in complex solutions. Information Related Standards 1,,"MFAS, formula, quadratic formula, complex solutions, no real solutions",https://www.cpalms.org/PreviewResource/Preview/59141
CPALMS_MFAS,MA.912.AR.3.6,62614,,Students are asked to factor and find the zeros of a polynomial function given in context. Information Related Standards 1,,"MFAS, factors, factoring, quadratic, zeros",https://www.cpalms.org/PreviewResource/Preview/62614
CPALMS_MFAS,MA.912.AR.3.6,62615,,Students are asked to rewrite a quadratic function in an equivalent form by completing the square and to use this form to identify the vertex of the graph and explain its meaning in context. Information Related Standards 1,,"MFAS, completing the square, quadratic, vertex, maximum, optimum",https://www.cpalms.org/PreviewResource/Preview/62615
CPALMS_MFAS,MA.912.AR.3.6,68072,,"Students are asked to identify the zeros of polynomials, without the use of technology, and then describe what the zeros of a polynomial indicate about its graph. Information Related Standards 1",,"MFAS, quadratic equation, factoring, zeros, x-intercepts, polynomials",https://www.cpalms.org/PreviewResource/Preview/68072
CPALMS_MFAS,MA.912.AR.3.6,69139,,"Students are asked to compare two quadratic functions, one given by a table and the other by a function. Information Related Standards 1",,"MFAS, quadratic equation, function, table, vertex, zeros",https://www.cpalms.org/PreviewResource/Preview/69139
CPALMS_MFAS,MA.912.AR.3.7,68827,,"Students are asked to graph a quadratic function and answer questions about the intercepts, maximum, and minimum. Information Related Standards 1",,"MFAS, quadratic, graphing, maximum, minimum, zeros of a function",https://www.cpalms.org/PreviewResource/Preview/68827
CPALMS_MFAS,MA.912.AR.3.8,66572,,Students are asked to graph a function in two variables given in context. Information Related Standards 1,,"MFAS, two variables, graphing, scale, quadratic function",https://www.cpalms.org/PreviewResource/Preview/66572
CPALMS_MFAS,MA.912.AR.3.8,66577,,Students are asked to find the zeros of a quadratic function in the context of a modeling problem. Information Related Standards 1,,"MFAS, quadratic equation, zeros, factor",https://www.cpalms.org/PreviewResource/Preview/66577
CPALMS_MFAS,MA.912.AR.3.8,66641,,Students are asked to rewrite a quadratic expression in vertex form to find maximum and minimum values. Information Related Standards 1,,"MFAS, quadratic, expression, equation, quadratic function, vertex form, vertex, maximum, minimum",https://www.cpalms.org/PreviewResource/Preview/66641
CPALMS_MFAS,MA.912.AR.4.1,122643,,Students are asked to solve a set of absolute value equations. Information Related Standards 1,,"MFAS, absolute value, equation",https://www.cpalms.org/PreviewResource/Preview/122643
CPALMS_MFAS,MA.912.AR.4.1,123010,,Students are asked to solve a set of absolute value equations. Information Related Standards 1,,"MFAS, absolute value, equation, word problem",https://www.cpalms.org/PreviewResource/Preview/123010
CPALMS_MFAS,MA.912.AR.4.2,122538,,Students are asked to solve a set of absolute value inequalities. Information Related Standards 1,,"MFAS, absolute value, equation",https://www.cpalms.org/PreviewResource/Preview/122538
CPALMS_MFAS,MA.912.AR.4.2,123104,,Students are asked to write absolute value inequalities to represent the relationship among values described in word problems. Information Related Standards 1,,"MFAS, absolute value, inequality, word problem",https://www.cpalms.org/PreviewResource/Preview/123104
CPALMS_MFAS,MA.912.AR.5.3,68857,,Students are asked to identify the percent rate of change of a given exponential function. Information Related Standards 2,,"MFAS, exponential function, exponentials, rate of change, percent rate of change",https://www.cpalms.org/PreviewResource/Preview/68857
CPALMS_MFAS,MA.912.AR.5.3,68858,,Students are asked to identify the percent rate of change of a given exponential function. Information Related Standards 2,,"MFAS, exponential function, exponentials, rate of change, percent rate of change",https://www.cpalms.org/PreviewResource/Preview/68858
CPALMS_MFAS,MA.912.AR.5.3,69340,,"Students are given two functions, one represented verbally and the other by a table, and are asked to compare the rate of change in each in the context of the problem. Information Related Standards 1",,"MFAS, exponential, function, growth, constant percentage rate",https://www.cpalms.org/PreviewResource/Preview/69340
CPALMS_MFAS,MA.912.AR.5.3,70462,,Students are asked to write a function that represents an annual loss of 3 percent each year. Information Related Standards 1,,"MFAS, exponential decay, exponential functions",https://www.cpalms.org/PreviewResource/Preview/70462
CPALMS_MFAS,MA.912.AR.5.4,59826,,Students are asked to write an exponential function from a written description of an exponential relationship. Information Related Standards 1,,"MFAS, exponential function, verbal description",https://www.cpalms.org/PreviewResource/Preview/59826
CPALMS_MFAS,MA.912.AR.5.4,59832,,Students are asked to write an exponential function represented by a table of values. Information Related Standards 1,,"MFAS, exponential function, table, constructing a function",https://www.cpalms.org/PreviewResource/Preview/59832
CPALMS_MFAS,MA.912.AR.5.4,59833,,Students are asked to write function rules for sequences given tables of values. Information Related Standards 1,,"MFAS, arithmetic sequence, geometric sequence, common difference, common ratio, function rule",https://www.cpalms.org/PreviewResource/Preview/59833
CPALMS_MFAS,MA.912.AR.5.4,60542,,Students are asked to write an exponential function given its graph. Information Related Standards 1,,"MFAS, exponential function, graph",https://www.cpalms.org/PreviewResource/Preview/60542
CPALMS_MFAS,MA.912.AR.5.4,66777,,Students are asked to explain the relationship between the set of solutions and the graph of an exponential equation. Information Related Standards 1,,"MFAS, exponential equation, graph, solution",https://www.cpalms.org/PreviewResource/Preview/66777
CPALMS_MFAS,MA.912.AR.5.4,70668,,Students are asked to write and solve an equation that models an exponential relationship between two variables. Information Related Standards 1,,"MFAS, word problem, exponential function, growth factor, decay factor",https://www.cpalms.org/PreviewResource/Preview/70668
CPALMS_MFAS,MA.912.AR.5.6,66569,,Students are asked to sketch a graph that depicts the exponential decline in the population of fir trees in a forest. Information Related Standards 1,,"MFAS, exponential decay, exponential functions",https://www.cpalms.org/PreviewResource/Preview/66569
CPALMS_MFAS,MA.912.AR.5.6,68849,,"Students are asked to graph an exponential function and to determine if the function is an example of exponential growth or decay, describe any intercepts, and describe the end behavior of the graph. Information Related Standards 1",,"MFAS, graphing, exponential growth, function, intercepts",https://www.cpalms.org/PreviewResource/Preview/68849
CPALMS_MFAS,MA.912.AR.5.6,70307,,Students are asked to use technology to graph exponential functions and then to describe the effect on the graph of changing the parameters of the function. Information Related Standards 1,,"MFAS, exponential functions, graphs, parameters, y-intercept, exponential growth, exponential decay",https://www.cpalms.org/PreviewResource/Preview/70307
CPALMS_MFAS,MA.912.AR.5.7,69917,,Students are asked to interpret parameters of an exponential function in context. Information Related Standards 1,,"MFAS, y-intercept, percentage rate of growth, exponential function, population growth",https://www.cpalms.org/PreviewResource/Preview/69917
CPALMS_MFAS,MA.912.AR.6.1,68084,,"Students are asked to identify the zeros of cubic polynomials, without the use of technology, and then describe what the zeros indicate about the graph. Information Related Standards 1",,"MFAS, cubic polynomial, factoring, zeros, x-intercepts",https://www.cpalms.org/PreviewResource/Preview/68084
CPALMS_MFAS,MA.912.AR.6.5,68204,,Students are given the factored form of a cubic polynomial and are asked to use the zeros to sketch the graph between two given points on the coordinate plane without the use of technology. Information Related Standards 1,,"MFAS, cubic polynomial, factoring, zeros, x-intercepts, graph",https://www.cpalms.org/PreviewResource/Preview/68204
CPALMS_MFAS,MA.912.AR.7.2,68766,,"Students are asked to graph two root functions and answer questions about the domain, maxima, and minima. Information Related Standards 1",,"MFAS, graphing, root function, intercepts, maximum, minimum, domain, increasing, decreasing",https://www.cpalms.org/PreviewResource/Preview/68766
CPALMS_MFAS,MA.912.AR.8.2,68829,,Students are asked to graph a rational function with the use of technology and identify key features of the graph. Information Related Standards 1,,"MFAS, rational function, graphing, intercepts, asymptotes",https://www.cpalms.org/PreviewResource/Preview/68829
CPALMS_MFAS,MA.912.AR.8.3,72205,,Students are asked to solve a design problem in which the length of wall used in a rectangular floor plan is minimized. Information Related Standards 1,,"MFAS, model, optimal, area, perimeter",https://www.cpalms.org/PreviewResource/Preview/72205
CPALMS_MFAS,MA.912.AR.9.1,57035,,Students are asked to solve a system of equations both algebraically and graphically. Information Related Standards 1,,"MFAS, system of equations, graphing, substitution, elimination, linear combination",https://www.cpalms.org/PreviewResource/Preview/57035
CPALMS_MFAS,MA.912.AR.9.1,57039,,Students are asked to solve a system of equations both algebraically and graphically. Information Related Standards 1,,"MFAS, system of equations, graphing, substitution, elimination, linear combination",https://www.cpalms.org/PreviewResource/Preview/57039
CPALMS_MFAS,MA.912.AR.9.1,59144,,Students are asked to solve a system of equations with rational solutions either algebraically or by graphing and are asked to justify the choice of method. Information Related Standards 1,,"MFAS, system of equations, graphing, substitution, elimination, linear combinations",https://www.cpalms.org/PreviewResource/Preview/59144
CPALMS_MFAS,MA.912.AR.9.1,59145,,Students are asked to solve a system of equations both algebraically and graphically. Information Related Standards 1,,"MFAS, system of equations, graphing, substitution, elimination, linear combinations",https://www.cpalms.org/PreviewResource/Preview/59145
CPALMS_MFAS,MA.912.AR.9.1,59690,,Students are asked to solve three systems of linear equations algebraically. Information Related Standards 1,8,"MFAS, system of linear equations, solution, algebraic solution to systems of equations",https://www.cpalms.org/PreviewResource/Preview/59690
CPALMS_MFAS,MA.912.AR.9.1,59692,,Students are asked to determine the number of solutions of each of four systems of linear equations without solving the systems of equations. Information Related Standards 1,8,"MFAS, system of linear equations, solution, intersecting lines, parallel lines, coinciding lines, number of solutions",https://www.cpalms.org/PreviewResource/Preview/59692
CPALMS_MFAS,MA.912.AR.9.1,59693,,Students are asked to solve a word problem by solving a system of linear equations. Information Related Standards 1,8,"MFAS, system of equations, real-world problem, linear equations, simultaneous equations",https://www.cpalms.org/PreviewResource/Preview/59693
CPALMS_MFAS,MA.912.AR.9.1,59705,,Students are given word problems and asked to write a pair of simultaneous linear equations that could be used to solve them. Information Related Standards 1,8,"MFAS, linear equations, simultaneous equations, system of equations, real-world, solve equations, write system of equations",https://www.cpalms.org/PreviewResource/Preview/59705
CPALMS_MFAS,MA.912.AR.9.2,59835,,"Students are asked to explain why the x -coordinate of the intersection of two functions, f and g , is a solution of the equation f ( x ) = g ( x ). Information Related Standards 1",,"MFAS, graph, function, solution, intersection",https://www.cpalms.org/PreviewResource/Preview/59835
CPALMS_MFAS,MA.912.AR.9.2,59838,,Students are asked to find the solution(s) of the equation f ( x ) = g ( x ) given the graphs of f and g and explain their reasoning. Information Related Standards 1,,"MFAS, graph, function, solution, intersection",https://www.cpalms.org/PreviewResource/Preview/59838
CPALMS_MFAS,MA.912.AR.9.2,60538,,"Students are asked to find solutions of the equation f ( x ) = g ( x ) for two given functions, f and g , by constructing a table of values. Information Related Standards 1",,"MFAS, algebraic equations, table",https://www.cpalms.org/PreviewResource/Preview/60538
CPALMS_MFAS,MA.912.AR.9.2,68597,,"Students are asked to use technology (e.g., spreadsheet, graphing calculator, or dynamic geometry software) to estimate the solutions of the equation f ( x ) = g ( x ) for given functions f and g . Information Related Standards 1",,"MFAS, linear, exponential, graphing calculator, estimate solutions",https://www.cpalms.org/PreviewResource/Preview/68597
CPALMS_MFAS,MA.912.AR.9.4,60557,,Students are asked to select the correct graph of the solution region of a given system of two linear inequalities. Information Related Standards 1,,"MFAS, graphing, linear inequality, system of inequalities",https://www.cpalms.org/PreviewResource/Preview/60557
CPALMS_MFAS,MA.912.AR.9.4,60567,,Students are asked to graph a system of two linear inequalities. Information Related Standards 1 Related Resources 1,,"MFAS, graphing, linear inequality, system of inequalities",https://www.cpalms.org/PreviewResource/Preview/60567
CPALMS_MFAS,MA.912.AR.9.6,68246,,Students are asked to model a problem involving constraints using inequalities. Information Related Standards 1,,"MFAS, equations, inequalities, linear program, constraints",https://www.cpalms.org/PreviewResource/Preview/68246
CPALMS_MFAS,MA.912.AR.9.6,68255,,Students are asked to represent constraints using inequalities given in a problem context. Information Related Standards 1,,"MFAS, equations, inequalities, linear program, constraints",https://www.cpalms.org/PreviewResource/Preview/68255
CPALMS_MFAS,MA.912.AR.9.10,59143,,Students are given a graph and a verbal description of a function and are asked to describe its domain. Information Related Standards 1,,"MFAS, function, domain",https://www.cpalms.org/PreviewResource/Preview/59143
CPALMS_MFAS,MA.912.AR.9.10,68805,,"Students are asked to graph a step function, state the domain of the function, and name any intercepts. Information Related Standards 1",,"MFAS, graphing, step function, domain, intercepts",https://www.cpalms.org/PreviewResource/Preview/68805
CPALMS_MFAS,MA.912.AR.10.5,60559,,Students are asked to write an explicit function rule given a verbal description of a functional relationship in a real-world context and are then asked to use the function rule to answer specific questions. Information Related Standards 1,,"MFAS, function rule, explicit funtion",https://www.cpalms.org/PreviewResource/Preview/60559
CPALMS_MFAS,MA.912.AR.10.5,68326,,Students are asked to write an explicit function rule given a verbal description of a functional relationship in a real-world context and are then asked to use the function rule to answer a question. Information Related Standards 1,,"MFAS, create equation, word problem, exponential function, explicit",https://www.cpalms.org/PreviewResource/Preview/68326
CPALMS_MFAS,MA.912.F.1.2,56282,,Students are asked to use function notation to rewrite the formula for the volume of a cube and to explain the meaning of the notation. Information Related Standards 1,,"MFAS, function, function notation, volume, cube",https://www.cpalms.org/PreviewResource/Preview/56282
CPALMS_MFAS,MA.912.F.1.2,56283,,"Students are asked to determine the corresponding input value for a given output using a table of values representing a function, f . Information Related Standards 1",,"MFAS, function, function notation, input value, output value",https://www.cpalms.org/PreviewResource/Preview/56283
CPALMS_MFAS,MA.912.F.1.2,56288,,Students are asked to evaluate a function at a given value of the independent variable. Information Related Standards 1,,"MFAS, functions, evaluate",https://www.cpalms.org/PreviewResource/Preview/56288
CPALMS_MFAS,MA.912.F.1.2,56305,,"Students are asked to determine the value of a function, at an input given using function notation, by inspecting its graph. Information Related Standards 1",,"MFAS, functions, graphs of functions, value",https://www.cpalms.org/PreviewResource/Preview/56305
CPALMS_MFAS,MA.912.F.1.2,56313,,Students are asked to interpret statements that use function notation in the context of a problem. Information Related Standards 1,,"MFAS, functions, interpret, function notation",https://www.cpalms.org/PreviewResource/Preview/56313
CPALMS_MFAS,MA.912.F.1.2,70022,,"Students are asked to find the first five terms of a sequence defined recursively, explain why the sequence is a function, and describe its domain Information Related Standards 1",,"MFAS, recursive, functions, domain, terms, values, sequences",https://www.cpalms.org/PreviewResource/Preview/70022
CPALMS_MFAS,MA.912.F.1.3,56663,,Students are asked to calculate and interpret the rate of change of a linear function given its graph. Information Related Standards 1,,"MFAS, rate of change, average, slope, linear, graph",https://www.cpalms.org/PreviewResource/Preview/56663
CPALMS_MFAS,MA.912.F.1.3,56664,,Students are given a graph of an exponential function and are asked to calculate and compare the average rate of change over two different intervals of time. Information Related Standards 1,,"MFAS, graph, exponential, average rate of change",https://www.cpalms.org/PreviewResource/Preview/56664
CPALMS_MFAS,MA.912.F.1.3,56665,,Students are asked to estimate the average rate of change of a nonlinear function over two different intervals given its graph. Information Related Standards 1,,"MFAS, rate of change, slope, average, estimate, interval",https://www.cpalms.org/PreviewResource/Preview/56665
CPALMS_MFAS,MA.912.F.1.3,59109,,Students are given a table of functional values in context and are asked to find the average rate of change over a specific interval. Information Related Standards 1,,"MFAS, rate of change, average rate of change, non-linear function, interval",https://www.cpalms.org/PreviewResource/Preview/59109
CPALMS_MFAS,MA.912.F.1.5,68995,,"Students are given two linear functions, one represented by a graph and the other by an equation, and asked to compare their intercepts in the context of a problem. Information Related Standards 1",,"MFAS, linear, functions, y-intercept, slope",https://www.cpalms.org/PreviewResource/Preview/68995
CPALMS_MFAS,MA.912.F.1.7,69347,,Students are asked to compare a quadratic and an exponential function in context. Information Related Standards 1,,"MFAS, quadratic, exponential, function",https://www.cpalms.org/PreviewResource/Preview/69347
CPALMS_MFAS,MA.912.F.1.8,68876,,Students are given a set of data and are asked to use technology to create a scatter plot and write a function that fits the data set. Information Related Standards 1,,"MFAS, scatter plot, exponential function, exponential growth, technology",https://www.cpalms.org/PreviewResource/Preview/68876
CPALMS_MFAS,MA.912.F.1.8,69163,,Students are given four verbal descriptions of functions and asked to identify each as either linear or exponential and to justify their choices. Information Related Standards 1,,"MFAS, functions, linear, exponential",https://www.cpalms.org/PreviewResource/Preview/69163
CPALMS_MFAS,MA.912.F.1.8,69183,,Students are asked to prove that a linear function grows by equal differences over equal intervals. Information Related Standards 1,,"MFAS, linear function, prove, slope-intercept",https://www.cpalms.org/PreviewResource/Preview/69183
CPALMS_MFAS,MA.912.F.1.8,69248,,Students are asked to prove that an exponential function grows by equal factors over equal intervals. Information Related Standards 1,,"MFAS, exponential function, prove, interval, factor",https://www.cpalms.org/PreviewResource/Preview/69248
CPALMS_MFAS,MA.912.F.1.8,69333,,"Students are given a linear and an exponential function, one represented verbally and the other by a table. Then students are asked to compare the rate of change in each in the context of the problem. Information Related Standards 1",,"MFAS, linear, exponential, functions, rate of change, rate",https://www.cpalms.org/PreviewResource/Preview/69333
CPALMS_MFAS,MA.912.F.2.1,62603,,Students are asked to compare the graphs of four different linear functions to the graph of f ( x ) = x . Information Related Standards 1,,"MFAS, linear functions, graphs, slope, y-intercept, shifts, transformations",https://www.cpalms.org/PreviewResource/Preview/62603
CPALMS_MFAS,MA.912.F.2.1,68611,,Students are given the graph of f ( x ) = x 2 and are asked to compare the graphs of five other quadratic functions to the graph of f . Information Related Standards 1,,"MFAS, graphing, technology, quadratic functions, transformations, shifts, translations, horizontal, vertical, parabola, vertex, x-axis, y- axis, axis of symmetry, maximum, minimum",https://www.cpalms.org/PreviewResource/Preview/68611
CPALMS_MFAS,MA.912.F.2.3,68640,,Students are given the graphs of three absolute values functions and are asked to write the equation of each. Information Related Standards 1,,"MFAS, absolute value function, graph, writing equations, shift, translation",https://www.cpalms.org/PreviewResource/Preview/68640
CPALMS_MFAS,MA.912.F.3.2,68331,,Students are asked to write and combine an exponential and a constant function from a verbal description to use when answering a related context question. Information Related Standards 1,,"MFAS, combine function types, write a function, exponential, constant",https://www.cpalms.org/PreviewResource/Preview/68331
CPALMS_MFAS,MA.912.F.3.5,68330,,"Students are asked to write two explicit functions given verbal descriptions in a real-world context, compose the two functions, and explain the meaning in context. Information Related Standards 1",,"MFAS, explicit functions, compose functions, building functions",https://www.cpalms.org/PreviewResource/Preview/68330
CPALMS_MFAS,MA.912.GR.1.1,56788,,Students are asked to identify a pair of vertical angles in a diagram and then prove that they are congruent. Information Related Standards 1,,"MFAS, vertical angles, congruence, angle measure, proof",https://www.cpalms.org/PreviewResource/Preview/56788
CPALMS_MFAS,MA.912.GR.1.1,56789,,,,"MFAS, congruent, alternate interior angles, Parallel Postulate, rigid motion, proof",https://www.cpalms.org/PreviewResource/Preview/56789
CPALMS_MFAS,MA.912.GR.1.1,57411,,Students are asked to construct a line parallel to a given line through a given point. Information Related Standards 1,,"MFAS, construction, compass, straightedge, parallel lines",https://www.cpalms.org/PreviewResource/Preview/57411
CPALMS_MFAS,MA.912.GR.1.1,60313,,Students are asked to prove that a point on the perpendicular bisector of a line segment is equidistant from the endpoints of the segment. Information Related Standards 1,,"MFAS, perpendicular bisector, equidistant, proof",https://www.cpalms.org/PreviewResource/Preview/60313
CPALMS_MFAS,MA.912.GR.1.1,70141,,Students are asked to describe and justify the relationship between same side interior angles. Information Related Standards 1,8,"MFAS, angle, supplementary, interior, informal justification, transversal, corresponding angle",https://www.cpalms.org/PreviewResource/Preview/70141
CPALMS_MFAS,MA.912.GR.1.1,70163,,Students are asked to describe and justify the relationship between corresponding angles and alternate interior angles. Information Related Standards 1,8,"MFAS, angle, supplementary, informal justification, transversal, corresponding angles, alternate interior angles, parallel lines",https://www.cpalms.org/PreviewResource/Preview/70163
CPALMS_MFAS,MA.912.GR.1.1,72106,,Students are asked to find the measure of an angle formed by the support poles of a tent using the properties of geometric shapes. Information Related Standards 1,,"MFAS, modeling, pentagon, rectangle, isosceles triangle, sum of interior angles",https://www.cpalms.org/PreviewResource/Preview/72106
CPALMS_MFAS,MA.912.GR.1.1,110828,,Students are asked to find the measures of angles formed by three concurrent lines and to justify their answers. Information Related Standards 1,,"MFAS, concurrent lines, vertical angles, linear pair of angles, supplementary angles, angle addition",https://www.cpalms.org/PreviewResource/Preview/110828
CPALMS_MFAS,MA.912.GR.1.1,113314,,Students are asked to find the measures of angles formed by two parallel lines and a transversal. Information Related Standards 1,,"MFAS, parallel lines, vertical angles, linear pair of angles, supplementary angles, corresponding angles, alternate interior angles, same-side interior angles",https://www.cpalms.org/PreviewResource/Preview/113314
CPALMS_MFAS,MA.912.GR.1.1,115154,,Students are asked to find the measures of angles formed by two parallel lines and two transversals. Information Related Standards 1,,"MFAS, parallel lines, linear pair of angles, supplementary angles, corresponding angles, alternate interior angles, same-side interior angles",https://www.cpalms.org/PreviewResource/Preview/115154
CPALMS_MFAS,MA.912.GR.1.1,115763,,Students are asked to find the measure of an angle in a diagram containing two parallel lines and two transversals. Information Related Standards 1,,"MFAS, parallel lines, transversal, angle bisector, supplementary angles, same-side interior angles",https://www.cpalms.org/PreviewResource/Preview/115763
CPALMS_MFAS,MA.912.GR.1.1,121284,,Students are asked to prove that corresponding angles formed by the intersection of two parallel lines and a transversal are congruent. Information Related Standards 1,,"MFAS, corresponding angles, parallel postulate, congruent",https://www.cpalms.org/PreviewResource/Preview/121284
CPALMS_MFAS,MA.912.GR.1.2,64755,,"Students are asked locate a pair of similar triangles in a diagram, explain why they are similar, and use the similarity to find two unknown lengths in the diagram. Information Related Standards 1",,"MFAS, similar triangles, proportions",https://www.cpalms.org/PreviewResource/Preview/64755
CPALMS_MFAS,MA.912.GR.1.2,65111,,"Students are asked to locate a pair of similar triangles in a diagram, explain why they are similar, and use the similarity to find an unknown length in the diagram. Information Related Standards 2",,"MFAS, similar triangles, proportions",https://www.cpalms.org/PreviewResource/Preview/65111
CPALMS_MFAS,MA.912.GR.1.2,68423,,"Students are asked to draw a triangle with given angle measures, and explain if these conditions determine a unique triangle. Information Related Standards 1",7,"MFAS, triangle, angles, sides, Triangle Inequality Theorem",https://www.cpalms.org/PreviewResource/Preview/68423
CPALMS_MFAS,MA.912.GR.1.2,68424,,Students are asked to draw a triangle given the measures of two angles and a non-included side and to explain if these conditions determine a unique triangle. Information Related Standards 1,7,"MFAS, triangle, angle, non-included side, Triangle Inequality Theorem",https://www.cpalms.org/PreviewResource/Preview/68424
CPALMS_MFAS,MA.912.GR.1.2,68425,,Students are asked to draw a triangle given the measures of two angles and their included side and to explain if these conditions determine a unique triangle. Information Related Standards 1,7,"MFAS, included side, triangle, Triangle Inequality Theorem",https://www.cpalms.org/PreviewResource/Preview/68425
CPALMS_MFAS,MA.912.GR.1.2,70358,,Students are asked to write an informal justification of the AA Similarity Theorem. Information Related Standards 1,,"MFAS, triangles, AA Similarity Theorem",https://www.cpalms.org/PreviewResource/Preview/70358
CPALMS_MFAS,MA.912.GR.1.2,70695,,Students are asked to draw a triangle given the measures of two sides and their included angle and to explain if these conditions determine a unique triangle. Information Related Standards 1,7,"MFAS, included angle, triangle",https://www.cpalms.org/PreviewResource/Preview/70695
CPALMS_MFAS,MA.912.GR.1.2,70698,,Students are asked to draw a triangle given the lengths of two of its sides and the measure of a nonincluded angle and to decide if these conditions determine a unique triangle. Information Related Standards 1,7,"MFAS, triangle, angles, sides, Triangle Inequality Theorem",https://www.cpalms.org/PreviewResource/Preview/70698
CPALMS_MFAS,MA.912.GR.1.2,72987,,Students are asked to describe the AA Similarity Theorem. Information Related Standards 1,,"MFAS, similar, triangle, AA theorem",https://www.cpalms.org/PreviewResource/Preview/72987
CPALMS_MFAS,MA.912.GR.1.2,72989,,Students are asked to justify statements of a proof of the AA Similarity Theorem. Information Related Standards 2,,"MFAS, similar triangles, similarity, AA theorem",https://www.cpalms.org/PreviewResource/Preview/72989
CPALMS_MFAS,MA.912.GR.1.3,56830,,Students are asked to prove that the base angles of an isosceles triangle are congruent. Information Related Standards 1,,"MFAS, prove, isosceles triangle, congruent base angles",https://www.cpalms.org/PreviewResource/Preview/56830
CPALMS_MFAS,MA.912.GR.1.3,60310,,Students are asked prove that the measures of the interior angles of a triangle sum to 180°. Information Related Standards 1,,"MFAS, proof, triangle sum theorem, triangle interior angle sum, alternate interior angles",https://www.cpalms.org/PreviewResource/Preview/60310
CPALMS_MFAS,MA.912.GR.1.3,60439,,Students are asked to prove that the medians of a triangle are concurrent. Information Related Standards 1,,"MFAS, medians of a triangle, concurrent, proof, concurrent lines",https://www.cpalms.org/PreviewResource/Preview/60439
CPALMS_MFAS,MA.912.GR.1.3,70728,,Students are asked to provide an informal justification of the Triangle Sum Theorem. Information Related Standards 1,,"MFAS, interior, angle, side, triangle, theorem, informal justification",https://www.cpalms.org/PreviewResource/Preview/70728
CPALMS_MFAS,MA.912.GR.1.3,71668,,Students are asked to prove that a line parallel to one side of a triangle divides the other two sides of the triangle proportionally. Information Related Standards 1,,"MFAS, triangle proportionality theorem, side splitter theorem, proof",https://www.cpalms.org/PreviewResource/Preview/71668
CPALMS_MFAS,MA.912.GR.1.3,72160,,"Students are asked to prove that if a line intersecting two sides of a triangle divides those two sides proportionally, then that line is parallel to the third side. Information Related Standards 1",,"MFAS, triangle proportionality theorem, side splitter theorem, proof, converse",https://www.cpalms.org/PreviewResource/Preview/72160
CPALMS_MFAS,MA.912.GR.1.3,72189,,Students are asked to prove the Pythagorean Theorem using similar triangles. Information Related Standards 1,,"MFAS, Pythagorean Theorem, proof",https://www.cpalms.org/PreviewResource/Preview/72189
CPALMS_MFAS,MA.912.GR.1.3,72325,,Students are asked to prove that the length of the altitude to the hypotenuse of a right triangle is the geometric mean of the lengths of the two segments of the hypotenuse. Information Related Standards 1,,"MFAS, geometric mean, proof, similar triangle, similarity",https://www.cpalms.org/PreviewResource/Preview/72325
CPALMS_MFAS,MA.912.GR.1.3,116366,,Students are asked to describe a triangle whose vertices are the endpoints of a segment and a point on the perpendicular bisector of a segment. Information Related Standards 1,,"MFAS, perpendicular bisector, segment, equidistant",https://www.cpalms.org/PreviewResource/Preview/116366
CPALMS_MFAS,MA.912.GR.1.3,117063,,Students are given the lengths of two sides of a triangle and asked to describe all possible lengths of the remaining side. Information Related Standards 1,,"MFAS, triangle, sides, Triangle Inequality Theorem",https://www.cpalms.org/PreviewResource/Preview/117063
CPALMS_MFAS,MA.912.GR.1.3,117383,,Students are given a triangle in which the midpoints of two sides are shown and are asked to describe a method for locating the midpoint of the remaining side using only a straight edge and pencil. Information Related Standards 1,,"MFAS, triangle, sides, midpoints, medians, concurrent, centroid",https://www.cpalms.org/PreviewResource/Preview/117383
CPALMS_MFAS,MA.912.GR.1.3,120654,,Students are asked to explain why the sum of the measures of the interior angles of a convex n -gon is given by the formula ( n – 2)180°. Information Related Standards 1,,"MFAS, polygon, interior angles, interior angle sum",https://www.cpalms.org/PreviewResource/Preview/120654
CPALMS_MFAS,MA.912.GR.1.3,120657,,Students are asked to explain why a quadrilateral formed by drawing the midsegments of a triangle is a parallelogram and to find the perimeter of the triangle formed by the midsegments. Information Related Standards 1,,"MFAS, triangle, midpoint, midsegment, perimeter, parallel",https://www.cpalms.org/PreviewResource/Preview/120657
CPALMS_MFAS,MA.912.GR.1.3,123053,,Students are asked to prove the Triangle Inequality Theorem. Information Related Standards 1,,"MFAS, triangle, sides, inequality",https://www.cpalms.org/PreviewResource/Preview/123053
CPALMS_MFAS,MA.912.GR.1.3,123108,,Students are asked to explain why the sum of the lengths of the diagonals of an isosceles trapezoid is less than its perimeter. Information Related Standards 2,,"MFAS, trapezoid, isoceles trapezoid, diagonals, perimeter",https://www.cpalms.org/PreviewResource/Preview/123108
CPALMS_MFAS,MA.912.GR.1.3,123110,,Students are given the measure of one interior angle of an isosceles triangle and are asked to find the measure of another interior angle. Information Related Standards 1,,"MFAS, interior angle, isosceles triangle, measure",https://www.cpalms.org/PreviewResource/Preview/123110
CPALMS_MFAS,MA.912.GR.1.4,60821,,Students are asked to prove that opposite sides of a parallelogram are congruent. Information Related Standards 1,,"MFAS, proof, parallelogram, congruent sides",https://www.cpalms.org/PreviewResource/Preview/60821
CPALMS_MFAS,MA.912.GR.1.4,60824,,Students are asked to prove that opposite angles of a parallelogram are congruent. Information Related Standards 1,,"MFAS, proof, parallelogram, opposite angles, congruence",https://www.cpalms.org/PreviewResource/Preview/60824
CPALMS_MFAS,MA.912.GR.1.4,60825,,Students are asked to prove that the diagonals of a parallelogram bisect each other. Information Related Standards 1,,"MFAS, proof, parallelogram, diagonals, bisect",https://www.cpalms.org/PreviewResource/Preview/60825
CPALMS_MFAS,MA.912.GR.1.4,60826,,Students are asked to prove that a rectangle is a parallelogram. Information Related Standards 1,,"MFAS, proof, rectangle, parallelogram",https://www.cpalms.org/PreviewResource/Preview/60826
CPALMS_MFAS,MA.912.GR.1.4,60827,,Students are asked to prove that the diagonals of a rectangle are congruent. Information Related Standards 1,,"MFAS, proof, rectangle, congruent diagonals",https://www.cpalms.org/PreviewResource/Preview/60827
CPALMS_MFAS,MA.912.GR.1.4,65105,,Students are asked to prove a specific diagonal of a rhombus bisects a pair of angles. Information Related Standards 1,,"MFAS, diagonals, angles, rhombus, bisect, congruence",https://www.cpalms.org/PreviewResource/Preview/65105
CPALMS_MFAS,MA.912.GR.1.4,121285,,Students are given expressions that represent the measures of two angles of a parallelogram and are asked to find the measures of all four angles describing any theorems used. Information Related Standards 1,,"MFAS, parallelogram, opposite angles, consecutive angles",https://www.cpalms.org/PreviewResource/Preview/121285
CPALMS_MFAS,MA.912.GR.1.4,121287,,Students are asked to explain why a pair of triangles formed by the sides and diagonals of a parallelogram are congruent. Information Related Standards 1,,"MFAS, prove, parallelogram, triangles, congruent",https://www.cpalms.org/PreviewResource/Preview/121287
CPALMS_MFAS,MA.912.GR.1.4,121654,,Students are asked to explain how to determine whether a four-sided frame is a rectangle using only a tape measure. Information Related Standards 1,,"MFAS, parallelogram, rectangle, diagonals",https://www.cpalms.org/PreviewResource/Preview/121654
CPALMS_MFAS,MA.912.GR.1.4,123014,,Students are given expressions that represent the measures of two angles of a parallelogram and are asked to find the measure of an angle opposite one of the given angles. Information Related Standards 1,,"MFAS, parallelograms, angle measure, equations",https://www.cpalms.org/PreviewResource/Preview/123014
CPALMS_MFAS,MA.912.GR.1.4,123093,,Students are given parallelogram ABCD along with midpoint E of diagonal AC and are asked to determine the relationship between the lengths AE + ED and BE + EC . Information Related Standards 1,,"MFAS, parallelogram, diagonals, midpoint",https://www.cpalms.org/PreviewResource/Preview/123093
CPALMS_MFAS,MA.912.GR.1.6,64752,,Students are asked to decide if a basketball goal is regulation height and are given enough information to determine this using similar triangles. Information Related Standards 1,,"MFAS, similar triangles, proportions",https://www.cpalms.org/PreviewResource/Preview/64752
CPALMS_MFAS,MA.912.GR.1.6,64754,,Students are given a diagram of a county fair and are asked to use similar triangles to determine distances from one location of the fair to another. Information Related Standards 1,,"MFAS, similar triangles, proportions, fractions, numerator, denominator",https://www.cpalms.org/PreviewResource/Preview/64754
CPALMS_MFAS,MA.912.GR.1.6,66726,,Students are asked to explain congruence in terms of rigid motions. Information Related Standards 2,,"MFAS, congruent, rigid motion, transformation, rotation, reflection, translation",https://www.cpalms.org/PreviewResource/Preview/66726
CPALMS_MFAS,MA.912.GR.2.1,59164,,Students are given examples of three transformations and are asked if each is a function. Information Related Standards 1,,"MFAS, functions, translation, reflection, rotation, transformation, rigid motion",https://www.cpalms.org/PreviewResource/Preview/59164
CPALMS_MFAS,MA.912.GR.2.1,59176,,Students are asked to translate a quadrilateral according to a given vector. Information Related Standards 1,,"MFAS, translation, transformation",https://www.cpalms.org/PreviewResource/Preview/59176
CPALMS_MFAS,MA.912.GR.2.2,59166,,Students are asked to determine whether or not dilations and reflections preserve distance and angle measure. Information Related Standards 1,,"MFAS, transformation, distance, angle measure",https://www.cpalms.org/PreviewResource/Preview/59166
CPALMS_MFAS,MA.912.GR.2.3,66727,,Students are asked to describe a rigid motion to demonstrate that two polygons are congruent. Information Related Standards 1,8,"MFAS, rigid motion, transformation, translation, congruence, parallelogram",https://www.cpalms.org/PreviewResource/Preview/66727
CPALMS_MFAS,MA.912.GR.2.3,66728,,Students are asked to describe a rigid motion to demonstrate two polygons are congruent. Information Related Standards 1,8,"MFAS, rigid motion, transformation, reflection, congruence, pentagon",https://www.cpalms.org/PreviewResource/Preview/66728
CPALMS_MFAS,MA.912.GR.2.3,66738,,Students are asked to describe a rigid motion to demonstrate two polygons are congruent. Information Related Standards 1,8,"MFAS, rigid motion, transformation, rotation, congruence, triangle",https://www.cpalms.org/PreviewResource/Preview/66738
CPALMS_MFAS,MA.912.GR.2.3,66741,,Students are asked to describe a sequence of rigid motions to demonstrate the congruence of two polygons. Information Related Standards 1,8,"MFAS, rigid motion, transformation, translation, rotation, reflection, vector, center of rotation, sequence pf transformations",https://www.cpalms.org/PreviewResource/Preview/66741
CPALMS_MFAS,MA.912.GR.2.3,69425,,Students are asked to describe a sequence of transformations to show that two polygons are similar. Information Related Standards 1,8,"MFAS, transformations, rotation, dilation, similarity",https://www.cpalms.org/PreviewResource/Preview/69425
CPALMS_MFAS,MA.912.GR.2.3,69919,,Students are asked to describe a sequence of transformations to show that two polygons are similar. Information Related Standards 1,8,"MFAS, transformations, reflection, dilation, similarity, polygon, trapezoid",https://www.cpalms.org/PreviewResource/Preview/69919
CPALMS_MFAS,MA.912.GR.2.3,69920,,Students are asked to describe a sequence of transformations that demonstrates two polygons are similar. Information Related Standards 1,8,"MFAS, rigid motion, transformation, translation, rotation, reflection, dilation, vector, center of rotation, center of dilation, collinear, scale, scaling",https://www.cpalms.org/PreviewResource/Preview/69920
CPALMS_MFAS,MA.912.GR.2.3,70536,,Students are asked to describe the transformations that take one triangle onto another. Information Related Standards 1,,"MFAS, reflection, rotation, translation, transformations, rigid motion, congruence",https://www.cpalms.org/PreviewResource/Preview/70536
CPALMS_MFAS,MA.912.GR.2.3,70570,,Students are asked to describe the transformations that take one triangle onto another. Information Related Standards 1,,"MFAS, reflection, rotation, translation, transformations, rigid motion, congruence",https://www.cpalms.org/PreviewResource/Preview/70570
CPALMS_MFAS,MA.912.GR.2.3,120649,,Students are asked to use rigid motion to explain why the HL pattern of congruence ensures right triangle congruence. Information Related Standards 2,,"MFAS, HL, hypotenuse-leg, congruence, rigid motions, triangles, transformations",https://www.cpalms.org/PreviewResource/Preview/120649
CPALMS_MFAS,MA.912.GR.2.5,59161,,Students are asked to rotate a quadrilateral 90 degrees clockwise. Information Related Standards 1,,"MFAS, rotation, transformation",https://www.cpalms.org/PreviewResource/Preview/59161
CPALMS_MFAS,MA.912.GR.2.5,59162,,Students are asked to reflect a quadrilateral across a given line. Information Related Standards 1,,"MFAS, reflection, transformation",https://www.cpalms.org/PreviewResource/Preview/59162
CPALMS_MFAS,MA.912.GR.2.5,70551,,Students are asked to reflect a semicircle across a given line. Information Related Standards 1,,"MFAS, reflection, semicircle, transformation",https://www.cpalms.org/PreviewResource/Preview/70551
CPALMS_MFAS,MA.912.GR.2.5,70583,,Students are asked to rotate a quadrilateral around a given point. Information Related Standards 1,,"MFAS, rotation, transformation, rigid motion",https://www.cpalms.org/PreviewResource/Preview/70583
CPALMS_MFAS,MA.912.GR.2.5,70593,,Students are asked to describe what happens to a triangle after repeated reflections and rotations. Information Related Standards 1,,"MFAS, reflection, rotation, transformations",https://www.cpalms.org/PreviewResource/Preview/70593
CPALMS_MFAS,MA.912.GR.2.5,72776,,Students are asked to graph the image of two points on a line after a dilation using a center on the line and to generalize about dilations of lines when the line contains the center. Information Related Standards 1,,"MFAS, dilation, line, points",https://www.cpalms.org/PreviewResource/Preview/72776
CPALMS_MFAS,MA.912.GR.2.5,72887,,Students are asked to graph the image of three points on a line after a dilation using a center not on the line and to generalize about dilations of lines when the line does not contain the center. Information Related Standards 1,,"MFAS, dilation, line, points",https://www.cpalms.org/PreviewResource/Preview/72887
CPALMS_MFAS,MA.912.GR.2.5,72961,,Students are asked to graph the image of three points on a line after a dilation using a center not on the line and to generalize about dilations of lines when the line does not contain the center. Information Related Standards 1,,"MFAS, dilation, line, points",https://www.cpalms.org/PreviewResource/Preview/72961
CPALMS_MFAS,MA.912.GR.2.5,72983,,Students are asked to dilate a line segment and describe the relationship between the original segment and its image. Information Related Standards 1,,"MFAS, line segment, dilation, points",https://www.cpalms.org/PreviewResource/Preview/72983
CPALMS_MFAS,MA.912.GR.2.6,62199,,Students are asked to use rigid motion to explain why the SSS pattern of congruence ensures triangle congruence. Information Related Standards 1,,"MFAS, SSS, side-side-side, congruence, rigid motions, triangles, transformations",https://www.cpalms.org/PreviewResource/Preview/62199
CPALMS_MFAS,MA.912.GR.2.6,62205,,Students are asked to use rigid motion to explain why the SAS pattern of congruence ensures triangle congruence. Information Related Standards 1,,"MFAS, SAS, side-angle-side, congruence, rigid motions, triangles, transformations",https://www.cpalms.org/PreviewResource/Preview/62205
CPALMS_MFAS,MA.912.GR.2.6,62206,,Students are asked to use rigid motion to explain why the ASA pattern of congruence ensures triangle congruence. Information Related Standards 1,,"MFAS, ASA, angle-side-angle, congruence, rigid motions, triangles, transformations",https://www.cpalms.org/PreviewResource/Preview/62206
CPALMS_MFAS,MA.912.GR.2.6,64472,,Students are asked to use the definition of congruence in terms of rigid motion to show that two triangles are congruent in the coordinate plane. Information Related Standards 2,,"MFAS, congruent, rigid motion, transformations, triangle, translation, rotation",https://www.cpalms.org/PreviewResource/Preview/64472
CPALMS_MFAS,MA.912.GR.2.6,70601,,Students are asked to translate and rotate a triangle in the coordinate plane and explain why the pre-image and image are congruent. Information Related Standards 1,,"MFAS, transformation, rotation, translation, image, congruence",https://www.cpalms.org/PreviewResource/Preview/70601
CPALMS_MFAS,MA.912.GR.2.6,70614,,Students will determine whether two given trapezoids are congruent. Information Related Standards 1,,"MFAS, congruence, trapezoid, reflection, rotation, rigid motions",https://www.cpalms.org/PreviewResource/Preview/70614
CPALMS_MFAS,MA.912.GR.2.7,59703,,Students are given two congruent triangles and asked to determine the corresponding side lengths and angle measures and to use the definition of congruence in terms of rigid motion to justify their reasoning. Information Related Standards 1,,"MFAS, congruence, congruent pairs, triangle, transformation, rigid motion, translation, rotation, reflection",https://www.cpalms.org/PreviewResource/Preview/59703
CPALMS_MFAS,MA.912.GR.2.7,60290,,Students are given two triangles in which all pairs of corresponding parts are congruent and are asked to use the definition of congruence in terms of rigid motion to show the triangles are congruent. Information Related Standards 1,,"MFAS, congruent, rigid motion, transformations, triangle, reflection, rotation",https://www.cpalms.org/PreviewResource/Preview/60290
CPALMS_MFAS,MA.912.GR.2.7,60297,,Students are given two triangles in which all pairs of corresponding parts are congruent and are asked to use the definition of congruence in terms of rigid motion to show the triangles are congruent. Information Related Standards 1,,"MFAS, congruent, rigid motion, transformations, triangle, translation, rotation",https://www.cpalms.org/PreviewResource/Preview/60297
CPALMS_MFAS,MA.912.GR.2.7,64467,,Students are asked to prove two triangles congruent given that all pairs of corresponding sides and angles are congruent. Information Related Standards 1,,"MFAS, congruence, triangle, rigid motion, proof, translation, rotation, reflection",https://www.cpalms.org/PreviewResource/Preview/64467
CPALMS_MFAS,MA.912.GR.2.8,64366,,Students are asked to use the definition of similarity in terms of similarity transformations to determine whether or not two triangles are similar. Information Related Standards 1,,"MFAS, similar, transformations, similarity transformations, triangles",https://www.cpalms.org/PreviewResource/Preview/64366
CPALMS_MFAS,MA.912.GR.2.8,64367,,Students are asked to use the definition of similarity in terms of similarity transformations to determine whether or not two quadrilaterals are similar. Information Related Standards 1,,"MFAS, similar, transformations, similarity transformations, dilation, translation",https://www.cpalms.org/PreviewResource/Preview/64367
CPALMS_MFAS,MA.912.GR.2.8,69403,,Students are asked to explain similarity in terms of transformations. Information Related Standards 2,,"MFAS, congruent, rigid motion, transformation, rotation, reflection, translation, dilation",https://www.cpalms.org/PreviewResource/Preview/69403
CPALMS_MFAS,MA.912.GR.2.8,73180,,Students will indicate a complete proof of the AA Theorem for triangle similarity. Information Related Standards 1,,"MFAS, similar triangles, similarity, AA theorem, transformations",https://www.cpalms.org/PreviewResource/Preview/73180
CPALMS_MFAS,MA.912.GR.3.1,71103,,Students are asked to find the coordinates of a point which partitions a segment in a given ratio. Information Related Standards 2,,"MFAS, ratio, directed segment, partitioning a segment",https://www.cpalms.org/PreviewResource/Preview/71103
CPALMS_MFAS,MA.912.GR.3.1,71108,,Students are asked to find the coordinates of the centroid when given the ratio of a directed segment. Information Related Standards 2,,"MFAS, ratio, directed segment, partitioning a segment, median, centroid",https://www.cpalms.org/PreviewResource/Preview/71108
CPALMS_MFAS,MA.912.GR.3.2,57196,,Students are asked to prove that the segment joining the midpoints of two sides of a triangle is parallel to the third side of the triangle and half of its length. Information Related Standards 1,,"MFAS, triangle midsegment, proof, parallel, midpoints, midpoints of a segment",https://www.cpalms.org/PreviewResource/Preview/57196
CPALMS_MFAS,MA.912.GR.3.2,59180,,"Students are given the coordinates of the vertices of a quadrilateral and are asked to determine whether the quadrilateral could also be a parallelogram, rhombus, rectangle, square, or trapezoid. Information Related Standards 2",,"MFAS, quadrilaterals, coordinates, parallelogram, rhombus, rectangle, square, trapezoid",https://www.cpalms.org/PreviewResource/Preview/59180
CPALMS_MFAS,MA.912.GR.3.2,59181,,"Students are given the coordinates of three vertices of a triangle and are asked to use algebra to determine whether the triangle is scalene, isosceles, or equilateral. Information Related Standards 2",,"MFAS, triangle, vertices, scalene, isosceles, equilateral, coordinate geometry, distance formula, Pythagorean Theorem",https://www.cpalms.org/PreviewResource/Preview/59181
CPALMS_MFAS,MA.912.GR.3.2,59183,,Students are given the coordinates of three of the four vertices of a rectangle and are asked to determine the coordinates of the fourth vertex and show the diagonals of the rectangle are congruent. Information Related Standards 2,,"MFAS, quadrilateral, coordinates, special quadrilaterals, rectangle, diagonals, coordinate geometry",https://www.cpalms.org/PreviewResource/Preview/59183
CPALMS_MFAS,MA.912.GR.3.2,59184,,Students are asked to prove that the quadrilateral formed by connecting the midpoints of the sides of a given quadrilateral is a parallelogram. Information Related Standards 2,,"MFAS, quadrilateral, coordinates, special quadrilateral, midpoints, parallelogram",https://www.cpalms.org/PreviewResource/Preview/59184
CPALMS_MFAS,MA.912.GR.3.3,71891,,Students are asked to prove that two parallel lines have equal slopes. Information Related Standards 1,,"MFAS, parallel, slope, proof",https://www.cpalms.org/PreviewResource/Preview/71891
CPALMS_MFAS,MA.912.GR.3.3,72008,,Students are asked to prove that two lines with equal slopes are parallel. Information Related Standards 1,,"MFAS, parallel, slope, proof, similar triangles, slope triangles",https://www.cpalms.org/PreviewResource/Preview/72008
CPALMS_MFAS,MA.912.GR.3.3,72047,,Students are asked to prove that the slopes of two perpendicular lines are both opposite and reciprocal. Information Related Standards 1,,"MFAS, perpendicular, slope, opposite reciprocals, proof, rotation",https://www.cpalms.org/PreviewResource/Preview/72047
CPALMS_MFAS,MA.912.GR.3.3,72068,,"Students are asked to prove that if the slopes of two lines are both opposite and reciprocal, then the lines are perpendicular. Information Related Standards 1",,"MFAS, perpendicular, slope, opposite reciprocals, proof",https://www.cpalms.org/PreviewResource/Preview/72068
CPALMS_MFAS,MA.912.GR.3.4,55445,,Students are asked to find the perimeter of a pentagon given in the coordinate plane. Information Related Standards 1,,"MFAS, perimeter of polygons, distance formula, Pythagorean Theorem",https://www.cpalms.org/PreviewResource/Preview/55445
CPALMS_MFAS,MA.912.GR.3.4,55447,,Students are asked to find the perimeter and the area of a rectangle given in the coordinate plane. Information Related Standards 1,,"MFAS, perimeter, area, distance formula",https://www.cpalms.org/PreviewResource/Preview/55447
CPALMS_MFAS,MA.912.GR.3.4,55448,,Students are asked to find the perimeter and the area of a right triangle given in the coordinate plane. Information Related Standards 1,,"MFAS, perimeter, area, coordinate geometry, right triangle",https://www.cpalms.org/PreviewResource/Preview/55448
CPALMS_MFAS,MA.912.GR.3.4,55449,,Students are asked to find the perimeter and area of an obtuse triangle given in the coordinate plane. Information Related Standards 1,,"MFAS, perimeter, area, coordinate geometry, obtuse triangle",https://www.cpalms.org/PreviewResource/Preview/55449
CPALMS_MFAS,MA.912.GR.4.1,56776,,Students are given a solid and asked to determine the two-dimensional shape that will create the solid when rotated about the y -axis. Information Related Standards 1,,"MFAS, rotation, solid, two-dimensional shape",https://www.cpalms.org/PreviewResource/Preview/56776
CPALMS_MFAS,MA.912.GR.4.1,63184,,Students are asked to sketch and describe the two-dimensional figures that result from slicing a cone. Information Related Standards 1,7,"MFAS, cone, slice, two-dimensional, three-dimensional, cross section, plane figure, parallel, perpendicular, base",https://www.cpalms.org/PreviewResource/Preview/63184
CPALMS_MFAS,MA.912.GR.4.1,63187,,Students are asked to sketch and describe the two-dimensional figures that result from slicing a cylinder. Information Related Standards 1,7,"MFAS, cylinder, slice, two-dimensional, three-dimensional, cross section, plane figure, parallel, perpendicular, base",https://www.cpalms.org/PreviewResource/Preview/63187
CPALMS_MFAS,MA.912.GR.4.1,66125,,Students are asked to sketch and describe two-dimensional figures that result from slicing a rectangular prism. Information Related Standards 1,7,"MFAS, rectangular prism, slice, two-dimensional, three-dimensional, cross section, plane figure, parallel, perpendicular, diagonal, dimensions",https://www.cpalms.org/PreviewResource/Preview/66125
CPALMS_MFAS,MA.912.GR.4.1,66127,,Students are asked to sketch and describe the two-dimensional figures that result from slicing a square pyramid. Information Related Standards 1,7,"MFAS, square pyramid, slice, two-dimensional, three-dimensional, cross section, plane figure, parallel, perpendicular, base, vertex, dimensions",https://www.cpalms.org/PreviewResource/Preview/66127
CPALMS_MFAS,MA.912.GR.4.1,71357,,Students are asked to identify and describe two-dimensional cross sections of three-dimensional solids. Information Related Standards 1,,"MFAS, three-dimensional, two-dimensional, cross section, slice, parallel, perpendicular",https://www.cpalms.org/PreviewResource/Preview/71357
CPALMS_MFAS,MA.912.GR.4.1,71370,,"Students are asked to sketch, describe, and compare three horizontal cross sections of a cone. Information Related Standards 1",,"MFAS, three-dimensional, two-dimensional, cross section, cone, slice, parallel",https://www.cpalms.org/PreviewResource/Preview/71370
CPALMS_MFAS,MA.912.GR.4.1,71414,,Students are asked to identify and draw cross sections of a rectangular prism and to describe their dimensions. Information Related Standards 1,,"MFAS, three-dimensional, two-dimensional, cross section, prism, slice, parallel",https://www.cpalms.org/PreviewResource/Preview/71414
CPALMS_MFAS,MA.912.GR.4.1,72112,,Students are asked to create a model to estimate volume and mass. Information Related Standards 2,,"MFAS, modeling, density, volume, mass, estimating, solids, triangular prism",https://www.cpalms.org/PreviewResource/Preview/72112
CPALMS_MFAS,MA.912.GR.4.2,55011,,Students are given the coordinates of the vertices of a right triangle and asked to describe the solid formed by rotating the triangle about a given axis. Information Related Standards 1,,"MFAS, rotation, solid, right triangle",https://www.cpalms.org/PreviewResource/Preview/55011
CPALMS_MFAS,MA.912.GR.4.2,55014,,Students are given the coordinates of the vertices of a rectangle and asked to describe the solid formed by rotating the rectangle about a given axis. Information Related Standards 1,,"MFAS, rotation, solid, rectangle",https://www.cpalms.org/PreviewResource/Preview/55014
CPALMS_MFAS,MA.912.GR.4.4,71089,,,,"MFAS, area, circumference, diameter, radius, circle, polygon, apothem, perimeter, inscribed, regular n-gon, regular polygon",https://www.cpalms.org/PreviewResource/Preview/71089
CPALMS_MFAS,MA.912.GR.4.4,71092,,,,"MFAS, area, circumference, diameter, radius, circle, concentric circles, polygon, apothem, perimeter, inscribed, regular n-gon, regular polygon, formula, sides of a polygon, area of a triangle",https://www.cpalms.org/PreviewResource/Preview/71092
CPALMS_MFAS,MA.912.GR.4.4,71248,,,,"MFAS, area, circumference, diameter, radius, circle, unit circle, formula, pi",https://www.cpalms.org/PreviewResource/Preview/71248
CPALMS_MFAS,MA.912.GR.4.4,72070,,Students are asked to determine the population of the state of Utah given the state’s population density and a diagram of the state’s perimeter with boundary distances labeled in miles. Information Related Standards 1,,"MFAS, modeling, density, average density, area, estimate, population density, population",https://www.cpalms.org/PreviewResource/Preview/72070
CPALMS_MFAS,MA.912.GR.4.4,72102,,Students are asked to determine an estimate of the density of trees and the total number of trees in a forest. Information Related Standards 1,,"MFAS, modeling, density, average density, area, estimate",https://www.cpalms.org/PreviewResource/Preview/72102
CPALMS_MFAS,MA.912.GR.4.4,72148,,Students are asked to select appropriate geometric shapes to model a lake and then use the model to estimate the surface area of the lake. Information Related Standards 1,,"MFAS, modeling, estimating, area, rectangle, triangle",https://www.cpalms.org/PreviewResource/Preview/72148
CPALMS_MFAS,MA.912.GR.4.4,72180,,Students are asked to solve a design problem in which a softball complex is to be located on a given tract of land subject to a set of specifications. Information Related Standards 2,,"MFAS, modeling, quarter circles",https://www.cpalms.org/PreviewResource/Preview/72180
CPALMS_MFAS,MA.912.GR.4.5,57553,,Students are asked to solve a problem that requires calculating the volume of a large cylindrical sports drink container and comparing it to the combined volumes of 24 individual containers. Information Related Standards 1,,"MFAS, volume, cylinder, real world problems",https://www.cpalms.org/PreviewResource/Preview/57553
CPALMS_MFAS,MA.912.GR.4.5,57555,,Students are asked to solve a problem that requires calculating the volumes of a cone and a cylinder. Information Related Standards 1,,"MFAS, volume, cylinder, cone, real world situations",https://www.cpalms.org/PreviewResource/Preview/57555
CPALMS_MFAS,MA.912.GR.4.5,57556,,Students are asked to solve a problem that requires calculating the volumes of a sphere and a cylinder. Information Related Standards 1,,"MFAS, volume, sphere, cylinder, real world situations",https://www.cpalms.org/PreviewResource/Preview/57556
CPALMS_MFAS,MA.912.GR.4.5,59177,,Students are asked to find the height of the Great Pyramid of Giza given its volume and the length of the edge of its square base. Information Related Standards 1,,"MFAS, volume, pyramid, height, base, real world applications",https://www.cpalms.org/PreviewResource/Preview/59177
CPALMS_MFAS,MA.912.GR.4.5,64605,,"Students are asked to write the formula for the volume of a pyramid, explain what each variable represents, and label the variables on a diagram. Information Related Standards 1",8,"MFAS, pyramid, volume, area of base, height, dimension, variable, slant height, formula",https://www.cpalms.org/PreviewResource/Preview/64605
CPALMS_MFAS,MA.912.GR.4.5,64646,,"Students are asked to write the formula for the volume of a sphere, explain what each variable represents, and label the variables on a diagram. Information Related Standards 1",8,"MFAS, sphere, volume, radius, dimension, variable, formula",https://www.cpalms.org/PreviewResource/Preview/64646
CPALMS_MFAS,MA.912.GR.4.5,65197,,Students are asked to solve a problem involving the volume of a composite figure. Information Related Standards 1,7,"MFAS, volume, edge, face, triangular prism, rectangular prism, composite figure",https://www.cpalms.org/PreviewResource/Preview/65197
CPALMS_MFAS,MA.912.GR.4.5,70911,,"Students are asked to write the formula for the volume of a cone, explain what each variable represents, and label the variables on a diagram. Information Related Standards 1",,"MFAS, cone, volume, radius, height, dimensions, variable, formula",https://www.cpalms.org/PreviewResource/Preview/70911
CPALMS_MFAS,MA.912.GR.4.5,70924,,"Students are asked to write the formula for the volume of a cylinder, explain what each variable represents, and label the variables on a diagram. Information Related Standards 1",,"MFAS, cylinder, volume, radius, height, dimensions, variable",https://www.cpalms.org/PreviewResource/Preview/70924
CPALMS_MFAS,MA.912.GR.4.5,70961,,Students are asked to solve a problem that requires calculating the volume of a cone. Information Related Standards 1,,"MFAS, cone, volume, diameter, radius, height, pi",https://www.cpalms.org/PreviewResource/Preview/70961
CPALMS_MFAS,MA.912.GR.4.5,70995,,Students are asked to find the height of a square pyramid given the length of a base edge and its volume. Information Related Standards 1,,"MFAS, pyramid, volume, length, base, height",https://www.cpalms.org/PreviewResource/Preview/70995
CPALMS_MFAS,MA.912.GR.4.5,71059,,Students are asked to solve a problem that requires calculating the volume of a sphere. Information Related Standards 1,,"MFAS, sphere, radius, volume, diameter, pi",https://www.cpalms.org/PreviewResource/Preview/71059
CPALMS_MFAS,MA.912.GR.4.5,71263,,Students are guided through the process of writing an informal argument for the volume of a pyramid formula using Cavalieri’s Principle. Information Related Standards 1,,"MFAS, volume of a pyramid, Cavalieri’s Principle, volume, congruence, pyramid, area, base, height, prism",https://www.cpalms.org/PreviewResource/Preview/71263
CPALMS_MFAS,MA.912.GR.4.5,71300,,Students are asked to derive and explain a formula for the volume of a cylinder given a prism with the same height and the same cross-sectional area at every height. Information Related Standards 1,,"MFAS, volume, prism, cylinder, cross-sectional area, Cavalieri’s Principle, derive",https://www.cpalms.org/PreviewResource/Preview/71300
CPALMS_MFAS,MA.912.GR.4.5,71307,,Students are asked to derive and explain a formula for the volume of a cone given a pyramid with the same height and the same cross-sectional area at every height. Information Related Standards 1,,"MFAS, volume, Cavalieri’s Principle, pyramid, cone, cross-sectional area, derive",https://www.cpalms.org/PreviewResource/Preview/71307
CPALMS_MFAS,MA.912.GR.4.5,72122,,Students are asked to model a tree trunk with geometric solids and to use the model to estimate the volume of the tree trunk. Information Related Standards 1,,"MFAS, modeling, estimating, volume, cylinder, circumference",https://www.cpalms.org/PreviewResource/Preview/72122
CPALMS_MFAS,MA.912.GR.4.6,65203,,Students are asked to determine the surface area of a right triangular prism and explain the procedure. Information Related Standards 1,7,"MFAS, surface area, area, face, edge, prism, polyhedron, triangular prism",https://www.cpalms.org/PreviewResource/Preview/65203
CPALMS_MFAS,MA.912.GR.4.6,66229,,Students are asked to draw a net of a three-dimensional figure. Information Related Standards 1,6,"MFAS, net, triangular prism, three-dimensional",https://www.cpalms.org/PreviewResource/Preview/66229
CPALMS_MFAS,MA.912.GR.4.6,67888,,Students are asked to use a net to find the surface area of a triangular pyramid. Information Related Standards 1,6,"MFAS, net, triangular pyramid, three-dimensional, surface area",https://www.cpalms.org/PreviewResource/Preview/67888
CPALMS_MFAS,MA.912.GR.5.1,57263,,Students are asked to construct a line segment congruent to a given line segment. Information Related Standards 1,,"MFAS, construction, compass, straightedge, line segment",https://www.cpalms.org/PreviewResource/Preview/57263
CPALMS_MFAS,MA.912.GR.5.1,70620,,Students are asked to construct an angle congruent to a given angle. Information Related Standards 1,,"MFAS, construction, congruent angle",https://www.cpalms.org/PreviewResource/Preview/70620
CPALMS_MFAS,MA.912.GR.5.2,57266,,Students are asked to construct the bisectors of a given segment and a given angle and to justify one of the steps in each construction. Information Related Standards 1,,"MFAS, constructions, angles, segments, bisector",https://www.cpalms.org/PreviewResource/Preview/57266
CPALMS_MFAS,MA.912.GR.5.2,57447,,Students are asked to construct a line perpendicular to given line (1) through a point not on the line and (2) through a point on the line. Information Related Standards 1,,"MFAS, constructions, perpendicular lines",https://www.cpalms.org/PreviewResource/Preview/57447
CPALMS_MFAS,MA.912.GR.5.3,57537,,Students are asked to use a compass and straightedge to construct an inscribed circle of an acute scalene triangle. Information Related Standards 1,,"MFAS, inscribed circle, incenter, angle bisectors, construction",https://www.cpalms.org/PreviewResource/Preview/57537
CPALMS_MFAS,MA.912.GR.5.3,57538,,Students are asked to use a compass and straightedge to construct a circumscribed circle of an acute scalene triangle. Information Related Standards 1,,"MFAS, circumscribed circle, circumcenter, perpendicular bisectors, construction",https://www.cpalms.org/PreviewResource/Preview/57538
CPALMS_MFAS,MA.912.GR.5.3,72161,,"Students are given a grid with three points (vertices of a right triangle) representing the starting locations of three sprinters in a race and are asked to determine the center of the finish circle, which is equidistant from each sprinter. Information Related Standards 2",,"MFAS, circle, triangle, points, right angle, perpendicular bisectors, circumcenter, circumcircle, concurrent, point of concurrency, vertex, angle, equidistant, midpoint, intersection, Pythagorean Theorem, inscribed angle, center, hypotenuse, right triangle, rectangle, diagonals, midpoint, congruent",https://www.cpalms.org/PreviewResource/Preview/72161
CPALMS_MFAS,MA.912.GR.5.4,59729,,Students are asked to construct the center of a circle. Information Related Standards 1,,"MFAS, construction, center, circle, chord, compass, straightedge, arc, perpendicular bisector",https://www.cpalms.org/PreviewResource/Preview/59729
CPALMS_MFAS,MA.912.GR.5.4,59737,,Students are asked to construct a regular hexagon inscribed in a circle. Information Related Standards 1,,"MFAS, construction, regular hexagon, inscribed, circle, compass, straightedge, arc, line segment",https://www.cpalms.org/PreviewResource/Preview/59737
CPALMS_MFAS,MA.912.GR.5.4,59808,,Students are asked to construct an equilateral triangle inscribed in a circle. Information Related Standards 1,,"MFAS, construction, equilateral triangle, inscribed, circle, compass, straightedge, arc, line segment",https://www.cpalms.org/PreviewResource/Preview/59808
CPALMS_MFAS,MA.912.GR.5.4,59817,,Students are asked to construct a square inscribed in a circle. Information Related Standards 1,,"MFAS, construction, square, inscribed, circle, compass, straightedge, arc, diameter, perpendicular bisector",https://www.cpalms.org/PreviewResource/Preview/59817
CPALMS_MFAS,MA.912.GR.5.5,73052,,Students are asked to complete and justify the construction of a line tangent to a circle from an exterior point. Information Related Standards 1,,"MFAS, circle, tangent line, construction, compass",https://www.cpalms.org/PreviewResource/Preview/73052
CPALMS_MFAS,MA.912.GR.5.5,73160,,Students are asked to construct a tangent line to a given circle from a given exterior point. Information Related Standards 1,,"MFAS, circle, tangent line, construction, compass",https://www.cpalms.org/PreviewResource/Preview/73160
CPALMS_MFAS,MA.912.GR.6.1,70953,,"Students are asked to draw a circle, a tangent to the circle, and a radius to the point of tangency. Students are then asked to describe the relationship between the radius and the tangent line. Information Related Standards 1",,"MFAS, tangent line, point of tangency, radius, perpendicular",https://www.cpalms.org/PreviewResource/Preview/70953
CPALMS_MFAS,MA.912.GR.6.2,66166,,Students are asked to find the lengths of arcs in two different circles. Information Related Standards 1,,"MFAS, circle, arc length, circumference, radius, arc measure",https://www.cpalms.org/PreviewResource/Preview/66166
CPALMS_MFAS,MA.912.GR.6.2,70891,,Students are asked to describe the relationship between a central angle and an inscribed angle that intercept the same arc. Information Related Standards 1,,"MFAS, circle, central angle, inscribed angle, arc, intercepted arc, center of a circle, radius, radii, angle measure, arc measure, vertex, Central Angle Theorem",https://www.cpalms.org/PreviewResource/Preview/70891
CPALMS_MFAS,MA.912.GR.6.2,70897,,"Students are given a diagram with inscribed, central, and circumscribed angles and are asked to identify each type of angle, determine angle measures, and describe relationships among them. Information Related Standards 1",,"MFAS, circle, central angle, inscribed angle, arc, intercepted arc, circumscribed angle, exterior angle",https://www.cpalms.org/PreviewResource/Preview/70897
CPALMS_MFAS,MA.912.GR.6.2,70909,,Students are asked to find the measures of two inscribed angles of a circle. Information Related Standards 1,,"MFAS, circle, inscribed angle, diameter, arc",https://www.cpalms.org/PreviewResource/Preview/70909
CPALMS_MFAS,MA.912.GR.6.3,70974,,"Students are asked to prove that opposite angles of a quadrilateral, inscribed in a circle, are supplementary. Information Related Standards 1",,"MFAS, inscribed quadrilaterals, opposite angles, supplementary, circles, proof, inscribed angles, intercepted arcs",https://www.cpalms.org/PreviewResource/Preview/70974
CPALMS_MFAS,MA.912.GR.6.4,66239,,Students are asked to find the areas of sectors in two different circles. Information Related Standards 1,,"MFAS, circle, sector area, arc measure, radius",https://www.cpalms.org/PreviewResource/Preview/66239
CPALMS_MFAS,MA.912.GR.6.4,71060,,Students are asked to explain why the length of an arc intercepted by an angle is proportional to the radius and then explain how that proportionality leads to a definition of the radian measure of an angle. Information Related Standards 1,,"MFAS, arc length, circle, proportional, radian measure",https://www.cpalms.org/PreviewResource/Preview/71060
CPALMS_MFAS,MA.912.GR.6.4,71079,,Students are asked to write a formula to find the area of a sector of a circle and then explain and justify that formula. Information Related Standards 1,,"MFAS, circle, sectors, area, radius, central angle, arc measure, are of a sector",https://www.cpalms.org/PreviewResource/Preview/71079
CPALMS_MFAS,MA.912.GR.6.5,70632,,Students are given two circles with different radius lengths and are asked to prove that the circles are similar. Information Related Standards 1,,"MFAS, circles, similar, similarity, transformation, dilation",https://www.cpalms.org/PreviewResource/Preview/70632
CPALMS_MFAS,MA.912.GR.6.5,70880,,Students are given two circles with different radii and are asked to prove that the circles are similar. Information Related Standards 1,,"MFAS, circles, similar, similarity, transformation, dilation",https://www.cpalms.org/PreviewResource/Preview/70880
CPALMS_MFAS,MA.912.GR.7.2,71490,,Students are given the coordinates of the center and the radius of a circle and are asked to derive the equation of the circle using the Pythagorean Theorem. Information Related Standards 1,,"MFAS, circle equation, center of a circle, radius, distance, Pythagorean Theorem",https://www.cpalms.org/PreviewResource/Preview/71490
CPALMS_MFAS,MA.912.GR.7.2,71573,,"Students are given the coordinates of the center, ( h , k ), and the radius, r , of a circle and are asked to derive the equation of the circle using the Pythagorean Theorem. Information Related Standards 1",,"MFAS, circle equation, center of a circle, radius, distance, Pythagorean Theorem",https://www.cpalms.org/PreviewResource/Preview/71573
CPALMS_MFAS,MA.912.GR.7.2,71601,,Students are asked to find the center and radius of a circle given its equation in general form. Information Related Standards 1,,"MFAS, circle, center, radius, complete the square, equation, center-radius form, general form",https://www.cpalms.org/PreviewResource/Preview/71601
CPALMS_MFAS,MA.912.GR.7.2,71664,,Students are asked to find the center and radius of a circle given its equation in general form. Information Related Standards 1,,"MFAS, circle, center, radius, complete the square, equation, center-radius form, general form",https://www.cpalms.org/PreviewResource/Preview/71664
CPALMS_MFAS,MA.912.T.1.1,72349,,Students are asked to explain what a given sine ratio indicates about a right triangle and if the sine of a specific value varies depending on the right triangle. Information Related Standards 1,,"MFAS, similar triangles, sine ratio, AA similarity",https://www.cpalms.org/PreviewResource/Preview/72349
CPALMS_MFAS,MA.912.T.1.1,72367,,Students are asked to compare the ratio of corresponding sides of two triangles and to explain how this ratio is related to the cosine of a given angle. Information Related Standards 1,,"MFAS, similar triangles, cosine ratio, AA similarity",https://www.cpalms.org/PreviewResource/Preview/72367
CPALMS_MFAS,MA.912.T.1.1,73142,,Students are asked to use 30-60-90 triangle relationships to observe and explain the relationship between sin 30 and cos 60 (or sin 60 and cos 30). Information Related Standards 2,,"MFAS, sine, cosine, right triangle, complementary angles, special right triangle, 30-60-90",https://www.cpalms.org/PreviewResource/Preview/73142
CPALMS_MFAS,MA.912.T.1.1,73174,,Students are asked to explain the relationship between sine and cosine of complementary angles. Information Related Standards 1,,"MFAS, sine, cosine, right triangles, complementary angles",https://www.cpalms.org/PreviewResource/Preview/73174
CPALMS_MFAS,MA.912.T.1.1,73185,,Students are given the sine and cosine of angle measures and asked to identify the sine and cosine of their complements. Information Related Standards 1,,"MFAS, sine, cosine, right triangles, complementary angles",https://www.cpalms.org/PreviewResource/Preview/73185
CPALMS_MFAS,MA.912.T.1.1,73191,,Students are asked to explain the relationship between sine and cosine of the acute angles of a right triangle. Information Related Standards 2,,"MFAS, sine, cosine, right triangles, complementary angles",https://www.cpalms.org/PreviewResource/Preview/73191
CPALMS_MFAS,MA.912.T.1.2,65211,,Students are asked to solve a problem in a real world context using the Pythagorean Theorem. Information Related Standards 1,,"MFAS, Pythagorean Theorem, word problem, right triangle",https://www.cpalms.org/PreviewResource/Preview/65211
CPALMS_MFAS,MA.912.T.1.2,65212,,Students are asked to solve a problem in a real world context requiring the use of the Pythagorean Theorem. Information Related Standards 1,,"MFAS, Pythagorean Theorem, real world",https://www.cpalms.org/PreviewResource/Preview/65212
CPALMS_MFAS,MA.912.T.1.2,66153,,Students are asked to find an unknown length in a real world context requiring right triangle trigonometry. Information Related Standards 2,,"MFAS, right triangle geometry, trigonometry, reference angle, real world problems",https://www.cpalms.org/PreviewResource/Preview/66153
CPALMS_MFAS,MA.912.T.1.2,66154,,Students are asked to find the angle of elevation in a real world situation modeled by a right triangle. Information Related Standards 2,,"MFAS, right triangle geometry, trigonometry, angle of elevation, real world problems",https://www.cpalms.org/PreviewResource/Preview/66154
CPALMS_MFAS,MA.912.T.1.2,66155,,Students are asked to solve a problem in a real world context requiring the use of the Pythagorean Theorem. Information Related Standards 1,,"MFAS, Pythagorean theorem, right triangles, hypotenuse, real world problems",https://www.cpalms.org/PreviewResource/Preview/66155
CPALMS_MFAS,MA.912.T.1.2,66161,,Students are asked to explain the relationship among angles in a diagram involving a right triangle and to find one angle of the right triangle. Information Related Standards 2,,"MFAS, right triangle geometry, trigonometry, tangent, real world problems",https://www.cpalms.org/PreviewResource/Preview/66161
CPALMS_MFAS,MA.912.T.1.2,66163,,Students are asked to find an unknown length in a real world context requiring right triangle trigonometry. Information Related Standards 2,,"MFAS, right triangle geometry, trigonometry, angle of elevation, angle of depression, real world problems",https://www.cpalms.org/PreviewResource/Preview/66163
CPALMS_MFAS,MA.912.T.1.2,70904,,Students are asked to determine the length of a side of a right triangle in a real-world problem. Information Related Standards 1,,"MFAS, right triangle, Pythagorean Theorem, hypotenuse, pyramid, sides, legs, square root",https://www.cpalms.org/PreviewResource/Preview/70904
CPALMS_MFAS,MA.912.T.1.8,66788,,Students are asked to find the difference between two lengths in a real world context requiring right triangle trigonometry. Information Related Standards 1,,"MFAS, right triangle geometry, trigonometry, angle of elevation, angle of depression, real world problems",https://www.cpalms.org/PreviewResource/Preview/66788
CPALMS_MFAS,MA.912.T.3.3,59139,,Students are asked to interpret key features of a graph (symmetry) in the context of a problem situation. Information Related Standards 1,,"MFAS, maximum, symmetric, function",https://www.cpalms.org/PreviewResource/Preview/59139
CPALMS_MFAS,MA.912.DP.1.1,56674,,Students are asked to construct a dot plot corresponding to a given set of data. Information Related Standards 1,,"MFAS, dot plot, distribution, frequency",https://www.cpalms.org/PreviewResource/Preview/56674
CPALMS_MFAS,MA.912.DP.1.1,56712,,Students are asked to determine whether each of two given dot plots are consistent with a given histogram. Information Related Standards 1,,"MFAS, dot plot, histogram",https://www.cpalms.org/PreviewResource/Preview/56712
CPALMS_MFAS,MA.912.DP.1.1,56716,,Students are asked to construct a histogram corresponding to a given set of data. Information Related Standards 1,,"MFAS, histogram, frequency",https://www.cpalms.org/PreviewResource/Preview/56716
CPALMS_MFAS,MA.912.DP.1.1,56720,,Students are asked to construct a box plot corresponding to a given set of data. Information Related Standards 1,,"MFAS, box plot, median, quartiles, outliers, five number summary",https://www.cpalms.org/PreviewResource/Preview/56720
CPALMS_MFAS,MA.912.DP.1.3,70670,,Students are given a statement of association between two variables and are asked to determine if one variable is a cause of the other. Information Related Standards 1,,"MFAS, correlation, causation, inference",https://www.cpalms.org/PreviewResource/Preview/70670
CPALMS_MFAS,MA.912.DP.1.3,70672,,Students are asked to interpret a correlation coefficient in context and describe a possible causal relationship. Information Related Standards 1,,"MFAS, correlation, causation",https://www.cpalms.org/PreviewResource/Preview/70672
CPALMS_MFAS,MA.912.DP.1.3,70673,,Students are given a scenario describing an association between two variables and are asked to determine if one variable is a cause of the other. Information Related Standards 1,,"MFAS, correlation, causation",https://www.cpalms.org/PreviewResource/Preview/70673
CPALMS_MFAS,MA.912.DP.1.3,70675,,Students are asked to identify all possible causal relationships between two correlated variables. Information Related Standards 1,,"MFAS, correlation, causation",https://www.cpalms.org/PreviewResource/Preview/70675
CPALMS_MFAS,MA.912.DP.2.1,64136,,Students are asked to compare the centers of two data distributions displayed using box plots. Information Related Standards 1,,"MFAS, box plots, median, mean, data distribution, interquartile range, shape, spread, maximum, minimum, lower quartile, upper quartile",https://www.cpalms.org/PreviewResource/Preview/64136
CPALMS_MFAS,MA.912.DP.2.1,64142,,Students are asked to compare the spread of two data distributions displayed using box plots. Information Related Standards 1,,"MFAS, box plots, interquartile range, data distribution, median, minimum, maximum, lower quartile, upper quartile, mean, center, spread, shape, skewed, symmetric",https://www.cpalms.org/PreviewResource/Preview/64142
CPALMS_MFAS,MA.912.DP.2.1,64147,,"Students are given two histograms and are asked to describe the differences in shape, center, and spread. Information Related Standards 1",,"MFAS, histograms, shape, center, spread, data distribution, median, mean, range, skewed, symmetric",https://www.cpalms.org/PreviewResource/Preview/64147
CPALMS_MFAS,MA.912.DP.2.1,64158,,Students are given a set of data and are asked to determine how the mean is affected when an outlier is removed. Information Related Standards 1,,"MFAS, mean, outlier, data",https://www.cpalms.org/PreviewResource/Preview/64158
CPALMS_MFAS,MA.912.DP.2.1,70160,,Students are asked to select a measure of center to compare data displayed in dot plots and to justify their choice. Information Related Standards 1,,"MFAS, dot plots, center, median, mean, mode, data distribution",https://www.cpalms.org/PreviewResource/Preview/70160
CPALMS_MFAS,MA.912.DP.2.1,70164,,Students are asked to select a measure of center to compare data displayed in frequency tables and to justify their choice. Information Related Standards 1,,"MFAS, frequency tables, mean, median, mode, center, outlier, data distribution",https://www.cpalms.org/PreviewResource/Preview/70164
CPALMS_MFAS,MA.912.DP.2.1,70177,,Students are asked to select measures of center and spread to compare data displayed in histograms and to justify their choices. Information Related Standards 1,,"MFAS, histograms, mean, median, center, spread, interquartile range, standard deviation",https://www.cpalms.org/PreviewResource/Preview/70177
CPALMS_MFAS,MA.912.DP.2.2,62695,,Students are asked to select a histogram for which it would be appropriate to apply the 68-95-99.7 rule. Information Related Standards 1,,"MFAS, mean, standard deviation, distribution",https://www.cpalms.org/PreviewResource/Preview/62695
CPALMS_MFAS,MA.912.DP.2.2,62696,,Students are asked to find the probability that an outcome of a normally distributed variable is greater than a given value. Information Related Standards 1,,"MFAS, mean, standard deviation, normal distribution, probability",https://www.cpalms.org/PreviewResource/Preview/62696
CPALMS_MFAS,MA.912.DP.2.2,62820,,Students are asked to find the probability that an outcome of a normally distributed variable is between a standard deviation level. Information Related Standards 1,,"MFAS, mean, standard deviation, normal distribution, probability",https://www.cpalms.org/PreviewResource/Preview/62820
CPALMS_MFAS,MA.912.DP.2.2,62821,,Students are asked to scale and label a normal curve given the mean and standard deviation of a data set with a normal distribution. Information Related Standards 1,,"MFAS, mean, standard deviation, normal distribution, normal curve",https://www.cpalms.org/PreviewResource/Preview/62821
CPALMS_MFAS,MA.912.DP.2.3,62822,,Students are asked to find the probability that an outcome of a normally distributed variable is between two given values using both a Standard Normal Distribution Table and technology. Information Related Standards 1,,"MFAS, normal curve, standard deviation, normal distribution, probability",https://www.cpalms.org/PreviewResource/Preview/62822
CPALMS_MFAS,MA.912.DP.2.4,56722,,Students are asked to interpret the meaning of the slope of the graph of a linear model. Information Related Standards 1,,"MFAS, linear function, linear model, slope, rate of change",https://www.cpalms.org/PreviewResource/Preview/56722
CPALMS_MFAS,MA.912.DP.2.4,56723,,Students are asked to interpret the meaning of the slope of the graph of a linear model. Information Related Standards 1,,"MFAS, linear function, linear model, slope, rate of change",https://www.cpalms.org/PreviewResource/Preview/56723
CPALMS_MFAS,MA.912.DP.2.4,56724,,Students are asked to interpret the meaning of the constant term in a linear model. Information Related Standards 1,,"MFAS, constant term, y-intercept, linear model, linear function",https://www.cpalms.org/PreviewResource/Preview/56724
CPALMS_MFAS,MA.912.DP.2.4,60545,,Students are asked to interpret the intercept of a linear model of life expectancy data. Information Related Standards 1,,"MFAS, best fit, linear fit, intercept",https://www.cpalms.org/PreviewResource/Preview/60545
CPALMS_MFAS,MA.912.DP.2.4,68872,,Students are asked to use a linear model to make and interpret predictions in the context of the data. Information Related Standards 1,,"MFAS, scatter plot, function, table of values, prediction, data",https://www.cpalms.org/PreviewResource/Preview/68872
CPALMS_MFAS,MA.912.DP.2.4,68897,,"Students are asked to informally fit a line to model the relationship between two quantitative variables in a scatterplot, write the equation of the line, and use it to make a prediction. Information Related Standards 1",,"MFAS, scatterplot, linear function, least squares, data fitting",https://www.cpalms.org/PreviewResource/Preview/68897
CPALMS_MFAS,MA.912.DP.2.4,69356,,Students are asked to use a linear model to make a prediction about the value of one of the variables. Information Related Standards 1,8,"MFAS, linear model, equation, variables, bivariate",https://www.cpalms.org/PreviewResource/Preview/69356
CPALMS_MFAS,MA.912.DP.2.4,69361,,"Students are asked to interpret the line of best fit, slope, and y -intercept of a linear model. Information Related Standards 1",8,"MFAS, linear model, equation, variables, bivariate, slope, intercept, independent, dependent",https://www.cpalms.org/PreviewResource/Preview/69361
CPALMS_MFAS,MA.912.DP.2.5,68884,,"Students are asked to compute, graph, and interpret the residuals associated with a line of best fit. Information Related Standards 1",,"MFAS, residuals, best fit",https://www.cpalms.org/PreviewResource/Preview/68884
CPALMS_MFAS,MA.912.DP.2.7,69123,,Students are asked to compute and interpret the correlation coefficient for a given set of data. Information Related Standards 1,,"MFAS, correlation, correlation coefficient",https://www.cpalms.org/PreviewResource/Preview/69123
CPALMS_MFAS,MA.912.DP.2.7,69134,,Students are asked to compute and interpret the correlation coefficient for a given set of data. Information Related Standards 1,,"MFAS, correlation, correlation coefficient",https://www.cpalms.org/PreviewResource/Preview/69134
CPALMS_MFAS,MA.912.DP.2.7,69156,,Students are asked to estimate a correlation coefficient for each of four data sets and then order the coefficients from least to greatest in terms of the strength of relationship. Information Related Standards 1,,"MFAS, correlation, coefficient",https://www.cpalms.org/PreviewResource/Preview/69156
CPALMS_MFAS,MA.912.DP.2.7,69164,,Students are asked to compute and interpret the correlation coefficient for a given set of data. Information Related Standards 1,,"MFAS, correlation, slope, intercept",https://www.cpalms.org/PreviewResource/Preview/69164
CPALMS_MFAS,MA.912.DP.3.1,69380,,Students are asked to construct a two-way frequency table given a set of raw data. Information Related Standards 1,8,"MFAS, association, variables, bivariate data, two-way table, Construct a two-way frequency table",https://www.cpalms.org/PreviewResource/Preview/69380
CPALMS_MFAS,MA.912.DP.3.1,69381,,Students are asked to convert raw data to relative frequencies by both rows and columns given a two-way frequency table. Information Related Standards 1,8,"MFAS, association, variables, bivariate data, two-way table, relative frequencies, percentages",https://www.cpalms.org/PreviewResource/Preview/69381
CPALMS_MFAS,MA.912.DP.3.1,70183,,Students are asked to use data from a survey to create a two-way frequency table. Information Related Standards 1,,"MFAS, two-way frequency table",https://www.cpalms.org/PreviewResource/Preview/70183
CPALMS_MFAS,MA.912.DP.3.1,70203,,Students are given a two-way frequency table and asked to determine if there is a relationship between the two variables. Information Related Standards 1,,"MFAS, two-way frequency table, categories, data, rows, columns, cells, variables",https://www.cpalms.org/PreviewResource/Preview/70203
CPALMS_MFAS,MA.912.DP.3.1,70266,,Students are asked to use a two-way frequency table to interpret marginal and joint relative frequencies. Information Related Standards 1,,"MFAS, two-way frequency table, marginal relative frequency, joint relative frequency, data, rows, columns, cells, variables",https://www.cpalms.org/PreviewResource/Preview/70266
CPALMS_MFAS,MA.912.DP.3.3,66803,,Students are asked to describe an association between two variables given a table of relative frequencies by column. Information Related Standards 1,8,"MFAS, association, variables, bivariate data, two-way table, relative frequencies",https://www.cpalms.org/PreviewResource/Preview/66803
CPALMS_MFAS,MA.912.DP.3.3,66804,,Students are asked to describe an association between two variables given a table of relative frequencies by row. Information Related Standards 1,8,"MFAS, association, variables, bivariate data, two-way table, relative frequencies",https://www.cpalms.org/PreviewResource/Preview/66804
CPALMS_MFAS,MA.912.DP.3.3,70227,,Students are asked to use a two-way frequency table to interpret two different conditional relative frequencies. Information Related Standards 1,,"MFAS, two-way frequency table, conditional relative frequency, marginal frequency, marginal relative frequency, categories, data, rows, columns, cells, variables",https://www.cpalms.org/PreviewResource/Preview/70227
CPALMS_MFAS,MA.912.AR.3.4,66568,,Students are asked to write an equation in two variables given a verbal description of the relationship among the variables. Information Related Standards 1,,"MFAS, writing equations, two variables, quadratic equation",https://www.cpalms.org/PreviewResource/Preview/66568
CPALMS_MFAS,MA.2.FR.1.1,46461,,"Students partition three different circles into two, three, and four equal parts and consider what fraction each part represents. Information Related Standards 1",2,"MFAS, halves, thirds, fourths, unit fraction, part, whole",https://www.cpalms.org/PreviewResource/Preview/46461
CPALMS_MFAS,MA.2.FR.1.1,46462,,Students partition a rectangle into four equal parts and consider what fraction represents the whole. Information Related Standards 1,2,"MFAS, fourths, part, whole",https://www.cpalms.org/PreviewResource/Preview/46462
CPALMS_MFAS,MA.2.FR.1.2,46451,,Students consider if two different shaped fourths of the same rectangle represent equal shares. Information Related Standards 1,2,"MFAS, fourths, part whole, equal shares",https://www.cpalms.org/PreviewResource/Preview/46451
CPALMS_MFAS,MA.2.FR.1.2,46459,,Students consider if two different shaped halves of the same rectangle represent equal shares. Information Related Standards 1,2,"MFAS, halves, part, whole, equal shares",https://www.cpalms.org/PreviewResource/Preview/46459
CPALMS_MFAS,MA.6.AR.3.5,54957,,Students are asked to solve a problem involving ratios. Information Related Standards 1,6,"MFAS, equivalent ratios, plot, table",https://www.cpalms.org/PreviewResource/Preview/54957
CPALMS_MFAS,MA.6.AR.3.5,55942,,Students are given the prices of three different quantities of cereal and are asked to determine which is the best buy. Information Related Standards 1,6,"MFAS, rate, unit rate",https://www.cpalms.org/PreviewResource/Preview/55942
CPALMS_MFAS,MA.6.AR.3.5,58059,,Students are asked to compare ratios given in two different tables. Information Related Standards 1,6,"MFAS, ratio, rate, ratio table, unit rate, compare",https://www.cpalms.org/PreviewResource/Preview/58059
CPALMS_MFAS,MA.6.AR.3.5,62923,,Students are asked to solve rate problems given the time it takes each of two animals to run different distances. Information Related Standards 1,6,"MFAS, rate, unit rate, distance, time",https://www.cpalms.org/PreviewResource/Preview/62923
CPALMS_MFAS,MA.6.AR.3.5,62926,,Students are asked to make unit conversions. Information Related Standards 1,6,"MFAS, measurement, conversion, customary, units, miles, feet, yards",https://www.cpalms.org/PreviewResource/Preview/62926
CPALMS_MFAS,MA.912.F.1.6,59140,,Students are asked to interpret key features of a graph (intercepts and intervals over which the graph is increasing) in the context of a problem situation. Information Related Standards 1,,"MFAS, maximum, symmetric, function",https://www.cpalms.org/PreviewResource/Preview/59140
CPALMS_MFAS,MA.912.F.1.6,60543,,Students are asked to compare a linear function and an exponential function in context. Information Related Standards 1,,"MFAS, linear, exponential, function, end behavior",https://www.cpalms.org/PreviewResource/Preview/60543
CPALMS_MFAS,MA.912.F.1.6,60551,,Students are asked to provide an example of a nonlinear function and explain why it is nonlinear. Information Related Standards 1,8,"MFAS, linear function, nonlinear function, slope, rate of change, initial value, y-intercept, slope-intercept form",https://www.cpalms.org/PreviewResource/Preview/60551
CPALMS_MFAS,MA.912.F.1.6,69098,,Students are given a linear function represented by an equation and an exponential function represented by a graph in a real-world context and are asked to compare the rates of change of the two functions. Information Related Standards 1,,"MFAS, linear, exponential, functions, rate of change, rate",https://www.cpalms.org/PreviewResource/Preview/69098
CPALMS_MFAS,MA.912.GR.2.9,64452,,Students are given the definition of similarity in terms of similarity transformations and are asked to explain how this definition ensures the equality of all corresponding pairs of angles and the proportionality of all corresponding pairs of sides. Information Related Standards 1,,"MFAS, similar, transformations, similarity transformations, triangles",https://www.cpalms.org/PreviewResource/Preview/64452
