platform,benchmark_code,benchmark_desc,grade,subject,plan_title,skill_id,skill_name,skill_url,permacode
IXL,MA.K.NSO.1.3,"Identify positions of objects within a sequence using the words ""first,"" ""second,"" ""third,"" ""fourth"" or ""fifth.""",K,Mathematics,Florida's B.E.S.T. Standards: Kindergarten,2020037148,Ordinal numbers - up to fifth,https://www.ixl.com/math/kindergarten/ordinal-numbers-up-to-fifth,2YC
IXL,MA.K.NSO.2.2,"Represent whole numbers from 10 to 20, using a unit of ten and a group of ones, with objects, drawings and expressions or equations.",K,Mathematics,Florida's B.E.S.T. Standards: Kindergarten,2020961917,Make teen numbers with models: words,https://www.ixl.com/math/kindergarten/make-teen-numbers-with-models-words,35W
IXL,MA.K.NSO.2.2,"Represent whole numbers from 10 to 20, using a unit of ten and a group of ones, with objects, drawings and expressions or equations.",K,Mathematics,Florida's B.E.S.T. Standards: Kindergarten,2020962217,Take apart teen numbers with models: words,https://www.ixl.com/math/kindergarten/take-apart-teen-numbers-with-models-words,EDT
IXL,MA.K.NSO.2.2,"Represent whole numbers from 10 to 20, using a unit of ten and a group of ones, with objects, drawings and expressions or equations.",K,Mathematics,Florida's B.E.S.T. Standards: Kindergarten,2000000052,Understand tens and ones - up to 20,https://www.ixl.com/math/kindergarten/understand-tens-and-ones-up-to-20,JLP
IXL,MA.K.NSO.2.2,"Represent whole numbers from 10 to 20, using a unit of ten and a group of ones, with objects, drawings and expressions or equations.",K,Mathematics,Florida's B.E.S.T. Standards: Kindergarten,2002025824,Make and take apart teen numbers: tens and ones,https://www.ixl.com/math/kindergarten/make-and-take-apart-teen-numbers-tens-and-ones,FVP
IXL,MA.K.NSO.2.2,"Represent whole numbers from 10 to 20, using a unit of ten and a group of ones, with objects, drawings and expressions or equations.",K,Mathematics,Florida's B.E.S.T. Standards: Kindergarten,2020962017,Make teen numbers with models: addition sentences,https://www.ixl.com/math/kindergarten/make-teen-numbers-with-models-addition-sentences,5LG
IXL,MA.K.NSO.2.2,"Represent whole numbers from 10 to 20, using a unit of ten and a group of ones, with objects, drawings and expressions or equations.",K,Mathematics,Florida's B.E.S.T. Standards: Kindergarten,2020962617,Take apart teen numbers with models: addition sentences,https://www.ixl.com/math/kindergarten/take-apart-teen-numbers-with-models-addition-sentences,KHB
IXL,MA.K.NSO.2.2,"Represent whole numbers from 10 to 20, using a unit of ten and a group of ones, with objects, drawings and expressions or equations.",K,Mathematics,Florida's B.E.S.T. Standards: Kindergarten,2020962717,Make and take apart teen numbers with models: addition sentences,https://www.ixl.com/math/kindergarten/make-and-take-apart-teen-numbers-with-models-addition-sentences,RV8
IXL,MA.K.NSO.2.3,"Locate, order and compare numbers from 0 to 20 using the number line and terms less than, equal to or greater than.",K,Mathematics,Florida's B.E.S.T. Standards: Kindergarten,2000000037,Number lines - up to 10,https://www.ixl.com/math/kindergarten/number-lines-up-to-10,BVD
IXL,MA.K.NSO.2.3,"Locate, order and compare numbers from 0 to 20 using the number line and terms less than, equal to or greater than.",K,Mathematics,Florida's B.E.S.T. Standards: Kindergarten,2020695017,Greater and less - compare two numbers up to 10,https://www.ixl.com/math/kindergarten/greater-and-less-compare-two-numbers-up-to-10,TLP
IXL,MA.K.NSO.2.3,"Locate, order and compare numbers from 0 to 20 using the number line and terms less than, equal to or greater than.",K,Mathematics,Florida's B.E.S.T. Standards: Kindergarten,2000000099,Put numbers up to 10 in order,https://www.ixl.com/math/kindergarten/put-numbers-up-to-10-in-order,GKC
IXL,MA.K.NSO.2.3,"Locate, order and compare numbers from 0 to 20 using the number line and terms less than, equal to or greater than.",K,Mathematics,Florida's B.E.S.T. Standards: Kindergarten,2000000047,Number lines - up to 20,https://www.ixl.com/math/kindergarten/number-lines-up-to-20,UEP
IXL,MA.K.NSO.2.3,"Locate, order and compare numbers from 0 to 20 using the number line and terms less than, equal to or greater than.",K,Mathematics,Florida's B.E.S.T. Standards: Kindergarten,2021368817,Compare numbers up to 20 using number lines,https://www.ixl.com/math/kindergarten/compare-numbers-up-to-20-using-number-lines,GCH
IXL,MA.K.NSO.2.3,"Locate, order and compare numbers from 0 to 20 using the number line and terms less than, equal to or greater than.",K,Mathematics,Florida's B.E.S.T. Standards: Kindergarten,2020039851,Compare numbers up to 20,https://www.ixl.com/math/kindergarten/compare-numbers-up-to-20,6JG
IXL,MA.K.NSO.2.3,"Locate, order and compare numbers from 0 to 20 using the number line and terms less than, equal to or greater than.",K,Mathematics,Florida's B.E.S.T. Standards: Kindergarten,2020044325,Put numbers up to 20 in order,https://www.ixl.com/math/kindergarten/put-numbers-up-to-20-in-order,UKC
IXL,MA.K.AR.1.2,"Given a number from 0 to 10, find the different ways it can be represented as the sum of two numbers.",K,Mathematics,Florida's B.E.S.T. Standards: Kindergarten,2020928017,Make a number different ways using cubes - sums up to 5,https://www.ixl.com/math/kindergarten/make-a-number-different-ways-using-cubes-sums-up-to-5,SRB
IXL,MA.K.AR.1.2,"Given a number from 0 to 10, find the different ways it can be represented as the sum of two numbers.",K,Mathematics,Florida's B.E.S.T. Standards: Kindergarten,2020874017,Take apart numbers in different ways - sums up to 5,https://www.ixl.com/math/kindergarten/take-apart-numbers-in-different-ways-sums-up-to-5,G6F
IXL,MA.K.AR.1.2,"Given a number from 0 to 10, find the different ways it can be represented as the sum of two numbers.",K,Mathematics,Florida's B.E.S.T. Standards: Kindergarten,2002025827,Make a number using addition - sums up to 5,https://www.ixl.com/math/kindergarten/make-a-number-using-addition-sums-up-to-5,B2L
IXL,MA.K.AR.1.2,"Given a number from 0 to 10, find the different ways it can be represented as the sum of two numbers.",K,Mathematics,Florida's B.E.S.T. Standards: Kindergarten,2020928117,Make a number different ways using cubes - sums up to 10,https://www.ixl.com/math/kindergarten/make-a-number-different-ways-using-cubes-sums-up-to-10,65W
IXL,MA.K.AR.1.2,"Given a number from 0 to 10, find the different ways it can be represented as the sum of two numbers.",K,Mathematics,Florida's B.E.S.T. Standards: Kindergarten,2020874117,Take apart numbers in different ways - sums up to 10,https://www.ixl.com/math/kindergarten/take-apart-numbers-in-different-ways-sums-up-to-10,5EH
IXL,MA.K.AR.1.2,"Given a number from 0 to 10, find the different ways it can be represented as the sum of two numbers.",K,Mathematics,Florida's B.E.S.T. Standards: Kindergarten,2002025847,Make a number using addition - sums up to 10,https://www.ixl.com/math/kindergarten/make-a-number-using-addition-sums-up-to-10,QJS
IXL,MA.K.M.1.1,"Identify the attributes of a single object that can be measured such as length, volume or weight.",K,Mathematics,Florida's B.E.S.T. Standards: Kindergarten,2000000103,Long and short,https://www.ixl.com/math/kindergarten/long-and-short,DGP
IXL,MA.K.M.1.1,"Identify the attributes of a single object that can be measured such as length, volume or weight.",K,Mathematics,Florida's B.E.S.T. Standards: Kindergarten,2000000104,Tall and short,https://www.ixl.com/math/kindergarten/tall-and-short,9KJ
IXL,MA.K.M.1.1,"Identify the attributes of a single object that can be measured such as length, volume or weight.",K,Mathematics,Florida's B.E.S.T. Standards: Kindergarten,2000000105,Light and heavy,https://www.ixl.com/math/kindergarten/light-and-heavy,WWN
IXL,MA.K.M.1.1,"Identify the attributes of a single object that can be measured such as length, volume or weight.",K,Mathematics,Florida's B.E.S.T. Standards: Kindergarten,2000000106,Holds more or less,https://www.ixl.com/math/kindergarten/holds-more-or-less,9KH
IXL,MA.K.M.1.1,"Identify the attributes of a single object that can be measured such as length, volume or weight.",K,Mathematics,Florida's B.E.S.T. Standards: Kindergarten,2020927217,"Compare size, weight, and capacity",https://www.ixl.com/math/kindergarten/compare-size-weight-and-capacity-FL,MC9
IXL,MA.K.M.1.1,"Identify the attributes of a single object that can be measured such as length, volume or weight.",K,Mathematics,Florida's B.E.S.T. Standards: Kindergarten,2021280717,"Should you measure size, weight, or capacity?",https://www.ixl.com/math/kindergarten/should-you-measure-size-weight-or-capacity,XJR
IXL,MA.K.M.1.2,Directly compare two objects that have an attribute which can be measured in common. Express the comparison using language to describe the difference.,K,Mathematics,Florida's B.E.S.T. Standards: Kindergarten,2000000103,Long and short,https://www.ixl.com/math/kindergarten/long-and-short,DGP
IXL,MA.K.M.1.2,Directly compare two objects that have an attribute which can be measured in common. Express the comparison using language to describe the difference.,K,Mathematics,Florida's B.E.S.T. Standards: Kindergarten,2000000104,Tall and short,https://www.ixl.com/math/kindergarten/tall-and-short,9KJ
IXL,MA.K.M.1.2,Directly compare two objects that have an attribute which can be measured in common. Express the comparison using language to describe the difference.,K,Mathematics,Florida's B.E.S.T. Standards: Kindergarten,2000000105,Light and heavy,https://www.ixl.com/math/kindergarten/light-and-heavy,WWN
IXL,MA.K.M.1.2,Directly compare two objects that have an attribute which can be measured in common. Express the comparison using language to describe the difference.,K,Mathematics,Florida's B.E.S.T. Standards: Kindergarten,2000000106,Holds more or less,https://www.ixl.com/math/kindergarten/holds-more-or-less,9KH
IXL,MA.K.M.1.2,Directly compare two objects that have an attribute which can be measured in common. Express the comparison using language to describe the difference.,K,Mathematics,Florida's B.E.S.T. Standards: Kindergarten,2020927217,"Compare size, weight, and capacity",https://www.ixl.com/math/kindergarten/compare-size-weight-and-capacity-FL,MC9
IXL,MA.K.M.1.3,"Express the length of an object, up to 20 units long, as a whole number of lengths by laying non-standard objects end to end with no gaps or overlaps.",K,Mathematics,Florida's B.E.S.T. Standards: Kindergarten,2007001055,Measure length with objects,https://www.ixl.com/math/kindergarten/measure-using-objects,B8S
IXL,MA.K.M.1.3,"Express the length of an object, up to 20 units long, as a whole number of lengths by laying non-standard objects end to end with no gaps or overlaps.",K,Mathematics,Florida's B.E.S.T. Standards: Kindergarten,2020037183,Measure length with cubes,https://www.ixl.com/math/kindergarten/measure-length-with-cubes,7AH
IXL,MA.K.M.1.3,"Express the length of an object, up to 20 units long, as a whole number of lengths by laying non-standard objects end to end with no gaps or overlaps.",K,Mathematics,Florida's B.E.S.T. Standards: Kindergarten,2020037184,Build cube trains to measure length,https://www.ixl.com/math/kindergarten/build-cube-trains-to-measure-length,XSQ
IXL,MA.K.M.1.3,"Express the length of an object, up to 20 units long, as a whole number of lengths by laying non-standard objects end to end with no gaps or overlaps.",K,Mathematics,Florida's B.E.S.T. Standards: Kindergarten,2021376717,Measure length with paper clips,https://www.ixl.com/math/kindergarten/measure-length-with-paper-clips,X5N
IXL,MA.K.GR.1.4,"Find real-world objects that can be modeled by a given two-or three-dimensional figure. Figures are limited to circles, triangles, rectangles, squares, spheres, cubes, cones and cylinders.",K,Mathematics,Florida's B.E.S.T. Standards: Kindergarten,2021105017,Two-dimensional shapes in the real world,https://www.ixl.com/math/kindergarten/two-dimensional-shapes-in-the-real-world-excluding-hexagons,PL5
IXL,MA.K.GR.1.4,"Find real-world objects that can be modeled by a given two-or three-dimensional figure. Figures are limited to circles, triangles, rectangles, squares, spheres, cubes, cones and cylinders.",K,Mathematics,Florida's B.E.S.T. Standards: Kindergarten,2000000122,Three-dimensional shapes in the real world I,https://www.ixl.com/math/kindergarten/three-dimensional-shapes-in-the-real-world,ZRS
IXL,MA.K.GR.1.4,"Find real-world objects that can be modeled by a given two-or three-dimensional figure. Figures are limited to circles, triangles, rectangles, squares, spheres, cubes, cones and cylinders.",K,Mathematics,Florida's B.E.S.T. Standards: Kindergarten,2020008056,Three-dimensional shapes in the real world II,https://www.ixl.com/math/kindergarten/three-dimensional-shapes-in-the-real-world-ii,E2G
IXL,MA.K.GR.1.5,"Combine two-dimensional figures to form a given composite figure. Figures used to form a composite shape are limited to triangles, rectangles and squares.",K,Mathematics,Florida's B.E.S.T. Standards: Kindergarten,2020927517,Compose two-dimensional shapes,https://www.ixl.com/math/kindergarten/compose-two-dimensional-shapes-FL,NYU
IXL,MA.1.NSO.1.2,"Read numbers from 0 to 100 written in standard form, expanded form and word form. Write numbers from 0 to 100 using standard form and expanded form.",1,Mathematics,Florida's B.E.S.T. Standards: Grade 1,2004010149,Make and take apart teen numbers: tens and ones,https://www.ixl.com/math/grade-1/make-and-take-apart-teen-numbers-tens-and-ones,5HL
IXL,MA.1.NSO.1.2,"Read numbers from 0 to 100 written in standard form, expanded form and word form. Write numbers from 0 to 100 using standard form and expanded form.",1,Mathematics,Florida's B.E.S.T. Standards: Grade 1,2004010150,Build and break apart two-digit numbers - without models,https://www.ixl.com/math/grade-1/build-and-break-apart-two-digit-numbers-without-models,7WF
IXL,MA.1.NSO.1.2,"Read numbers from 0 to 100 written in standard form, expanded form and word form. Write numbers from 0 to 100 using standard form and expanded form.",1,Mathematics,Florida's B.E.S.T. Standards: Grade 1,2020040572,Writing numbers up to 100 in words - convert words to digits,https://www.ixl.com/math/grade-1/writing-numbers-in-words-convert-words-to-digits-1-to-100,GGP
IXL,MA.1.NSO.1.2,"Read numbers from 0 to 100 written in standard form, expanded form and word form. Write numbers from 0 to 100 using standard form and expanded form.",1,Mathematics,Florida's B.E.S.T. Standards: Grade 1,2020040573,Writing numbers up to 100 in words - convert digits to words,https://www.ixl.com/math/grade-1/writing-numbers-in-words-convert-digits-to-words-1-to-100,5KK
IXL,MA.1.NSO.1.2,"Read numbers from 0 to 100 written in standard form, expanded form and word form. Write numbers from 0 to 100 using standard form and expanded form.",1,Mathematics,Florida's B.E.S.T. Standards: Grade 1,2020042811,Convert from standard form to expanded form,https://www.ixl.com/math/grade-1/convert-from-standard-form-to-expanded-form,HFV
IXL,MA.1.NSO.1.2,"Read numbers from 0 to 100 written in standard form, expanded form and word form. Write numbers from 0 to 100 using standard form and expanded form.",1,Mathematics,Florida's B.E.S.T. Standards: Grade 1,2021387217,Convert between standard and expanded form,https://www.ixl.com/math/grade-1/convert-between-standard-and-expanded-form-fl,GGH
IXL,MA.1.NSO.1.2,"Read numbers from 0 to 100 written in standard form, expanded form and word form. Write numbers from 0 to 100 using standard form and expanded form.",1,Mathematics,Florida's B.E.S.T. Standards: Grade 1,2021387317,Convert from expanded form to standard form,https://www.ixl.com/math/grade-1/convert-from-expanded-form-to-standard-form,J7N
IXL,MA.1.NSO.1.3,"Compose and decompose two-digit numbers in multiple ways using tens and ones. Demonstrate each composition or decomposition with objects, drawings and expressions or equations.",1,Mathematics,Florida's B.E.S.T. Standards: Grade 1,2004010151,Build and break apart multiples of ten,https://www.ixl.com/math/grade-1/build-and-break-apart-multiples-of-ten,VH7
IXL,MA.1.NSO.1.3,"Compose and decompose two-digit numbers in multiple ways using tens and ones. Demonstrate each composition or decomposition with objects, drawings and expressions or equations.",1,Mathematics,Florida's B.E.S.T. Standards: Grade 1,2021150917,Build two-digit numbers,https://www.ixl.com/math/grade-1/build-two-digit-numbers,MUP
IXL,MA.1.NSO.1.3,"Compose and decompose two-digit numbers in multiple ways using tens and ones. Demonstrate each composition or decomposition with objects, drawings and expressions or equations.",1,Mathematics,Florida's B.E.S.T. Standards: Grade 1,2001000285,Build and break apart two-digit numbers - with models,https://www.ixl.com/math/grade-1/build-and-break-apart-two-digit-numbers-with-models,EAN
IXL,MA.1.NSO.1.3,"Compose and decompose two-digit numbers in multiple ways using tens and ones. Demonstrate each composition or decomposition with objects, drawings and expressions or equations.",1,Mathematics,Florida's B.E.S.T. Standards: Grade 1,2005003605,Place value models for two-digit numbers,https://www.ixl.com/math/grade-1/place-value-models-for-two-digit-numbers,5CG
IXL,MA.1.NSO.1.3,"Compose and decompose two-digit numbers in multiple ways using tens and ones. Demonstrate each composition or decomposition with objects, drawings and expressions or equations.",1,Mathematics,Florida's B.E.S.T. Standards: Grade 1,2021280817,Ways to make a number - tens and ones,https://www.ixl.com/math/grade-1/ways-to-make-a-number-tens-and-ones,PQR
IXL,MA.1.NSO.1.4,"Plot, order and compare whole numbers up to 100.",1,Mathematics,Florida's B.E.S.T. Standards: Grade 1,2000000210,Number lines - up to 100,https://www.ixl.com/math/grade-1/number-lines-up-to-100,MVE
IXL,MA.1.NSO.1.4,"Plot, order and compare whole numbers up to 100.",1,Mathematics,Florida's B.E.S.T. Standards: Grade 1,2020617117,Use place value to compare numbers up to 100,https://www.ixl.com/math/grade-1/use-place-value-to-compare-numbers-up-to-100,7UJ
IXL,MA.1.NSO.1.4,"Plot, order and compare whole numbers up to 100.",1,Mathematics,Florida's B.E.S.T. Standards: Grade 1,2020037104,Compare numbers up to 100 using words,https://www.ixl.com/math/grade-1/compare-numbers-up-to-100-using-words,BWC
IXL,MA.1.NSO.1.4,"Plot, order and compare whole numbers up to 100.",1,Mathematics,Florida's B.E.S.T. Standards: Grade 1,2021217817,Compare numbers up to 100 using symbols - with models,https://www.ixl.com/math/grade-1/compare-numbers-up-to-100-using-symbols-with-models,Z2B
IXL,MA.1.NSO.1.4,"Plot, order and compare whole numbers up to 100.",1,Mathematics,Florida's B.E.S.T. Standards: Grade 1,2021390717,Compare numbers using number lines,https://www.ixl.com/math/grade-1/compare-numbers-using-number-lines,76R
IXL,MA.1.NSO.1.4,"Plot, order and compare whole numbers up to 100.",1,Mathematics,Florida's B.E.S.T. Standards: Grade 1,2000000226,Compare numbers up to 100 using symbols,https://www.ixl.com/math/grade-1/compare-numbers-up-to-100-using-symbols,FU5
IXL,MA.1.NSO.1.4,"Plot, order and compare whole numbers up to 100.",1,Mathematics,Florida's B.E.S.T. Standards: Grade 1,2021390817,Put numbers in order using number lines,https://www.ixl.com/math/grade-1/put-numbers-in-order-using-number-lines,VBK
IXL,MA.1.NSO.1.4,"Plot, order and compare whole numbers up to 100.",1,Mathematics,Florida's B.E.S.T. Standards: Grade 1,2000000275,Put numbers in order - up to 100,https://www.ixl.com/math/grade-1/put-numbers-in-order-up-to-100,PB7
IXL,MA.1.NSO.2.3,"Identify the number that is one more, one less, ten more and ten less than a given two-digit number.",1,Mathematics,Florida's B.E.S.T. Standards: Grade 1,2000000211,Hundred chart,https://www.ixl.com/math/grade-1/hundred-chart,64Q
IXL,MA.1.NSO.2.3,"Identify the number that is one more, one less, ten more and ten less than a given two-digit number.",1,Mathematics,Florida's B.E.S.T. Standards: Grade 1,2001000290,Ten more or less,https://www.ixl.com/math/grade-1/ten-more-or-less,CLA
IXL,MA.1.NSO.2.3,"Identify the number that is one more, one less, ten more and ten less than a given two-digit number.",1,Mathematics,Florida's B.E.S.T. Standards: Grade 1,2021124917,Add and subtract ten,https://www.ixl.com/math/grade-1/add-and-subtract-ten,ASN
IXL,MA.1.NSO.2.3,"Identify the number that is one more, one less, ten more and ten less than a given two-digit number.",1,Mathematics,Florida's B.E.S.T. Standards: Grade 1,2020558917,One more or less - up to 100,https://www.ixl.com/math/grade-1/one-more-or-less-up-to-100,HBY
IXL,MA.1.NSO.2.3,"Identify the number that is one more, one less, ten more and ten less than a given two-digit number.",1,Mathematics,Florida's B.E.S.T. Standards: Grade 1,2020042812,One or ten more/less,https://www.ixl.com/math/grade-1/one-or-ten-more-less,KRV
IXL,MA.1.AR.1.1,Apply properties of addition to find a sum of three or more whole numbers.,1,Mathematics,Florida's B.E.S.T. Standards: Grade 1,2020016863,Add three numbers - use doubles,https://www.ixl.com/math/grade-1/add-three-numbers-use-doubles,2K8
IXL,MA.1.AR.1.1,Apply properties of addition to find a sum of three or more whole numbers.,1,Mathematics,Florida's B.E.S.T. Standards: Grade 1,2020016864,Add three numbers - make ten,https://www.ixl.com/math/grade-1/add-three-numbers-make-ten,8B2
IXL,MA.1.AR.1.1,Apply properties of addition to find a sum of three or more whole numbers.,1,Mathematics,Florida's B.E.S.T. Standards: Grade 1,2000000157,Add three numbers,https://www.ixl.com/math/grade-1/add-three-numbers,RL2
IXL,MA.1.AR.1.1,Apply properties of addition to find a sum of three or more whole numbers.,1,Mathematics,Florida's B.E.S.T. Standards: Grade 1,2000000158,Add three numbers - word problems,https://www.ixl.com/math/grade-1/add-three-numbers-word-problems,Z7S
IXL,MA.1.AR.1.1,Apply properties of addition to find a sum of three or more whole numbers.,1,Mathematics,Florida's B.E.S.T. Standards: Grade 1,2020471617,Add four numbers,https://www.ixl.com/math/grade-1/add-four-numbers,LWL
IXL,MA.1.AR.2.1,Restate a subtraction problem as a missing addend problem using the relationship between addition and subtraction.,1,Mathematics,Florida's B.E.S.T. Standards: Grade 1,2020042450,Use addition to subtract - up to 10,https://www.ixl.com/math/grade-1/use-addition-to-subtract-up-to-10,TBD
IXL,MA.1.AR.2.1,Restate a subtraction problem as a missing addend problem using the relationship between addition and subtraction.,1,Mathematics,Florida's B.E.S.T. Standards: Grade 1,2020016865,Relate addition and subtraction sentences - up to 20,https://www.ixl.com/math/grade-1/relate-addition-and-subtraction-sentences-up-to-20,DM2
IXL,MA.1.AR.2.1,Restate a subtraction problem as a missing addend problem using the relationship between addition and subtraction.,1,Mathematics,Florida's B.E.S.T. Standards: Grade 1,2020044548,Use addition to subtract - up to 20,https://www.ixl.com/math/grade-1/use-addition-to-subtract-up-to-20,YWW
IXL,MA.1.M.1.1,Estimate the length of an object to the nearest inch. Measure the length of an object to the nearest inch or centimeter.,1,Mathematics,Florida's B.E.S.T. Standards: Grade 1,2007000619,Measure using an inch ruler,https://www.ixl.com/math/grade-1/measure-using-an-inch-ruler,ELW
IXL,MA.1.M.1.1,Estimate the length of an object to the nearest inch. Measure the length of an object to the nearest inch or centimeter.,1,Mathematics,Florida's B.E.S.T. Standards: Grade 1,2007000617,Measure using a centimeter ruler,https://www.ixl.com/math/grade-1/measure-using-a-centimeter-ruler,E7J
IXL,MA.1.M.1.1,Estimate the length of an object to the nearest inch. Measure the length of an object to the nearest inch or centimeter.,1,Mathematics,Florida's B.E.S.T. Standards: Grade 1,2020447417,Measure length with inch cubes,https://www.ixl.com/math/grade-1/measure-length-with-inch-cubes,MJU
IXL,MA.1.M.1.2,Compare and order the length of up to three objects using direct and indirect comparison.,1,Mathematics,Florida's B.E.S.T. Standards: Grade 1,2002025823,Compare objects: length and height,https://www.ixl.com/math/grade-1/compare-objects-length-and-height,D7U
IXL,MA.1.M.1.2,Compare and order the length of up to three objects using direct and indirect comparison.,1,Mathematics,Florida's B.E.S.T. Standards: Grade 1,2020873617,Order objects: length and height,https://www.ixl.com/math/grade-1/order-objects-length-and-height,46K
IXL,MA.1.M.1.2,Compare and order the length of up to three objects using direct and indirect comparison.,1,Mathematics,Florida's B.E.S.T. Standards: Grade 1,2021293017,Indirect comparison,https://www.ixl.com/math/grade-1/indirect-comparison,49N
IXL,MA.1.M.2.1,"Using analog and digital clocks, tell and write time in hours and half-hours.",1,Mathematics,Florida's B.E.S.T. Standards: Grade 1,2020008041,Match digital clocks and times,https://www.ixl.com/math/grade-1/match-digital-clocks-and-times,KKM
IXL,MA.1.M.2.1,"Using analog and digital clocks, tell and write time in hours and half-hours.",1,Mathematics,Florida's B.E.S.T. Standards: Grade 1,2020040581,Match analog and digital clocks: to the hour,https://www.ixl.com/math/grade-1/match-analog-and-digital-clocks-to-the-hour,7B8
IXL,MA.1.M.2.1,"Using analog and digital clocks, tell and write time in hours and half-hours.",1,Mathematics,Florida's B.E.S.T. Standards: Grade 1,2020998017,Match analog clocks and times with words: to the hour,https://www.ixl.com/math/grade-1/match-analog-clocks-and-times-to-hour,LBR
IXL,MA.1.M.2.1,"Using analog and digital clocks, tell and write time in hours and half-hours.",1,Mathematics,Florida's B.E.S.T. Standards: Grade 1,2000000278,Match analog clocks and times: to the half hour,https://www.ixl.com/math/grade-1/match-analog-clocks-and-times-to-half-hour,5FJ
IXL,MA.1.M.2.1,"Using analog and digital clocks, tell and write time in hours and half-hours.",1,Mathematics,Florida's B.E.S.T. Standards: Grade 1,2000000280,Match analog and digital clocks: to the half hour,https://www.ixl.com/math/grade-1/match-analog-and-digital-clocks,7N3
IXL,MA.1.M.2.1,"Using analog and digital clocks, tell and write time in hours and half-hours.",1,Mathematics,Florida's B.E.S.T. Standards: Grade 1,2000000277,Read clocks and write times,https://www.ixl.com/math/grade-1/read-clocks-and-write-times,UJM
IXL,MA.1.M.2.2,"Identify pennies, nickels, dimes and quarters, and express their values using the &cent; symbol. State how many of each coin equal a dollar.",1,Mathematics,Florida's B.E.S.T. Standards: Grade 1,2020927617,Names and values of common coins,https://www.ixl.com/math/grade-1/names-and-values-of-common-coins-FL,AVC
IXL,MA.1.M.2.3,"Find the value of combinations of pennies, nickels and dimes up to one dollar, and the value of combinations of one, five and ten dollar bills up to $100. Use the &cent; and $ symbols appropriately.",1,Mathematics,Florida's B.E.S.T. Standards: Grade 1,2020039973,"Count groups of like coins: pennies, nickels, or dimes",https://www.ixl.com/math/grade-1/count-groups-of-like-coins-pennies-nickels-or-dimes,HX7
IXL,MA.1.M.2.3,"Find the value of combinations of pennies, nickels and dimes up to one dollar, and the value of combinations of one, five and ten dollar bills up to $100. Use the &cent; and $ symbols appropriately.",1,Mathematics,Florida's B.E.S.T. Standards: Grade 1,2000000261,"Count pennies, nickels, and dimes",https://www.ixl.com/math/grade-1/count-pennies-nickels-and-dimes,UED
IXL,MA.1.M.2.3,"Find the value of combinations of pennies, nickels and dimes up to one dollar, and the value of combinations of one, five and ten dollar bills up to $100. Use the &cent; and $ symbols appropriately.",1,Mathematics,Florida's B.E.S.T. Standards: Grade 1,2020380717,"Count $1, $5, and $10 bills",https://www.ixl.com/math/grade-1/count-1-dollar-5-dollars-and-10-dollar-bills,6TW
IXL,MA.1.M.2.3,"Find the value of combinations of pennies, nickels and dimes up to one dollar, and the value of combinations of one, five and ten dollar bills up to $100. Use the &cent; and $ symbols appropriately.",1,Mathematics,Florida's B.E.S.T. Standards: Grade 1,2020042987,Count pennies and dimes,https://www.ixl.com/math/grade-1/count-pennies-and-dimes,XAM
IXL,MA.1.GR.1.3,"Compose and decompose two- and three-dimensional figures. Figures are limited to semi-circles, triangles, rectangles, squares, trapezoids, hexagons, cubes, rectangular prisms, cones and cylinders.",1,Mathematics,Florida's B.E.S.T. Standards: Grade 1,2020927917,Compose two-dimensional shapes,https://www.ixl.com/math/grade-1/compose-two-dimensional-shapes-FL,GWF
IXL,MA.1.GR.1.3,"Compose and decompose two- and three-dimensional figures. Figures are limited to semi-circles, triangles, rectangles, squares, trapezoids, hexagons, cubes, rectangular prisms, cones and cylinders.",1,Mathematics,Florida's B.E.S.T. Standards: Grade 1,2021379117,Compose two-dimensional shapes: which shapes can you make?,https://www.ixl.com/math/grade-1/compose-two-dimensional-shapes-which-shapes-can-you-make-FL,8DF
IXL,MA.1.GR.1.3,"Compose and decompose two- and three-dimensional figures. Figures are limited to semi-circles, triangles, rectangles, squares, trapezoids, hexagons, cubes, rectangular prisms, cones and cylinders.",1,Mathematics,Florida's B.E.S.T. Standards: Grade 1,2021310517,Compose three-dimensional shapes,https://www.ixl.com/math/grade-1/compose-three-dimensional-shapes,AME
IXL,MA.1.GR.1.4,"Given a real-world object, identify parts that are modeled by two- and three-dimensional figures. Figures are limited to semi-circles, triangles, rectangles, squares and hexagons, spheres, cubes, rectangular prisms, cones and cylinders.",1,Mathematics,Florida's B.E.S.T. Standards: Grade 1,2021105117,Two-dimensional shapes in the real world,https://www.ixl.com/math/grade-1/two-dimensional-shapes-in-the-real-world,B9T
IXL,MA.1.GR.1.4,"Given a real-world object, identify parts that are modeled by two- and three-dimensional figures. Figures are limited to semi-circles, triangles, rectangles, squares and hexagons, spheres, cubes, rectangular prisms, cones and cylinders.",1,Mathematics,Florida's B.E.S.T. Standards: Grade 1,2021400917,Two-dimensional shapes in real-world objects,https://www.ixl.com/math/grade-1/two-dimensional-shapes-in-real-world-objects,TH2
IXL,MA.1.GR.1.4,"Given a real-world object, identify parts that are modeled by two- and three-dimensional figures. Figures are limited to semi-circles, triangles, rectangles, squares and hexagons, spheres, cubes, rectangular prisms, cones and cylinders.",1,Mathematics,Florida's B.E.S.T. Standards: Grade 1,2000000238,Three-dimensional shapes in the real world I,https://www.ixl.com/math/grade-1/three-dimensional-shapes-in-the-real-world,ZCN
IXL,MA.1.GR.1.4,"Given a real-world object, identify parts that are modeled by two- and three-dimensional figures. Figures are limited to semi-circles, triangles, rectangles, squares and hexagons, spheres, cubes, rectangular prisms, cones and cylinders.",1,Mathematics,Florida's B.E.S.T. Standards: Grade 1,2020008058,Three-dimensional shapes in the real world II,https://www.ixl.com/math/grade-1/three-dimensional-shapes-in-the-real-world-ii,LFC
IXL,MA.1.GR.1.4,"Given a real-world object, identify parts that are modeled by two- and three-dimensional figures. Figures are limited to semi-circles, triangles, rectangles, squares and hexagons, spheres, cubes, rectangular prisms, cones and cylinders.",1,Mathematics,Florida's B.E.S.T. Standards: Grade 1,2021398217,Three-dimensional shapes in real-world objects,https://www.ixl.com/math/grade-1/three-dimensional-shapes-in-real-world-objects,XSG
IXL,MA.1.DP.1.1,Collect data into categories and represent the results using tally marks or pictographs.,1,Mathematics,Florida's B.E.S.T. Standards: Grade 1,2020037151,Which picture graph is correct?,https://www.ixl.com/math/grade-1/which-picture-graph-is-correct,WZF
IXL,MA.1.DP.1.1,Collect data into categories and represent the results using tally marks or pictographs.,1,Mathematics,Florida's B.E.S.T. Standards: Grade 1,2021250217,Make picture graphs with pictures,https://www.ixl.com/math/grade-1/make-picture-graphs-with-pictures,FC5
IXL,MA.1.DP.1.1,Collect data into categories and represent the results using tally marks or pictographs.,1,Mathematics,Florida's B.E.S.T. Standards: Grade 1,2021275817,Make picture graphs with symbols,https://www.ixl.com/math/grade-1/make-picture-graphs-with-symbols,FLF
IXL,MA.1.DP.1.1,Collect data into categories and represent the results using tally marks or pictographs.,1,Mathematics,Florida's B.E.S.T. Standards: Grade 1,2000000251,Which tally chart is correct?,https://www.ixl.com/math/grade-1/which-tally-chart-is-correct,XRL
IXL,MA.1.DP.1.2,Interpret data represented with tally marks or pictographs by calculating the total number of data points and comparing the totals of different categories.,1,Mathematics,Florida's B.E.S.T. Standards: Grade 1,2020037163,Interpret picture graphs,https://www.ixl.com/math/grade-1/interpret-picture-graphs,GFA
IXL,MA.1.DP.1.2,Interpret data represented with tally marks or pictographs by calculating the total number of data points and comparing the totals of different categories.,1,Mathematics,Florida's B.E.S.T. Standards: Grade 1,2000000252,Interpret tally charts,https://www.ixl.com/math/grade-1/interpret-tally-charts,LBV
IXL,MA.2.NSO.1.3,"Plot, order and compare whole numbers up to 1,000.",2,Mathematics,Florida's B.E.S.T. Standards: Grade 2,2000001312,"Number lines - up to 1,000",https://www.ixl.com/math/grade-2/number-lines-up-to-1000,KFQ
IXL,MA.2.NSO.1.3,"Plot, order and compare whole numbers up to 1,000.",2,Mathematics,Florida's B.E.S.T. Standards: Grade 2,2021390517,"Compare numbers up to 1,000 using number lines",https://www.ixl.com/math/grade-2/compare-numbers-up-to-1000-using-number-lines,ZNK
IXL,MA.2.NSO.1.3,"Plot, order and compare whole numbers up to 1,000.",2,Mathematics,Florida's B.E.S.T. Standards: Grade 2,2000001316,"Comparing numbers up to 1,000",https://www.ixl.com/math/grade-2/comparing-numbers-up-to-1000,XF9
IXL,MA.2.NSO.1.3,"Plot, order and compare whole numbers up to 1,000.",2,Mathematics,Florida's B.E.S.T. Standards: Grade 2,2021390617,"Compare and order numbers up to 1,000 using number lines",https://www.ixl.com/math/grade-2/compare-and-order-numbers-up-to-1000-using-number-lines,97E
IXL,MA.2.NSO.1.3,"Plot, order and compare whole numbers up to 1,000.",2,Mathematics,Florida's B.E.S.T. Standards: Grade 2,2000001318,"Put numbers up to 1,000 in order",https://www.ixl.com/math/grade-2/put-numbers-up-to-1000-in-order,3N2
IXL,MA.2.NSO.1.3,"Plot, order and compare whole numbers up to 1,000.",2,Mathematics,Florida's B.E.S.T. Standards: Grade 2,2000001320,"Greatest and least - word problems - up to 1,000",https://www.ixl.com/math/grade-2/greatest-and-least-word-problems-up-to-1000,6QX
IXL,MA.2.NSO.1.4,Round whole numbers from 0 to 100 to the nearest 10.,2,Mathematics,Florida's B.E.S.T. Standards: Grade 2,2000001421,Round to the nearest ten,https://www.ixl.com/math/grade-2/round-to-the-nearest-ten,HNL
IXL,MA.2.NSO.2.2,"Identify the number that is ten more, ten less, one hundred more and one hundred less than a given three-digit number.",2,Mathematics,Florida's B.E.S.T. Standards: Grade 2,2021019117,Add 10 or 100 to a three-digit number,https://www.ixl.com/math/grade-2/add-10-or-100-to-a-three-digit-number,K8E
IXL,MA.2.NSO.2.2,"Identify the number that is ten more, ten less, one hundred more and one hundred less than a given three-digit number.",2,Mathematics,Florida's B.E.S.T. Standards: Grade 2,2021020117,Subtract 10 or 100 from a three-digit number,https://www.ixl.com/math/grade-2/subtract-10-or-100-from-a-three-digit-number,RXY
IXL,MA.2.FR.1.2,"Partition rectangles into two, three or four equal-sized parts in two different ways showing that equal-sized parts of the same whole may have different shapes.",2,Mathematics,Florida's B.E.S.T. Standards: Grade 2,2020931517,"Make halves, thirds, and fourths in different ways - rectangles",https://www.ixl.com/math/grade-2/make-halves-thirds-and-fourths-in-different-ways-rectangles,GYS
IXL,MA.2.AR.2.1,Determine and explain whether equations involving addition and subtraction are true or false.,2,Mathematics,Florida's B.E.S.T. Standards: Grade 2,2005003704,Which addition sentence is true? - sums to 20,https://www.ixl.com/math/grade-2/which-addition-sentence-is-true-sums-to-20,GMN
IXL,MA.2.AR.2.1,Determine and explain whether equations involving addition and subtraction are true or false.,2,Mathematics,Florida's B.E.S.T. Standards: Grade 2,2005003701,Which subtraction sentence is true? - up to 20,https://www.ixl.com/math/grade-2/which-subtraction-sentence-is-true-up-to-20,UY2
IXL,MA.2.AR.2.1,Determine and explain whether equations involving addition and subtraction are true or false.,2,Mathematics,Florida's B.E.S.T. Standards: Grade 2,2005003705,Which addition or subtraction sentence is true? - up to 20,https://www.ixl.com/math/grade-2/which-addition-or-subtraction-sentence-is-true-up-to-20,KP6
IXL,MA.2.AR.2.1,Determine and explain whether equations involving addition and subtraction are true or false.,2,Mathematics,Florida's B.E.S.T. Standards: Grade 2,2020873817,Which addition or subtraction equation is true? - up to 100,https://www.ixl.com/math/grade-2/which-addition-or-subtraction-equation-is-true-up-to-100,X2H
IXL,MA.2.AR.3.1,Represent an even number using two equal groups or two equal addends. Represent an odd number using two equal groups with one left over or two equal addends plus 1.,2,Mathematics,Florida's B.E.S.T. Standards: Grade 2,2005003659,Even or odd number of shapes - up to 20,https://www.ixl.com/math/grade-2/even-or-odd-number-of-shapes-up-to-20,54Z
IXL,MA.2.AR.3.1,Represent an even number using two equal groups or two equal addends. Represent an odd number using two equal groups with one left over or two equal addends plus 1.,2,Mathematics,Florida's B.E.S.T. Standards: Grade 2,2020658617,Identify even and odd numbers - up to 20,https://www.ixl.com/math/grade-2/identify-even-and-odd-numbers-up-to-20,NLH
IXL,MA.2.AR.3.1,Represent an even number using two equal groups or two equal addends. Represent an odd number using two equal groups with one left over or two equal addends plus 1.,2,Mathematics,Florida's B.E.S.T. Standards: Grade 2,2020803017,Addition sentences for even and odd numbers,https://www.ixl.com/math/grade-2/addition-sentences-for-even-and-odd-numbers,7PR
IXL,MA.2.AR.3.1,Represent an even number using two equal groups or two equal addends. Represent an odd number using two equal groups with one left over or two equal addends plus 1.,2,Mathematics,Florida's B.E.S.T. Standards: Grade 2,2005009355,Add doubles - complete the sentence,https://www.ixl.com/math/grade-2/add-doubles-complete-the-sentence,S46
IXL,MA.2.M.1.2,Measure the lengths of two objects using the same unit and determine the difference between their measurements.,2,Mathematics,Florida's B.E.S.T. Standards: Grade 2,2020667017,Measure to compare length in inches,https://www.ixl.com/math/grade-2/measure-to-compare-length-in-inches,DMP
IXL,MA.2.M.1.2,Measure the lengths of two objects using the same unit and determine the difference between their measurements.,2,Mathematics,Florida's B.E.S.T. Standards: Grade 2,2020667117,Measure to compare length in centimeters,https://www.ixl.com/math/grade-2/measure-to-compare-length-in-centimeters,YRD
IXL,MA.2.M.1.3,Solve one- and two-step real-world measurement problems involving addition and subtraction of lengths given in the same units.,2,Mathematics,Florida's B.E.S.T. Standards: Grade 2,2020544717,Compare lengths: customary units,https://www.ixl.com/math/grade-2/compare-lengths-customary-units,8J4
IXL,MA.2.M.1.3,Solve one- and two-step real-world measurement problems involving addition and subtraction of lengths given in the same units.,2,Mathematics,Florida's B.E.S.T. Standards: Grade 2,2001000298,Customary units of length: word problems,https://www.ixl.com/math/grade-2/customary-units-of-length-word-problems,GSF
IXL,MA.2.M.1.3,Solve one- and two-step real-world measurement problems involving addition and subtraction of lengths given in the same units.,2,Mathematics,Florida's B.E.S.T. Standards: Grade 2,2020544817,Compare lengths: metric units,https://www.ixl.com/math/grade-2/compare-lengths-metric-units,USJ
IXL,MA.2.M.1.3,Solve one- and two-step real-world measurement problems involving addition and subtraction of lengths given in the same units.,2,Mathematics,Florida's B.E.S.T. Standards: Grade 2,2001000299,Metric units of length: word problems,https://www.ixl.com/math/grade-2/metric-units-of-length-word-problems,KJ5
IXL,MA.2.GR.1.1,"Identify and draw two-dimensional figures based on their defining attributes. Figures are limited to triangles, rectangles, squares, pentagons, hexagons and octagons.",2,Mathematics,Florida's B.E.S.T. Standards: Grade 2,2020039889,Name polygons: up to 8 sides,https://www.ixl.com/math/grade-2/name-polygons-up-to-8-sides,M5Z
IXL,MA.2.GR.1.1,"Identify and draw two-dimensional figures based on their defining attributes. Figures are limited to triangles, rectangles, squares, pentagons, hexagons and octagons.",2,Mathematics,Florida's B.E.S.T. Standards: Grade 2,2020655617,Draw polygons,https://www.ixl.com/math/grade-2/draw-polygons-including-squares-and-rectangles,5LU
IXL,MA.2.GR.1.2,"Categorize two-dimensional figures based on the number and length of sides, number of vertices, whether they are closed or not and whether the edges are curved or straight.",2,Mathematics,Florida's B.E.S.T. Standards: Grade 2,2021260617,Sort two-dimensional shapes by number of sides and vertices,https://www.ixl.com/math/grade-2/sort-two-dimensional-shapes-by-number-of-sides-and-vertices,U5W
IXL,MA.2.GR.1.2,"Categorize two-dimensional figures based on the number and length of sides, number of vertices, whether they are closed or not and whether the edges are curved or straight.",2,Mathematics,Florida's B.E.S.T. Standards: Grade 2,2020037292,Equal sides,https://www.ixl.com/math/grade-2/equal-sides,D6K
IXL,MA.2.GR.1.2,"Categorize two-dimensional figures based on the number and length of sides, number of vertices, whether they are closed or not and whether the edges are curved or straight.",2,Mathematics,Florida's B.E.S.T. Standards: Grade 2,2020043838,Open and closed shapes,https://www.ixl.com/math/grade-2/open-and-closed-shapes,PCC
IXL,MA.2.GR.1.2,"Categorize two-dimensional figures based on the number and length of sides, number of vertices, whether they are closed or not and whether the edges are curved or straight.",2,Mathematics,Florida's B.E.S.T. Standards: Grade 2,2000001475,Count sides and vertices,https://www.ixl.com/math/grade-2/count-sides-and-vertices,EAQ
IXL,MA.2.GR.1.2,"Categorize two-dimensional figures based on the number and length of sides, number of vertices, whether they are closed or not and whether the edges are curved or straight.",2,Mathematics,Florida's B.E.S.T. Standards: Grade 2,2020037944,Identify pentagons,https://www.ixl.com/math/grade-2/identify-pentagons,JJN
IXL,MA.2.GR.1.2,"Categorize two-dimensional figures based on the number and length of sides, number of vertices, whether they are closed or not and whether the edges are curved or straight.",2,Mathematics,Florida's B.E.S.T. Standards: Grade 2,2000001474,Compare sides and vertices,https://www.ixl.com/math/grade-2/compare-sides-and-vertices,G9N
IXL,MA.2.GR.1.2,"Categorize two-dimensional figures based on the number and length of sides, number of vertices, whether they are closed or not and whether the edges are curved or straight.",2,Mathematics,Florida's B.E.S.T. Standards: Grade 2,2020039890,Classify polygons: up to 8 sides,https://www.ixl.com/math/grade-2/classify-polygons-up-to-8-sides,T2J
IXL,MA.2.GR.1.3,Identify line(s) of symmetry for a two-dimensional figure.,2,Mathematics,Florida's B.E.S.T. Standards: Grade 2,2020037312,Identify lines of symmetry,https://www.ixl.com/math/grade-2/identify-lines-of-symmetry,V2V
IXL,MA.2.GR.1.3,Identify line(s) of symmetry for a two-dimensional figure.,2,Mathematics,Florida's B.E.S.T. Standards: Grade 2,2000001476,Symmetry,https://www.ixl.com/math/grade-2/symmetry,PG9
IXL,MA.2.GR.1.3,Identify line(s) of symmetry for a two-dimensional figure.,2,Mathematics,Florida's B.E.S.T. Standards: Grade 2,2020363417,Draw a line of symmetry,https://www.ixl.com/math/grade-2/draw-a-line-of-symmetry,UWU
IXL,MA.2.GR.2.1,Explore perimeter as an attribute of a figure by placing unit segments along the boundary without gaps or overlaps. Find perimeters of rectangles by counting unit segments.,2,Mathematics,Florida's B.E.S.T. Standards: Grade 2,2021373717,Find the perimeter of a rectangle using centimeter cubes,https://www.ixl.com/math/grade-2/find-the-perimeter-of-a-rectangle-using-centimeter-cubes,C5Y
IXL,MA.2.GR.2.2,"Find the perimeter of a polygon with whole-number side lengths. Polygons are limited to triangles, rectangles, squares and pentagons.",2,Mathematics,Florida's B.E.S.T. Standards: Grade 2,2020931217,Perimeter,https://www.ixl.com/math/grade-2/perimeter-up-to-5-sides,DU7
IXL,MA.2.GR.2.2,"Find the perimeter of a polygon with whole-number side lengths. Polygons are limited to triangles, rectangles, squares and pentagons.",2,Mathematics,Florida's B.E.S.T. Standards: Grade 2,2000001480,Perimeter: word problems,https://www.ixl.com/math/grade-2/perimeter-word-problems,EL7
IXL,MA.3.NSO.1.1,"Read and write numbers from 0 to 10,000 using standard form, expanded form and word form.",3,Mathematics,Florida's B.E.S.T. Standards: Grade 3,2020194817,"Word names for numbers up to 10,000",https://www.ixl.com/math/grade-3/word-names-for-numbers-up-to-10000,73Y
IXL,MA.3.NSO.1.1,"Read and write numbers from 0 to 10,000 using standard form, expanded form and word form.",3,Mathematics,Florida's B.E.S.T. Standards: Grade 3,2020293517,"Convert from expanded form: up to 10,000",https://www.ixl.com/math/grade-3/convert-from-expanded-form-up-to-10000,QXX
IXL,MA.3.NSO.1.1,"Read and write numbers from 0 to 10,000 using standard form, expanded form and word form.",3,Mathematics,Florida's B.E.S.T. Standards: Grade 3,2020039717,"Convert between standard and expanded form: up to 10,000",https://www.ixl.com/math/grade-3/convert-between-standard-and-expanded-form-up-to-10000,FDT
IXL,MA.3.NSO.1.1,"Read and write numbers from 0 to 10,000 using standard form, expanded form and word form.",3,Mathematics,Florida's B.E.S.T. Standards: Grade 3,2000001679,Place value names up to thousands,https://www.ixl.com/math/grade-3/place-value-names-up-to-thousands,GEV
IXL,MA.3.NSO.1.1,"Read and write numbers from 0 to 10,000 using standard form, expanded form and word form.",3,Mathematics,Florida's B.E.S.T. Standards: Grade 3,2020043281,Value of a digit: up to thousands,https://www.ixl.com/math/grade-3/value-of-a-digit-up-to-thousands,3M7
IXL,MA.3.NSO.1.2,"Compose and decompose four-digit numbers in multiple ways using thousands, hundreds, tens and ones. Demonstrate each composition or decomposition using objects, drawings and expressions or equations.",3,Mathematics,Florida's B.E.S.T. Standards: Grade 3,2000001678,Place value models up to thousands,https://www.ixl.com/math/grade-3/place-value-models-up-to-thousands,DDS
IXL,MA.3.NSO.1.2,"Compose and decompose four-digit numbers in multiple ways using thousands, hundreds, tens and ones. Demonstrate each composition or decomposition using objects, drawings and expressions or equations.",3,Mathematics,Florida's B.E.S.T. Standards: Grade 3,2021343517,"Regroup thousands, hundreds, tens, and ones - ways to make a number",https://www.ixl.com/math/grade-3/regroup-thousands-hundreds-tens-and-ones-ways-to-make-a-number,8VN
IXL,MA.3.NSO.1.2,"Compose and decompose four-digit numbers in multiple ways using thousands, hundreds, tens and ones. Demonstrate each composition or decomposition using objects, drawings and expressions or equations.",3,Mathematics,Florida's B.E.S.T. Standards: Grade 3,2020798117,Convert to/from a number up to ten thousand,https://www.ixl.com/math/grade-3/convert-to-from-a-number-up-to-ten-thousand,PZZ
IXL,MA.3.NSO.1.3,"Plot, order and compare whole numbers up to 10,000.",3,Mathematics,Florida's B.E.S.T. Standards: Grade 3,2021389117,Compare and order numbers using number lines,https://www.ixl.com/math/grade-3/compare-and-order-numbers-using-number-lines,SKT
IXL,MA.3.NSO.1.3,"Plot, order and compare whole numbers up to 10,000.",3,Mathematics,Florida's B.E.S.T. Standards: Grade 3,2020039718,"Compare numbers up to 10,000",https://www.ixl.com/math/grade-3/compare-numbers-up-to-10000,D2N
IXL,MA.3.NSO.1.3,"Plot, order and compare whole numbers up to 10,000.",3,Mathematics,Florida's B.E.S.T. Standards: Grade 3,2020039888,"Greatest and least: numbers up to 10,000",https://www.ixl.com/math/grade-3/greatest-and-least-numbers-up-to-10000,ELP
IXL,MA.3.NSO.1.3,"Plot, order and compare whole numbers up to 10,000.",3,Mathematics,Florida's B.E.S.T. Standards: Grade 3,2020039719,"Order numbers up to 10,000",https://www.ixl.com/math/grade-3/order-numbers-up-to-10000,M5T
IXL,MA.3.NSO.1.4,"Round whole numbers from 0 to 1,000 to the nearest 10 or 100.",3,Mathematics,Florida's B.E.S.T. Standards: Grade 3,2007001198,Round to the nearest ten or hundred,https://www.ixl.com/math/grade-3/round-to-the-nearest-ten-or-hundred,Q65
IXL,MA.3.NSO.1.4,"Round whole numbers from 0 to 1,000 to the nearest 10 or 100.",3,Mathematics,Florida's B.E.S.T. Standards: Grade 3,2020199917,Round to the nearest ten or hundred in a table,https://www.ixl.com/math/grade-3/round-to-the-nearest-ten-or-hundred-in-a-table,6Y5
IXL,MA.3.NSO.2.3,"Multiply a one-digit whole number by a multiple of 10, up to 90, or a multiple of 100, up to 900, with procedural reliability.",3,Mathematics,Florida's B.E.S.T. Standards: Grade 3,2001000318,Multiply 10 by numbers up to 10,https://www.ixl.com/math/grade-3/multiply-10-by-numbers-up-to-10,6YD
IXL,MA.3.NSO.2.3,"Multiply a one-digit whole number by a multiple of 10, up to 90, or a multiple of 100, up to 900, with procedural reliability.",3,Mathematics,Florida's B.E.S.T. Standards: Grade 3,2020293417,Multiply by a multiple of ten using place value,https://www.ixl.com/math/grade-3/multiply-by-a-multiple-of-ten-using-place-value,GPN
IXL,MA.3.NSO.2.3,"Multiply a one-digit whole number by a multiple of 10, up to 90, or a multiple of 100, up to 900, with procedural reliability.",3,Mathematics,Florida's B.E.S.T. Standards: Grade 3,2002025883,Multiply by a multiple of ten,https://www.ixl.com/math/grade-3/multiply-by-a-multiple-of-ten,MS6
IXL,MA.3.NSO.2.3,"Multiply a one-digit whole number by a multiple of 10, up to 90, or a multiple of 100, up to 900, with procedural reliability.",3,Mathematics,Florida's B.E.S.T. Standards: Grade 3,2020039720,Multiply by a multiple of 100,https://www.ixl.com/math/grade-3/multiply-by-a-multiple-of-100,CPB
IXL,MA.3.NSO.2.3,"Multiply a one-digit whole number by a multiple of 10, up to 90, or a multiple of 100, up to 900, with procedural reliability.",3,Mathematics,Florida's B.E.S.T. Standards: Grade 3,2020043368,Multiplication patterns: multiples of 10 and 100,https://www.ixl.com/math/grade-3/multiplication-patterns-multiples-of-10-and-100,QGP
IXL,MA.3.NSO.2.3,"Multiply a one-digit whole number by a multiple of 10, up to 90, or a multiple of 100, up to 900, with procedural reliability.",3,Mathematics,Florida's B.E.S.T. Standards: Grade 3,2021340917,Multiply by multiples of 10 and 100,https://www.ixl.com/math/grade-3/multiply-by-multiples-of-10-and-100,XN9
IXL,MA.3.FR.1.3,"Read and write fractions, including fractions greater than one, using standard form, numeral-word form and word form.",3,Mathematics,Florida's B.E.S.T. Standards: Grade 3,2020043920,Write fractions using numbers and words,https://www.ixl.com/math/grade-3/write-fractions-using-numbers-and-words,7FX
IXL,MA.3.FR.1.3,"Read and write fractions, including fractions greater than one, using standard form, numeral-word form and word form.",3,Mathematics,Florida's B.E.S.T. Standards: Grade 3,2000001864,Word names for mixed numbers,https://www.ixl.com/math/grade-3/word-names-for-mixed-numbers,8SL
IXL,MA.3.FR.1.3,"Read and write fractions, including fractions greater than one, using standard form, numeral-word form and word form.",3,Mathematics,Florida's B.E.S.T. Standards: Grade 3,2020039784,Match fractions in word form to models,https://www.ixl.com/math/grade-3/match-fractions-written-with-words-to-models-denominators-up-to-12,8XD
IXL,MA.3.FR.1.3,"Read and write fractions, including fractions greater than one, using standard form, numeral-word form and word form.",3,Mathematics,Florida's B.E.S.T. Standards: Grade 3,2021353717,Match mixed numbers to models,https://www.ixl.com/math/grade-3/match-mixed-numbers-to-models-denominators-up-to-12,AFB
IXL,MA.3.FR.1.3,"Read and write fractions, including fractions greater than one, using standard form, numeral-word form and word form.",3,Mathematics,Florida's B.E.S.T. Standards: Grade 3,2021354917,Match unit fractions in word form to models,https://www.ixl.com/math/grade-3/match-unit-fractions-in-word-form-to-models,HU6
IXL,MA.3.AR.2.1,Restate a division problem as a missing factor problem using the relationship between multiplication and division.,3,Mathematics,Florida's B.E.S.T. Standards: Grade 3,2020006477,Relate multiplication and division for groups,https://www.ixl.com/math/grade-3/relate-multiplication-and-division-for-groups,FTU
IXL,MA.3.AR.2.1,Restate a division problem as a missing factor problem using the relationship between multiplication and division.,3,Mathematics,Florida's B.E.S.T. Standards: Grade 3,2020006476,Relate multiplication and division for arrays,https://www.ixl.com/math/grade-3/relate-multiplication-and-division-for-arrays,XSK
IXL,MA.3.AR.2.1,Restate a division problem as a missing factor problem using the relationship between multiplication and division.,3,Mathematics,Florida's B.E.S.T. Standards: Grade 3,2020744417,Relate multiplication and division: factors up to 12,https://www.ixl.com/math/grade-3/relate-multiplication-and-division-factors-up-to-12,BCN
IXL,MA.3.AR.2.1,Restate a division problem as a missing factor problem using the relationship between multiplication and division.,3,Mathematics,Florida's B.E.S.T. Standards: Grade 3,2021244317,Multiplication word problems with factors up to 12: find the missing number,https://www.ixl.com/math/grade-3/multiplication-word-problems-with-factors-up-to-12-find-the-missing-number,VN6
IXL,MA.3.AR.3.1,"Determine and explain whether a whole number from 1 to 1,000 is even or odd.",3,Mathematics,Florida's B.E.S.T. Standards: Grade 3,2000001661,Even or odd,https://www.ixl.com/math/grade-3/even-or-odd,U9Q
IXL,MA.3.AR.3.1,"Determine and explain whether a whole number from 1 to 1,000 is even or odd.",3,Mathematics,Florida's B.E.S.T. Standards: Grade 3,2000001662,Even or odd: addition patterns,https://www.ixl.com/math/grade-3/even-or-odd-addition-patterns,L63
IXL,MA.3.AR.3.1,"Determine and explain whether a whole number from 1 to 1,000 is even or odd.",3,Mathematics,Florida's B.E.S.T. Standards: Grade 3,2020042670,Even or odd: multiplication patterns,https://www.ixl.com/math/grade-3/even-or-odd-multiplication-patterns,WS2
IXL,MA.3.AR.3.2,Determine whether a whole number from 1 to 144 is a multiple of a given one-digit number.,3,Mathematics,Florida's B.E.S.T. Standards: Grade 3,2020039768,Choose the multiples of a given number up to 12,https://www.ixl.com/math/grade-3/choose-the-multiples-of-a-given-number-up-to-12,L5A
IXL,MA.3.AR.3.3,"Identify, create and extend numerical patterns.",3,Mathematics,Florida's B.E.S.T. Standards: Grade 3,2020038742,Skip-counting sequences,https://www.ixl.com/math/grade-3/skip-counting-sequences,5FD
IXL,MA.3.AR.3.3,"Identify, create and extend numerical patterns.",3,Mathematics,Florida's B.E.S.T. Standards: Grade 3,2000001663,Skip-counting puzzles,https://www.ixl.com/math/grade-3/skip-counting-puzzles,78C
IXL,MA.3.AR.3.3,"Identify, create and extend numerical patterns.",3,Mathematics,Florida's B.E.S.T. Standards: Grade 3,2021278317,Identify multiplication patterns in tables,https://www.ixl.com/math/grade-3/identify-multiplication-patterns-in-tables,CK9
IXL,MA.3.AR.3.3,"Identify, create and extend numerical patterns.",3,Mathematics,Florida's B.E.S.T. Standards: Grade 3,2021254817,Multiplication and division: real-world patterns,https://www.ixl.com/math/grade-3/multiplication-and-division-real-world-patterns,QQN
IXL,MA.3.AR.3.3,"Identify, create and extend numerical patterns.",3,Mathematics,Florida's B.E.S.T. Standards: Grade 3,2020039770,Number sequences: word problems,https://www.ixl.com/math/grade-3/number-sequences-word-problems,CY2
IXL,MA.3.AR.3.3,"Identify, create and extend numerical patterns.",3,Mathematics,Florida's B.E.S.T. Standards: Grade 3,2021290617,Use a rule to complete a number pattern,https://www.ixl.com/math/grade-3/use-a-rule-to-complete-a-number-pattern-up-to-12-by-12,AWW
IXL,MA.3.M.1.1,"Select and use appropriate tools to measure the length of an object, the volume of liquid within a beaker and temperature.",3,Mathematics,Florida's B.E.S.T. Standards: Grade 3,2007000621,Measure using an inch ruler: nearest ¼ inch,https://www.ixl.com/math/grade-3/measure-using-an-inch-ruler,LC2
IXL,MA.3.M.1.1,"Select and use appropriate tools to measure the length of an object, the volume of liquid within a beaker and temperature.",3,Mathematics,Florida's B.E.S.T. Standards: Grade 3,2021338517,Measure liquid volumes using half and quarter cups,https://www.ixl.com/math/grade-3/measure-liquid-volumes-using-half-and-quarter-cups,ZYA
IXL,MA.3.M.1.1,"Select and use appropriate tools to measure the length of an object, the volume of liquid within a beaker and temperature.",3,Mathematics,Florida's B.E.S.T. Standards: Grade 3,2021134817,Measure liquid volumes - metric units,https://www.ixl.com/math/grade-3/measure-liquid-volumes-metric-units,7FE
IXL,MA.3.M.1.1,"Select and use appropriate tools to measure the length of an object, the volume of liquid within a beaker and temperature.",3,Mathematics,Florida's B.E.S.T. Standards: Grade 3,2020038711,Measure using a centimeter ruler,https://www.ixl.com/math/grade-3/measure-using-a-centimeter-ruler,MPX
IXL,MA.3.M.1.1,"Select and use appropriate tools to measure the length of an object, the volume of liquid within a beaker and temperature.",3,Mathematics,Florida's B.E.S.T. Standards: Grade 3,2000001824,Read a thermometer,https://www.ixl.com/math/grade-3/read-a-thermometer,6EQ
IXL,MA.3.M.1.1,"Select and use appropriate tools to measure the length of an object, the volume of liquid within a beaker and temperature.",3,Mathematics,Florida's B.E.S.T. Standards: Grade 3,2020006520,Choose the appropriate measuring tool,https://www.ixl.com/math/grade-3/choose-the-appropriate-measuring-tool,FTA
IXL,MA.3.M.1.2,"Solve real-world problems involving any of the four operations with whole-number lengths, masses, weights, temperatures or liquid volumes.",3,Mathematics,Florida's B.E.S.T. Standards: Grade 3,2020037195,Measurement word problems,https://www.ixl.com/math/grade-3/measurement-word-problems,VPW
IXL,MA.3.M.1.2,"Solve real-world problems involving any of the four operations with whole-number lengths, masses, weights, temperatures or liquid volumes.",3,Mathematics,Florida's B.E.S.T. Standards: Grade 3,2020928317,"Measurement word problems: volume, mass, length, and temperature",https://www.ixl.com/math/grade-3/measurement-word-problems-volume-mass-length-and-temperature,UCR
IXL,MA.3.M.2.2,Solve one- and two-step real-world problems involving elapsed time.,3,Mathematics,Florida's B.E.S.T. Standards: Grade 3,2020928417,Find the end time,https://www.ixl.com/math/grade-3/find-the-end-time-FL,39S
IXL,MA.3.M.2.2,Solve one- and two-step real-world problems involving elapsed time.,3,Mathematics,Florida's B.E.S.T. Standards: Grade 3,2021379617,Find the elapsed time,https://www.ixl.com/math/grade-3/find-elapsed-time,WGC
IXL,MA.3.M.2.2,Solve one- and two-step real-world problems involving elapsed time.,3,Mathematics,Florida's B.E.S.T. Standards: Grade 3,2020033243,Find the end time: word problems,https://www.ixl.com/math/grade-3/find-the-end-time-word-problems,5VC
IXL,MA.3.M.2.2,Solve one- and two-step real-world problems involving elapsed time.,3,Mathematics,Florida's B.E.S.T. Standards: Grade 3,2021276017,Find the start time: word problems,https://www.ixl.com/math/grade-3/find-the-start-time-word-problems,X63
IXL,MA.3.M.2.2,Solve one- and two-step real-world problems involving elapsed time.,3,Mathematics,Florida's B.E.S.T. Standards: Grade 3,2021294317,"Find the start time, the end time, or the elapsed time: word problems",https://www.ixl.com/math/grade-3/find-the-start-time-the-end-time-or-the-elapsed-time-word-problems,9JB
IXL,MA.3.M.2.2,Solve one- and two-step real-world problems involving elapsed time.,3,Mathematics,Florida's B.E.S.T. Standards: Grade 3,2020928517,Find the elapsed time: word problems,https://www.ixl.com/math/grade-3/find-the-elapsed-time-word-problems-FL,KQQ
IXL,MA.3.M.2.2,Solve one- and two-step real-world problems involving elapsed time.,3,Mathematics,Florida's B.E.S.T. Standards: Grade 3,2021396417,Find start and end times: two-step word problems,https://www.ixl.com/math/grade-3/find-start-and-end-times-2-step-word-problems,MY8
IXL,MA.3.GR.1.1,"Describe and draw points, lines, line segments, rays, intersecting lines, perpendicular lines and parallel lines. Identify these in two-dimensional figures.",3,Mathematics,Florida's B.E.S.T. Standards: Grade 3,2007000999,"Parallel, perpendicular, and intersecting lines",https://www.ixl.com/math/grade-3/parallel-perpendicular-and-intersecting-lines,9SX
IXL,MA.3.GR.1.1,"Describe and draw points, lines, line segments, rays, intersecting lines, perpendicular lines and parallel lines. Identify these in two-dimensional figures.",3,Mathematics,Florida's B.E.S.T. Standards: Grade 3,2002025867,Parallel sides in quadrilaterals,https://www.ixl.com/math/grade-3/parallel-sides-in-quadrilaterals,6E9
IXL,MA.3.GR.1.1,"Describe and draw points, lines, line segments, rays, intersecting lines, perpendicular lines and parallel lines. Identify these in two-dimensional figures.",3,Mathematics,Florida's B.E.S.T. Standards: Grade 3,2020040530,"Points, lines, line segments, and rays",https://www.ixl.com/math/grade-3/points-lines-line-segments-and-rays,DFS
IXL,MA.3.GR.1.1,"Describe and draw points, lines, line segments, rays, intersecting lines, perpendicular lines and parallel lines. Identify these in two-dimensional figures.",3,Mathematics,Florida's B.E.S.T. Standards: Grade 3,2021285117,Sides in polygons,https://www.ixl.com/math/grade-3/sides-in-polygons,RCG
IXL,MA.3.GR.1.2,"Identify and draw quadrilaterals based on their defining attributes. Quadrilaterals include parallelograms, rhombi, rectangles, squares and trapezoids.",3,Mathematics,Florida's B.E.S.T. Standards: Grade 3,2020023635,Identify rectangles,https://www.ixl.com/math/grade-3/identify-rectangles,47T
IXL,MA.3.GR.1.2,"Identify and draw quadrilaterals based on their defining attributes. Quadrilaterals include parallelograms, rhombi, rectangles, squares and trapezoids.",3,Mathematics,Florida's B.E.S.T. Standards: Grade 3,2020023629,Identify parallelograms,https://www.ixl.com/math/grade-3/identify-parallelograms,V6L
IXL,MA.3.GR.1.2,"Identify and draw quadrilaterals based on their defining attributes. Quadrilaterals include parallelograms, rhombi, rectangles, squares and trapezoids.",3,Mathematics,Florida's B.E.S.T. Standards: Grade 3,2020023632,Identify rhombuses,https://www.ixl.com/math/grade-3/identify-rhombuses,ZSD
IXL,MA.3.GR.1.2,"Identify and draw quadrilaterals based on their defining attributes. Quadrilaterals include parallelograms, rhombi, rectangles, squares and trapezoids.",3,Mathematics,Florida's B.E.S.T. Standards: Grade 3,2021294117,Name quadrilaterals more than one way,https://www.ixl.com/math/grade-3/name-quadrilaterals-more-than-one-way,45V
IXL,MA.3.GR.1.2,"Identify and draw quadrilaterals based on their defining attributes. Quadrilaterals include parallelograms, rhombi, rectangles, squares and trapezoids.",3,Mathematics,Florida's B.E.S.T. Standards: Grade 3,2021277217,Identify trapezoids,https://www.ixl.com/math/grade-3/identify-trapezoids-at-least-one-pair-of-parallel-sides,GLZ
IXL,MA.3.GR.1.2,"Identify and draw quadrilaterals based on their defining attributes. Quadrilaterals include parallelograms, rhombi, rectangles, squares and trapezoids.",3,Mathematics,Florida's B.E.S.T. Standards: Grade 3,2021278817,"Classify squares, rectangles, rhombuses, parallelograms, and trapezoids",https://www.ixl.com/math/grade-3/classify-squares-rectangles-rhombuses-parallelograms-and-trapezoids-at-least-one-pair-of-parallel-sides,YRM
IXL,MA.3.GR.1.2,"Identify and draw quadrilaterals based on their defining attributes. Quadrilaterals include parallelograms, rhombi, rectangles, squares and trapezoids.",3,Mathematics,Florida's B.E.S.T. Standards: Grade 3,2021388217,"Draw squares, rectangles, rhombuses, parallelograms, and trapezoids",https://www.ixl.com/math/grade-3/draw-squares-rectangles-rhombi-parallelograms-and-trapezoids,CDQ
IXL,MA.3.GR.1.2,"Identify and draw quadrilaterals based on their defining attributes. Quadrilaterals include parallelograms, rhombi, rectangles, squares and trapezoids.",3,Mathematics,Florida's B.E.S.T. Standards: Grade 3,2021387917,Attributes of quadrilaterals,https://www.ixl.com/math/grade-3/attributes-quadrilaterals,D2W
IXL,MA.3.GR.1.3,Draw line(s) of symmetry in a two-dimensional figure and identify line-symmetric two-dimensional figures.,3,Mathematics,Florida's B.E.S.T. Standards: Grade 3,2020039778,Draw lines of symmetry,https://www.ixl.com/math/grade-3/draw-lines-of-symmetry,MWT
IXL,MA.3.GR.1.3,Draw line(s) of symmetry in a two-dimensional figure and identify line-symmetric two-dimensional figures.,3,Mathematics,Florida's B.E.S.T. Standards: Grade 3,2020928217,Count lines of symmetry,https://www.ixl.com/math/grade-3/count-lines-of-symmetry,NAL
IXL,MA.3.GR.1.3,Draw line(s) of symmetry in a two-dimensional figure and identify line-symmetric two-dimensional figures.,3,Mathematics,Florida's B.E.S.T. Standards: Grade 3,2000001839,Symmetry,https://www.ixl.com/math/grade-3/symmetry,STQ
IXL,MA.3.GR.2.2,Find the area of a rectangle with whole-number side lengths using a visual model and a multiplication formula.,3,Mathematics,Florida's B.E.S.T. Standards: Grade 3,2020039492,Multiply to find the area of a rectangle made of unit squares,https://www.ixl.com/math/grade-3/multiply-to-find-the-area-of-a-rectangle-made-of-unit-squares,S7G
IXL,MA.3.GR.2.2,Find the area of a rectangle with whole-number side lengths using a visual model and a multiplication formula.,3,Mathematics,Florida's B.E.S.T. Standards: Grade 3,2020511717,Find the area of rectangles using formulas,https://www.ixl.com/math/grade-3/find-the-area-of-rectangles-using-formulas,QEG
IXL,MA.3.GR.2.3,Solve mathematical and real-world problems involving the perimeter and area of rectangles with whole-number side lengths using a visual model and a formula.,3,Mathematics,Florida's B.E.S.T. Standards: Grade 3,2002025864,Find the area of rectangles: word problems,https://www.ixl.com/math/grade-3/find-the-area-of-rectangles-word-problems,5HA
IXL,MA.3.GR.2.3,Solve mathematical and real-world problems involving the perimeter and area of rectangles with whole-number side lengths using a visual model and a formula.,3,Mathematics,Florida's B.E.S.T. Standards: Grade 3,2020039783,Find the perimeter: word problems,https://www.ixl.com/math/grade-3/find-the-perimeter-word-problems,PCZ
IXL,MA.3.GR.2.3,Solve mathematical and real-world problems involving the perimeter and area of rectangles with whole-number side lengths using a visual model and a formula.,3,Mathematics,Florida's B.E.S.T. Standards: Grade 3,2021358917,Find the area of rectangles and squares,https://www.ixl.com/math/grade-3/find-the-area-of-rectangles-and-squares-sides-up-to-12,A45
IXL,MA.3.GR.2.3,Solve mathematical and real-world problems involving the perimeter and area of rectangles with whole-number side lengths using a visual model and a formula.,3,Mathematics,Florida's B.E.S.T. Standards: Grade 3,2021359017,Perimeter of rectangles,https://www.ixl.com/math/grade-3/perimeter-of-rectangles-sides-up-to-12,XP5
IXL,MA.3.GR.2.3,Solve mathematical and real-world problems involving the perimeter and area of rectangles with whole-number side lengths using a visual model and a formula.,3,Mathematics,Florida's B.E.S.T. Standards: Grade 3,2021359417,Find the area or perimeter of rectangles: word problems,https://www.ixl.com/math/grade-3/find-the-area-or-perimeter-of-rectangles-word-problems,KZW
IXL,MA.3.GR.2.4,Solve mathematical and real-world problems involving the perimeter and area of composite figures composed of non-overlapping rectangles with whole-number side lengths.,3,Mathematics,Florida's B.E.S.T. Standards: Grade 3,2021019717,Perimeter of figures on grids,https://www.ixl.com/math/grade-3/perimeter-of-figures-on-grids,VLG
IXL,MA.3.GR.2.4,Solve mathematical and real-world problems involving the perimeter and area of composite figures composed of non-overlapping rectangles with whole-number side lengths.,3,Mathematics,Florida's B.E.S.T. Standards: Grade 3,2021359517,Find the area of complex figures,https://www.ixl.com/math/grade-3/find-the-area-of-complex-figures-sides-up-to-12,3A8
IXL,MA.3.GR.2.4,Solve mathematical and real-world problems involving the perimeter and area of composite figures composed of non-overlapping rectangles with whole-number side lengths.,3,Mathematics,Florida's B.E.S.T. Standards: Grade 3,2021359117,Perimeter of rectilinear shapes,https://www.ixl.com/math/grade-3/perimeter-of-rectilinear-shapes-sides-up-to-12,2XH
IXL,MA.3.GR.2.4,Solve mathematical and real-world problems involving the perimeter and area of composite figures composed of non-overlapping rectangles with whole-number side lengths.,3,Mathematics,Florida's B.E.S.T. Standards: Grade 3,2021359317,Find the area and perimeter of complex figures: word problems,https://www.ixl.com/math/grade-3/find-the-area-and-perimeter-of-complex-figures-word-problems-sides-up-to-10,BHD
IXL,MA.3.DP.1.1,"Collect and represent numerical and categorical data with whole-number values using tables, scaled pictographs, scaled bar graphs or line plots. Use appropriate titles, labels and units.",3,Mathematics,Florida's B.E.S.T. Standards: Grade 3,2001000334,Create scaled bar graphs,https://www.ixl.com/math/grade-3/create-scaled-bar-graphs,RPF
IXL,MA.3.DP.1.1,"Collect and represent numerical and categorical data with whole-number values using tables, scaled pictographs, scaled bar graphs or line plots. Use appropriate titles, labels and units.",3,Mathematics,Florida's B.E.S.T. Standards: Grade 3,2001000336,Create scaled picture graphs,https://www.ixl.com/math/grade-3/create-scaled-picture-graphs,AVG
IXL,MA.3.DP.1.1,"Collect and represent numerical and categorical data with whole-number values using tables, scaled pictographs, scaled bar graphs or line plots. Use appropriate titles, labels and units.",3,Mathematics,Florida's B.E.S.T. Standards: Grade 3,2001000335,Create line plots,https://www.ixl.com/math/grade-3/create-line-plots,H5J
IXL,MA.4.NSO.1.1,Express how the value of a digit in a multi-digit whole number changes if the digit moves one place to the left or right.,4,Mathematics,Florida's B.E.S.T. Standards: Grade 4,2020019920,Value of a digit,https://www.ixl.com/math/grade-4/value-of-a-digit,WLP
IXL,MA.4.NSO.1.1,Express how the value of a digit in a multi-digit whole number changes if the digit moves one place to the left or right.,4,Mathematics,Florida's B.E.S.T. Standards: Grade 4,2020038169,Relationship between place values,https://www.ixl.com/math/grade-4/relationship-between-place-values,KFD
IXL,MA.4.NSO.1.4,"Round whole numbers from 0 to 10,000 to the nearest 10, 100 or 1,000.",4,Mathematics,Florida's B.E.S.T. Standards: Grade 4,2020039735,"Round to the nearest ten, hundred, or thousand",https://www.ixl.com/math/grade-4/round-to-the-nearest-ten-hundred-or-thousand,97B
IXL,MA.4.NSO.1.4,"Round whole numbers from 0 to 10,000 to the nearest 10, 100 or 1,000.",4,Mathematics,Florida's B.E.S.T. Standards: Grade 4,2020659017,Round a number to any place: up to thousands,https://www.ixl.com/math/grade-4/round-a-number-to-any-place-up-to-thousands,WPZ
IXL,MA.4.NSO.2.6,"Identify the number that is one-tenth more, one-tenth less, one-hundredth more and one-hundredth less than a given number.",4,Mathematics,Florida's B.E.S.T. Standards: Grade 4,2020040740,One-tenth or one-hundredth more or less,https://www.ixl.com/math/grade-4/one-tenth-or-one-hundredth-more-or-less,JMW
IXL,MA.4.FR.1.1,"Model and express a fraction, including mixed numbers and fractions greater than one, with the denominator 10 as an equivalent fraction with the denominator 100.",4,Mathematics,Florida's B.E.S.T. Standards: Grade 4,2005003607,Fractions with denominators of 10 and 100,https://www.ixl.com/math/grade-4/fractions-with-denominators-of-10-and-100,VLP
IXL,MA.4.FR.1.1,"Model and express a fraction, including mixed numbers and fractions greater than one, with the denominator 10 as an equivalent fraction with the denominator 100.",4,Mathematics,Florida's B.E.S.T. Standards: Grade 4,2020044225,Fractions and mixed numbers with denominators of 10 and 100,https://www.ixl.com/math/grade-4/fractions-and-mixed-numbers-with-denominators-of-10-and-100,77Q
IXL,MA.4.FR.1.2,"Use decimal notation to represent fractions with denominators of 10 or 100, including mixed numbers and fractions greater than 1, and use fractional notation with denominators of 10 or 100 to represent decimals.",4,Mathematics,Florida's B.E.S.T. Standards: Grade 4,2020019940,Convert fractions and mixed numbers to decimals - denominators of 10 and 100,https://www.ixl.com/math/grade-4/convert-fractions-and-mixed-numbers-to-decimals-denominators-of-10-and-100,6P7
IXL,MA.4.FR.1.2,"Use decimal notation to represent fractions with denominators of 10 or 100, including mixed numbers and fractions greater than 1, and use fractional notation with denominators of 10 or 100 to represent decimals.",4,Mathematics,Florida's B.E.S.T. Standards: Grade 4,2000025281,Convert decimals to fractions and mixed numbers,https://www.ixl.com/math/grade-4/convert-decimals-to-fractions-and-mixed-numbers,DBF
IXL,MA.4.FR.2.1,"Decompose a fraction, including mixed numbers and fractions greater than one, into a sum of fractions with the same denominator in multiple ways. Demonstrate each decomposition with objects, drawings and equations.",4,Mathematics,Florida's B.E.S.T. Standards: Grade 4,2020039468,Decompose fractions into unit fractions using models,https://www.ixl.com/math/grade-4/decompose-fractions-into-unit-fractions-using-models,QG2
IXL,MA.4.FR.2.1,"Decompose a fraction, including mixed numbers and fractions greater than one, into a sum of fractions with the same denominator in multiple ways. Demonstrate each decomposition with objects, drawings and equations.",4,Mathematics,Florida's B.E.S.T. Standards: Grade 4,2007000489,Decompose fractions into unit fractions,https://www.ixl.com/math/grade-4/decompose-fractions-into-unit-fractions,XHG
IXL,MA.4.FR.2.1,"Decompose a fraction, including mixed numbers and fractions greater than one, into a sum of fractions with the same denominator in multiple ways. Demonstrate each decomposition with objects, drawings and equations.",4,Mathematics,Florida's B.E.S.T. Standards: Grade 4,2007000490,Decompose fractions,https://www.ixl.com/math/grade-4/decompose-fractions,N2Z
IXL,MA.4.FR.2.1,"Decompose a fraction, including mixed numbers and fractions greater than one, into a sum of fractions with the same denominator in multiple ways. Demonstrate each decomposition with objects, drawings and equations.",4,Mathematics,Florida's B.E.S.T. Standards: Grade 4,2007000491,Decompose fractions multiple ways,https://www.ixl.com/math/grade-4/decompose-fractions-multiple-ways,UEW
IXL,MA.4.FR.2.3,Explore the addition of a fraction with denominator of 10 to a fraction with denominator of 100 using equivalent fractions.,4,Mathematics,Florida's B.E.S.T. Standards: Grade 4,2020038115,Add fractions: denominators 10 and 100,https://www.ixl.com/math/grade-4/add-fractions-denominators-10-and-100,9RJ
IXL,MA.4.AR.1.3,Solve real-world problems involving multiplication of a fraction by a whole number or a whole number by a fraction.,4,Mathematics,Florida's B.E.S.T. Standards: Grade 4,2007001139,Multiply unit fractions by whole numbers: word problems,https://www.ixl.com/math/grade-4/multiply-unit-fractions-by-whole-numbers-word-problems,DSB
IXL,MA.4.AR.1.3,Solve real-world problems involving multiplication of a fraction by a whole number or a whole number by a fraction.,4,Mathematics,Florida's B.E.S.T. Standards: Grade 4,2001000353,Multiply fractions by whole numbers: word problems,https://www.ixl.com/math/grade-4/multiply-fractions-by-whole-numbers-word-problems,LX8
IXL,MA.4.AR.1.3,Solve real-world problems involving multiplication of a fraction by a whole number or a whole number by a fraction.,4,Mathematics,Florida's B.E.S.T. Standards: Grade 4,2021291817,Multiply fractions by whole numbers: multi-step word problems,https://www.ixl.com/math/grade-4/multiply-fractions-by-whole-numbers-multi-step-word-problems,GVW
IXL,MA.4.AR.2.1,Determine and explain whether an equation involving any of the four operations with whole numbers is true or false.,4,Mathematics,Florida's B.E.S.T. Standards: Grade 4,2021353117,Equations with mixed operations: true or false,https://www.ixl.com/math/grade-4/equations-with-mixed-operations-true-or-false,T47
IXL,MA.4.AR.2.2,"Given a mathematical or real-world context, write an equation involving multiplication or division to determine the unknown whole number with the unknown in any position.",4,Mathematics,Florida's B.E.S.T. Standards: Grade 4,2020039740,Write variable equations to represent word problems: multiplication and division,https://www.ixl.com/math/grade-4/write-variable-equations-to-represent-word-problems-multiplication-and-division,72G
IXL,MA.4.M.1.1,Select and use appropriate tools to measure attributes of objects.,4,Mathematics,Florida's B.E.S.T. Standards: Grade 4,2020734317,Measure using an inch ruler: nearest 1/8 inch,https://www.ixl.com/math/grade-4/measure-using-an-inch-ruler-nearest-1-8-inch,EPE
IXL,MA.4.M.1.1,Select and use appropriate tools to measure attributes of objects.,4,Mathematics,Florida's B.E.S.T. Standards: Grade 4,2020043113,Measure using a centimeter ruler,https://www.ixl.com/math/grade-4/measure-using-a-centimeter-ruler,AAE
IXL,MA.4.M.1.1,Select and use appropriate tools to measure attributes of objects.,4,Mathematics,Florida's B.E.S.T. Standards: Grade 4,2021376617,Read a scale,https://www.ixl.com/math/grade-4/read-a-scale,G9P
IXL,MA.4.M.1.1,Select and use appropriate tools to measure attributes of objects.,4,Mathematics,Florida's B.E.S.T. Standards: Grade 4,2020043969,Choose the appropriate measuring tool,https://www.ixl.com/math/grade-4/choose-the-appropriate-measuring-tool,JBL
IXL,MA.4.GR.1.1,"Informally explore angles as an attribute of two-dimensional figures. Identify and classify angles as acute, right, obtuse, straight or reflex.",4,Mathematics,Florida's B.E.S.T. Standards: Grade 4,2020038496,"Angles greater than, less than, or equal to a right angle",https://www.ixl.com/math/grade-4/angles-greater-than-less-than-or-equal-to-a-right-angle,MHU
IXL,MA.4.GR.1.1,"Informally explore angles as an attribute of two-dimensional figures. Identify and classify angles as acute, right, obtuse, straight or reflex.",4,Mathematics,Florida's B.E.S.T. Standards: Grade 4,2021398817,"Acute, right, obtuse, straight, and reflex angles",https://www.ixl.com/math/grade-4/acute-right-obtuse-straight-and-reflex-angles,BSJ
IXL,MA.4.GR.1.1,"Informally explore angles as an attribute of two-dimensional figures. Identify and classify angles as acute, right, obtuse, straight or reflex.",4,Mathematics,Florida's B.E.S.T. Standards: Grade 4,2021284917,Angles in polygons,https://www.ixl.com/math/grade-4/angles-in-polygons,KYF
IXL,MA.4.GR.1.3,Solve real-world and mathematical problems involving unknown whole-number angle measures. Write an equation to represent the unknown.,4,Mathematics,Florida's B.E.S.T. Standards: Grade 4,2002022039,Adjacent angles,https://www.ixl.com/math/grade-4/adjacent-angles,VJY
IXL,MA.4.GR.1.3,Solve real-world and mathematical problems involving unknown whole-number angle measures. Write an equation to represent the unknown.,4,Mathematics,Florida's B.E.S.T. Standards: Grade 4,2020038650,Angle measures: word problems,https://www.ixl.com/math/grade-4/angle-measures-word-problems,YUA
IXL,MA.4.GR.1.3,Solve real-world and mathematical problems involving unknown whole-number angle measures. Write an equation to represent the unknown.,4,Mathematics,Florida's B.E.S.T. Standards: Grade 4,2021290917,Solve problems involving angle measures,https://www.ixl.com/math/grade-4/solve-problems-involving-angle-measures,MBL
IXL,MA.4.GR.2.2,Solve problems involving rectangles with the same perimeter and different areas or with the same area and different perimeters.,4,Mathematics,Florida's B.E.S.T. Standards: Grade 4,2021179117,Rectangles with the same perimeter or area,https://www.ixl.com/math/grade-4/rectangles-with-the-same-perimeter-or-area,LBZ
IXL,MA.4.GR.2.2,Solve problems involving rectangles with the same perimeter and different areas or with the same area and different perimeters.,4,Mathematics,Florida's B.E.S.T. Standards: Grade 4,2002025879,Relationship between area and perimeter,https://www.ixl.com/math/grade-4/relationship-between-area-and-perimeter,SKK
IXL,MA.4.GR.2.2,Solve problems involving rectangles with the same perimeter and different areas or with the same area and different perimeters.,4,Mathematics,Florida's B.E.S.T. Standards: Grade 4,2021608417,Solve problems involving the area and perimeter of rectangles,https://www.ixl.com/math/grade-4/solve-problems-involving-the-area-and-perimeter-of-rectangles,5CZ
IXL,MA.5.NSO.1.1,Express how the value of a digit in a multi-digit number with decimals to the thousandths changes if the digit moves one or more places to the left or right.,5,Mathematics,Florida's B.E.S.T. Standards: Grade 5,2000026237,Place values in decimal numbers,https://www.ixl.com/math/grade-5/place-values-in-decimal-numbers,X8U
IXL,MA.5.NSO.1.1,Express how the value of a digit in a multi-digit number with decimals to the thousandths changes if the digit moves one or more places to the left or right.,5,Mathematics,Florida's B.E.S.T. Standards: Grade 5,2020038367,Relationship between decimal place values,https://www.ixl.com/math/grade-5/relationship-between-decimal-place-values,DVM
IXL,MA.5.NSO.1.2,"Read and write multi-digit numbers with decimals to the thousandths using standard form, word form and expanded form.",5,Mathematics,Florida's B.E.S.T. Standards: Grade 5,2000026236,Understanding decimals expressed in words,https://www.ixl.com/math/grade-5/understanding-decimals-expressed-in-words,F9G
IXL,MA.5.NSO.1.2,"Read and write multi-digit numbers with decimals to the thousandths using standard form, word form and expanded form.",5,Mathematics,Florida's B.E.S.T. Standards: Grade 5,2007000614,Convert decimals between standard and expanded form,https://www.ixl.com/math/grade-5/convert-decimals-between-standard-and-expanded-form,WTU
IXL,MA.5.NSO.1.2,"Read and write multi-digit numbers with decimals to the thousandths using standard form, word form and expanded form.",5,Mathematics,Florida's B.E.S.T. Standards: Grade 5,2007000613,Convert decimals between standard and expanded form using fractions,https://www.ixl.com/math/grade-5/convert-decimals-between-standard-and-expanded-form-using-fractions,BLQ
IXL,MA.5.NSO.1.3,"Compose and decompose multi-digit numbers with decimals to the thousandths in multiple ways using the values of the digits in each place. Demonstrate the compositions or decompositions using objects, drawings and expressions or equations.",5,Mathematics,Florida's B.E.S.T. Standards: Grade 5,2000026235,What decimal number is illustrated?,https://www.ixl.com/math/grade-5/what-decimal-number-is-illustrated,CTP
IXL,MA.5.NSO.1.3,"Compose and decompose multi-digit numbers with decimals to the thousandths in multiple ways using the values of the digits in each place. Demonstrate the compositions or decompositions using objects, drawings and expressions or equations.",5,Mathematics,Florida's B.E.S.T. Standards: Grade 5,2000026237,Place values in decimal numbers,https://www.ixl.com/math/grade-5/place-values-in-decimal-numbers,X8U
IXL,MA.5.NSO.1.3,"Compose and decompose multi-digit numbers with decimals to the thousandths in multiple ways using the values of the digits in each place. Demonstrate the compositions or decompositions using objects, drawings and expressions or equations.",5,Mathematics,Florida's B.E.S.T. Standards: Grade 5,2020411217,Compose and decompose decimals in multiple ways,https://www.ixl.com/math/grade-5/compose-and-decompose-decimals-in-multiple-ways,7U9
IXL,MA.5.NSO.1.5,"Round multi-digit numbers with decimals to the thousandths to the nearest hundredth, tenth or whole number.",5,Mathematics,Florida's B.E.S.T. Standards: Grade 5,2000026239,Round decimals,https://www.ixl.com/math/grade-5/round-decimals,MPB
IXL,MA.5.NSO.1.5,"Round multi-digit numbers with decimals to the thousandths to the nearest hundredth, tenth or whole number.",5,Mathematics,Florida's B.E.S.T. Standards: Grade 5,2020039469,"Compare, order, and round decimals: word problems",https://www.ixl.com/math/grade-5/compare-order-and-round-decimals-word-problems,2MV
IXL,MA.5.NSO.1.5,"Round multi-digit numbers with decimals to the thousandths to the nearest hundredth, tenth or whole number.",5,Mathematics,Florida's B.E.S.T. Standards: Grade 5,2000026264,Estimate sums and differences of decimals using rounding,https://www.ixl.com/math/grade-5/estimate-sums-and-differences-of-decimals-using-rounding,YGG
IXL,MA.5.NSO.2.5,Multiply and divide a multi-digit number with decimals to the tenths by one-tenth and one-hundredth with procedural reliability.,5,Mathematics,Florida's B.E.S.T. Standards: Grade 5,2020044672,Multiply by 0.1 or 0.01,https://www.ixl.com/math/grade-5/multiply-by-0-1-or-0-01,85W
IXL,MA.5.NSO.2.5,Multiply and divide a multi-digit number with decimals to the tenths by one-tenth and one-hundredth with procedural reliability.,5,Mathematics,Florida's B.E.S.T. Standards: Grade 5,2020041068,Multiply and divide decimals by 0.1 and 0.01,https://www.ixl.com/math/grade-5/multiply-and-divide-decimals-by-0-1-and-0-01,XVK
IXL,MA.5.NSO.2.5,Multiply and divide a multi-digit number with decimals to the tenths by one-tenth and one-hundredth with procedural reliability.,5,Mathematics,Florida's B.E.S.T. Standards: Grade 5,2021317517,Divide by 0.1 or 0.01,https://www.ixl.com/math/grade-5/divide-by-1-tenth-or-1-hundredth,YFB
IXL,MA.5.FR.1.1,"Given a mathematical or real-world problem, represent the division of two whole numbers as a fraction.",5,Mathematics,Florida's B.E.S.T. Standards: Grade 5,2020035849,Understand fractions as division: word problems,https://www.ixl.com/math/grade-5/understand-fractions-as-division-word-problems,CTD
IXL,MA.5.FR.1.1,"Given a mathematical or real-world problem, represent the division of two whole numbers as a fraction.",5,Mathematics,Florida's B.E.S.T. Standards: Grade 5,2020000277,Fractions of a whole: word problems,https://www.ixl.com/math/grade-5/fractions-of-a-whole-word-problems,2VP
IXL,MA.5.AR.1.1,"Solve multi-step real-world problems involving any combination of the four operations with whole numbers, including problems in which remainders must be interpreted within the context.",5,Mathematics,Florida's B.E.S.T. Standards: Grade 5,2020039055,Represent multi-step problems using equations,https://www.ixl.com/math/grade-5/represent-multi-step-problems-using-equations,FZX
IXL,MA.5.AR.1.1,"Solve multi-step real-world problems involving any combination of the four operations with whole numbers, including problems in which remainders must be interpreted within the context.",5,Mathematics,Florida's B.E.S.T. Standards: Grade 5,2000026345,Multi-step word problems,https://www.ixl.com/math/grade-5/multi-step-word-problems,Z76
IXL,MA.5.AR.1.1,"Solve multi-step real-world problems involving any combination of the four operations with whole numbers, including problems in which remainders must be interpreted within the context.",5,Mathematics,Florida's B.E.S.T. Standards: Grade 5,2020035748,Multi-step word problems involving remainders,https://www.ixl.com/math/grade-5/multi-step-word-problems-involving-remainders,XGE
IXL,MA.5.AR.1.1,"Solve multi-step real-world problems involving any combination of the four operations with whole numbers, including problems in which remainders must be interpreted within the context.",5,Mathematics,Florida's B.E.S.T. Standards: Grade 5,2020035767,Multi-step word problems: identify reasonable answers,https://www.ixl.com/math/grade-5/multi-step-word-problems-identify-reasonable-answers,NNJ
IXL,MA.5.AR.1.1,"Solve multi-step real-world problems involving any combination of the four operations with whole numbers, including problems in which remainders must be interpreted within the context.",5,Mathematics,Florida's B.E.S.T. Standards: Grade 5,2020039430,Multi-step word problems: multiplicative comparison,https://www.ixl.com/math/grade-5/multi-step-word-problems-multiplicative-comparison,V59
IXL,MA.5.AR.1.3,Solve real-world problems involving division of a unit fraction by a whole number and a whole number by a unit fraction.,5,Mathematics,Florida's B.E.S.T. Standards: Grade 5,2002025887,Divide unit fractions and whole numbers: word problems,https://www.ixl.com/math/grade-5/divide-unit-fractions-and-whole-numbers-word-problems,G2N
IXL,MA.5.AR.1.3,Solve real-world problems involving division of a unit fraction by a whole number and a whole number by a unit fraction.,5,Mathematics,Florida's B.E.S.T. Standards: Grade 5,2021119817,Multi-step word problems with fractions and mixed numbers,https://www.ixl.com/math/grade-5/multi-step-word-problems-with-fractions-and-mixed-numbers,TYF
IXL,MA.5.AR.2.1,Translate written real-world and mathematical descriptions into numerical expressions and numerical expressions into written mathematical descriptions.,5,Mathematics,Florida's B.E.S.T. Standards: Grade 5,2020035856,Write numerical expressions: one operation,https://www.ixl.com/math/grade-5/write-numerical-expressions-one-operation,SCJ
IXL,MA.5.AR.2.1,Translate written real-world and mathematical descriptions into numerical expressions and numerical expressions into written mathematical descriptions.,5,Mathematics,Florida's B.E.S.T. Standards: Grade 5,2020003199,Write numerical expressions: two operations,https://www.ixl.com/math/grade-5/write-numerical-expressions-two-operations,8ME
IXL,MA.5.AR.2.1,Translate written real-world and mathematical descriptions into numerical expressions and numerical expressions into written mathematical descriptions.,5,Mathematics,Florida's B.E.S.T. Standards: Grade 5,2020924317,Comparison statements with numerical expressions,https://www.ixl.com/math/grade-5/comparison-statements-with-numerical-expressions,Q63
IXL,MA.5.AR.2.1,Translate written real-world and mathematical descriptions into numerical expressions and numerical expressions into written mathematical descriptions.,5,Mathematics,Florida's B.E.S.T. Standards: Grade 5,2020039429,Write numerical expressions for word problems,https://www.ixl.com/math/grade-5/write-numerical-expressions-for-word-problems,NF5
IXL,MA.5.AR.2.1,Translate written real-world and mathematical descriptions into numerical expressions and numerical expressions into written mathematical descriptions.,5,Mathematics,Florida's B.E.S.T. Standards: Grade 5,2021293517,Use numerical expressions to solve multi-step word problems,https://www.ixl.com/math/grade-5/use-numerical-expressions-to-solve-multi-step-word-problems,RLE
IXL,MA.5.AR.2.2,Evaluate multi-step numerical expressions using order of operations.,5,Mathematics,Florida's B.E.S.T. Standards: Grade 5,2000026385,Evaluate numerical expressions,https://www.ixl.com/math/grade-5/evaluate-numerical-expressions,Z5N
IXL,MA.5.AR.2.2,Evaluate multi-step numerical expressions using order of operations.,5,Mathematics,Florida's B.E.S.T. Standards: Grade 5,2020034559,Evaluate numerical expressions with parentheses,https://www.ixl.com/math/grade-5/evaluate-numerical-expressions-with-parentheses,HGW
IXL,MA.5.AR.2.2,Evaluate multi-step numerical expressions using order of operations.,5,Mathematics,Florida's B.E.S.T. Standards: Grade 5,2020038412,Evaluate numerical expressions with parentheses in different places,https://www.ixl.com/math/grade-5/evaluate-numerical-expressions-with-parentheses-in-different-places,9F5
IXL,MA.5.AR.2.2,Evaluate multi-step numerical expressions using order of operations.,5,Mathematics,Florida's B.E.S.T. Standards: Grade 5,2020997217,Evaluate numerical expressions with fractions,https://www.ixl.com/math/grade-5/evaluate-numerical-expressions-with-fractions,5S7
IXL,MA.5.AR.2.3,Determine and explain whether an equation involving any of the four operations is true or false.,5,Mathematics,Florida's B.E.S.T. Standards: Grade 5,2020038894,Identify mistakes involving the order of operations,https://www.ixl.com/math/grade-5/identify-mistakes-involving-the-order-of-operations,JLJ
IXL,MA.5.AR.2.3,Determine and explain whether an equation involving any of the four operations is true or false.,5,Mathematics,Florida's B.E.S.T. Standards: Grade 5,2020044503,Equations with mixed operations: true or false,https://www.ixl.com/math/grade-5/equations-with-mixed-operations-true-or-false,QR9
IXL,MA.5.AR.2.3,Determine and explain whether an equation involving any of the four operations is true or false.,5,Mathematics,Florida's B.E.S.T. Standards: Grade 5,2021157017,Mixed operation equations with whole numbers: true or false,https://www.ixl.com/math/grade-5/mixed-operation-equations-with-whole-numbers-true-or-false,KX7
IXL,MA.5.AR.2.4,"Given a mathematical or real-world context, write an equation involving any of the four operations to determine the unknown whole number with the unknown in any position.",5,Mathematics,Florida's B.E.S.T. Standards: Grade 5,2021359817,Use equations to solve multi-step word problems,https://www.ixl.com/math/grade-5/use-equations-to-solve-multi-step-word-problems,XMW
IXL,MA.5.AR.2.4,"Given a mathematical or real-world context, write an equation involving any of the four operations to determine the unknown whole number with the unknown in any position.",5,Mathematics,Florida's B.E.S.T. Standards: Grade 5,2020039055,Represent multi-step problems using equations,https://www.ixl.com/math/grade-5/represent-multi-step-problems-using-equations,FZX
IXL,MA.5.AR.2.4,"Given a mathematical or real-world context, write an equation involving any of the four operations to determine the unknown whole number with the unknown in any position.",5,Mathematics,Florida's B.E.S.T. Standards: Grade 5,2021399317,Use equations with unknown numbers to solve multi-step word problems,https://www.ixl.com/math/grade-5/use-equations-with-unknown-numbers-to-solve-multi-step-word-problems,XZW
IXL,MA.5.AR.2.4,"Given a mathematical or real-world context, write an equation involving any of the four operations to determine the unknown whole number with the unknown in any position.",5,Mathematics,Florida's B.E.S.T. Standards: Grade 5,2000026358,Write variable equations: word problems,https://www.ixl.com/math/grade-5/write-variable-equations-word-problems,TVB
IXL,MA.5.AR.3.1,"Given a numerical pattern, identify and write a rule that can describe the pattern as an expression.",5,Mathematics,Florida's B.E.S.T. Standards: Grade 5,2020037295,Compare patterns,https://www.ixl.com/math/grade-5/compare-patterns,XPM
IXL,MA.5.AR.3.1,"Given a numerical pattern, identify and write a rule that can describe the pattern as an expression.",5,Mathematics,Florida's B.E.S.T. Standards: Grade 5,2020396717,Input/output tables: find the rule,https://www.ixl.com/math/grade-5/input-output-tables-find-the-rule,5GK
IXL,MA.5.AR.3.2,"Given a rule for a numerical pattern, use a two-column table to record the inputs and outputs.",5,Mathematics,Florida's B.E.S.T. Standards: Grade 5,2000026386,Complete a table for a two-variable relationship,https://www.ixl.com/math/grade-5/complete-a-table-for-a-two-variable-relationship,NEK
IXL,MA.5.AR.3.2,"Given a rule for a numerical pattern, use a two-column table to record the inputs and outputs.",5,Mathematics,Florida's B.E.S.T. Standards: Grade 5,2021290517,Use an expression to complete a table,https://www.ixl.com/math/grade-5/use-an-expression-to-complete-a-table,Z2T
IXL,MA.5.AR.3.2,"Given a rule for a numerical pattern, use a two-column table to record the inputs and outputs.",5,Mathematics,Florida's B.E.S.T. Standards: Grade 5,2020666217,Use a rule to complete an input/output table,https://www.ixl.com/math/grade-5/use-a-rule-to-complete-an-input-output-table,XZE
IXL,MA.5.AR.3.2,"Given a rule for a numerical pattern, use a two-column table to record the inputs and outputs.",5,Mathematics,Florida's B.E.S.T. Standards: Grade 5,2021374217,Use an expression to complete a table and a graph,https://www.ixl.com/math/grade-5/use-an-expression-to-complete-a-table-and-a-graph,QJG
IXL,MA.5.M.2.1,Solve multi-step real-world problems involving money using decimal notation.,5,Mathematics,Florida's B.E.S.T. Standards: Grade 5,2000026251,Add and subtract money: word problems,https://www.ixl.com/math/grade-5/add-and-subtract-money-word-problems,DLC
IXL,MA.5.M.2.1,Solve multi-step real-world problems involving money using decimal notation.,5,Mathematics,Florida's B.E.S.T. Standards: Grade 5,2020039652,Add and subtract money: multi-step word problems,https://www.ixl.com/math/grade-5/add-and-subtract-money-multi-step-word-problems,MCG
IXL,MA.5.M.2.1,Solve multi-step real-world problems involving money using decimal notation.,5,Mathematics,Florida's B.E.S.T. Standards: Grade 5,2000026545,Price lists,https://www.ixl.com/math/grade-5/price-lists,WUU
IXL,MA.5.M.2.1,Solve multi-step real-world problems involving money using decimal notation.,5,Mathematics,Florida's B.E.S.T. Standards: Grade 5,2000026546,Unit prices,https://www.ixl.com/math/grade-5/unit-prices,C5N
IXL,MA.5.GR.1.2,"Identify and classify three-dimensional figures into categories based on their defining attributes. Figures are limited to right pyramids, right prisms, right circular cylinders, right circular cones and spheres.",5,Mathematics,Florida's B.E.S.T. Standards: Grade 5,2000026665,Identify three-dimensional figures,https://www.ixl.com/math/grade-5/identify-three-dimensional-figures,HSR
IXL,MA.5.GR.1.2,"Identify and classify three-dimensional figures into categories based on their defining attributes. Figures are limited to right pyramids, right prisms, right circular cylinders, right circular cones and spheres.",5,Mathematics,Florida's B.E.S.T. Standards: Grade 5,2000026672,"Count vertices, edges, and faces",https://www.ixl.com/math/grade-5/count-vertices-edges-and-faces,ZHF
IXL,MA.5.GR.1.2,"Identify and classify three-dimensional figures into categories based on their defining attributes. Figures are limited to right pyramids, right prisms, right circular cylinders, right circular cones and spheres.",5,Mathematics,Florida's B.E.S.T. Standards: Grade 5,2021379717,Attributes of three-dimensional figures,https://www.ixl.com/math/grade-5/attributes-of-three-dimensional-figures,LSE
IXL,MA.5.GR.1.2,"Identify and classify three-dimensional figures into categories based on their defining attributes. Figures are limited to right pyramids, right prisms, right circular cylinders, right circular cones and spheres.",5,Mathematics,Florida's B.E.S.T. Standards: Grade 5,2021380617,Sort three-dimensional figures,https://www.ixl.com/math/grade-5/sort-three-dimensional-figures,HJ2
IXL,MA.5.GR.3.1,Explore volume as an attribute of three-dimensional figures by packing them with unit cubes without gaps. Find the volume of a right rectangular prism with whole-number side lengths by counting unit cubes.,5,Mathematics,Florida's B.E.S.T. Standards: Grade 5,2001000368,Volume of rectangular prisms made of unit cubes,https://www.ixl.com/math/grade-5/volume-of-rectangular-prisms-made-of-unit-cubes,WG8
IXL,MA.5.GR.3.2,Find the volume of a right rectangular prism with whole-number side lengths using a visual model and a formula.,5,Mathematics,Florida's B.E.S.T. Standards: Grade 5,2020911417,Volume of rectangular prisms made of unit cubes: expressions,https://www.ixl.com/math/grade-5/volume-of-rectangular-prisms-made-of-unit-cubes-expressions,Q84
IXL,MA.5.GR.3.2,Find the volume of a right rectangular prism with whole-number side lengths using a visual model and a formula.,5,Mathematics,Florida's B.E.S.T. Standards: Grade 5,2000026705,Volume of cubes and rectangular prisms,https://www.ixl.com/math/grade-5/volume-of-cubes-and-rectangular-prisms,TFL
IXL,MA.5.GR.3.3,"Solve real-world problems involving the volume of right rectangular prisms, including problems with an unknown edge length, with whole-number edge lengths using a visual model or a formula. Write an equation with a variable for the unknown to represent the problem.",5,Mathematics,Florida's B.E.S.T. Standards: Grade 5,2020035852,Volume of cubes and rectangular prisms: word problems,https://www.ixl.com/math/grade-5/volume-of-cubes-and-rectangular-prisms-word-problems,NR6
IXL,MA.5.GR.3.3,"Solve real-world problems involving the volume of right rectangular prisms, including problems with an unknown edge length, with whole-number edge lengths using a visual model or a formula. Write an equation with a variable for the unknown to represent the problem.",5,Mathematics,Florida's B.E.S.T. Standards: Grade 5,2021291917,Volume of cubes and rectangular prisms: multi-step word problems,https://www.ixl.com/math/grade-5/volume-of-cubes-and-rectangular-prisms-multi-step-word-problems,K84
IXL,MA.5.GR.4.1,Identify the origin and axes in the coordinate system. Plot and label ordered pairs in the first quadrant of the coordinate plane.,5,Mathematics,Florida's B.E.S.T. Standards: Grade 5,2020038645,Describe the coordinate plane,https://www.ixl.com/math/grade-5/describe-the-coordinate-plane,PF8
IXL,MA.5.GR.4.1,Identify the origin and axes in the coordinate system. Plot and label ordered pairs in the first quadrant of the coordinate plane.,5,Mathematics,Florida's B.E.S.T. Standards: Grade 5,2000026395,Objects on a coordinate plane,https://www.ixl.com/math/grade-5/objects-on-a-coordinate-plane,NTR
IXL,MA.5.GR.4.1,Identify the origin and axes in the coordinate system. Plot and label ordered pairs in the first quadrant of the coordinate plane.,5,Mathematics,Florida's B.E.S.T. Standards: Grade 5,2002022036,Graph points on a coordinate plane,https://www.ixl.com/math/grade-5/graph-points-on-a-coordinate-plane,AST
IXL,MA.5.GR.4.2,Represent mathematical and real-world problems by plotting points in the first quadrant of the coordinate plane and interpret coordinate values of points in the context of the situation.,5,Mathematics,Florida's B.E.S.T. Standards: Grade 5,2020039106,Graph points from a table,https://www.ixl.com/math/grade-5/graph-points-from-a-table,HWV
IXL,MA.5.GR.4.2,Represent mathematical and real-world problems by plotting points in the first quadrant of the coordinate plane and interpret coordinate values of points in the context of the situation.,5,Mathematics,Florida's B.E.S.T. Standards: Grade 5,2000026397,Coordinate planes as maps,https://www.ixl.com/math/grade-5/coordinate-planes-as-maps,ZBD
IXL,MA.5.GR.4.2,Represent mathematical and real-world problems by plotting points in the first quadrant of the coordinate plane and interpret coordinate values of points in the context of the situation.,5,Mathematics,Florida's B.E.S.T. Standards: Grade 5,2002025860,Follow directions on a coordinate plane,https://www.ixl.com/math/grade-5/follow-directions-on-a-coordinate-plane,XQR
IXL,MA.5.DP.1.1,"Collect and represent numerical data, including fractional and decimal values, using tables, line graphs or line plots.",5,Mathematics,Florida's B.E.S.T. Standards: Grade 5,2021393917,Create line plots with decimals,https://www.ixl.com/math/grade-5/create-line-plots-with-decimals,L2G
IXL,MA.5.DP.1.1,"Collect and represent numerical data, including fractional and decimal values, using tables, line graphs or line plots.",5,Mathematics,Florida's B.E.S.T. Standards: Grade 5,2001000361,Create line plots with fractions,https://www.ixl.com/math/grade-5/create-line-plots,ZBV
IXL,MA.5.DP.1.1,"Collect and represent numerical data, including fractional and decimal values, using tables, line graphs or line plots.",5,Mathematics,Florida's B.E.S.T. Standards: Grade 5,2009005198,Create and interpret line plots with fractions,https://www.ixl.com/math/grade-5/create-and-interpret-line-plots-with-fractions,XBS
IXL,MA.5.DP.1.1,"Collect and represent numerical data, including fractional and decimal values, using tables, line graphs or line plots.",5,Mathematics,Florida's B.E.S.T. Standards: Grade 5,2001000356,Create line graphs,https://www.ixl.com/math/grade-5/create-line-graphs,KFZ
IXL,MA.5.DP.1.1,"Collect and represent numerical data, including fractional and decimal values, using tables, line graphs or line plots.",5,Mathematics,Florida's B.E.S.T. Standards: Grade 5,2021337917,Create and interpret frequency tables with decimals and fractions,https://www.ixl.com/math/grade-5/create-and-interpret-frequency-tables-with-decimals-and-fractions,ERC
IXL,MA.5.DP.1.2,"Interpret numerical data, with whole-number values, represented with tables or line plots by determining the mean, mode, median or range.",5,Mathematics,Florida's B.E.S.T. Standards: Grade 5,2020039752,"Find the mean, median, mode, or range from a list of whole numbers",https://www.ixl.com/math/grade-5/find-the-mean-median-mode-or-range-from-a-list-of-whole-numbers,ZRX
IXL,MA.5.DP.1.2,"Interpret numerical data, with whole-number values, represented with tables or line plots by determining the mean, mode, median or range.",5,Mathematics,Florida's B.E.S.T. Standards: Grade 5,2020039753,"Find the mean, median, mode, or range from a table or line plot",https://www.ixl.com/math/grade-5/find-the-mean-median-mode-or-range-from-a-table-or-line-plot,UTB
IXL,MA.5.DP.1.2,"Interpret numerical data, with whole-number values, represented with tables or line plots by determining the mean, mode, median or range.",5,Mathematics,Florida's B.E.S.T. Standards: Grade 5,2021363117,Find the mean from a table,https://www.ixl.com/math/grade-5/find-the-mean-from-a-table,QE6
IXL,MA.5.DP.1.2,"Interpret numerical data, with whole-number values, represented with tables or line plots by determining the mean, mode, median or range.",5,Mathematics,Florida's B.E.S.T. Standards: Grade 5,2021280417,"Find the mean, median, mode, or range from a table",https://www.ixl.com/math/grade-5/find-the-mean-median-mode-or-range-from-a-table,YV7
IXL,MA.5.DP.1.2,"Interpret numerical data, with whole-number values, represented with tables or line plots by determining the mean, mode, median or range.",5,Mathematics,Florida's B.E.S.T. Standards: Grade 5,2021363217,"Find the mean, median, mode, or range from a line plot",https://www.ixl.com/math/grade-5/find-the-mean-median-mode-or-range-from-a-line-plot,TYS
IXL,MA.6.NSO.1.2,"Given a mathematical or real-world context, represent quantities that have opposite direction using rational numbers. Compare them on a number line and explain the meaning of zero within its context.",6,Mathematics,Florida's B.E.S.T. Standards: Grade 6,2001000031,Understanding integers,https://www.ixl.com/math/grade-6/understanding-integers,8EP
IXL,MA.6.NSO.1.2,"Given a mathematical or real-world context, represent quantities that have opposite direction using rational numbers. Compare them on a number line and explain the meaning of zero within its context.",6,Mathematics,Florida's B.E.S.T. Standards: Grade 6,2020038786,Understanding opposite integers,https://www.ixl.com/math/grade-6/understanding-opposite-integers,X8L
IXL,MA.6.NSO.1.2,"Given a mathematical or real-world context, represent quantities that have opposite direction using rational numbers. Compare them on a number line and explain the meaning of zero within its context.",6,Mathematics,Florida's B.E.S.T. Standards: Grade 6,2020000439,Rational numbers: find the sign,https://www.ixl.com/math/grade-6/rational-numbers-find-the-sign,V2E
IXL,MA.6.NSO.1.2,"Given a mathematical or real-world context, represent quantities that have opposite direction using rational numbers. Compare them on a number line and explain the meaning of zero within its context.",6,Mathematics,Florida's B.E.S.T. Standards: Grade 6,2001000217,Compare temperatures above and below zero,https://www.ixl.com/math/grade-6/compare-temperatures-above-and-below-zero,UVD
IXL,MA.6.NSO.1.3,"Given a mathematical or real-world context, interpret the absolute value of a number as the distance from zero on a number line. Find the absolute value of rational numbers.",6,Mathematics,Florida's B.E.S.T. Standards: Grade 6,2020035770,Understanding absolute value,https://www.ixl.com/math/grade-6/understanding-absolute-value,TLR
IXL,MA.6.NSO.1.3,"Given a mathematical or real-world context, interpret the absolute value of a number as the distance from zero on a number line. Find the absolute value of rational numbers.",6,Mathematics,Florida's B.E.S.T. Standards: Grade 6,2001000032,Absolute value,https://www.ixl.com/math/grade-6/absolute-value,2YZ
IXL,MA.6.NSO.1.3,"Given a mathematical or real-world context, interpret the absolute value of a number as the distance from zero on a number line. Find the absolute value of rational numbers.",6,Mathematics,Florida's B.E.S.T. Standards: Grade 6,2001000043,Absolute value of rational numbers,https://www.ixl.com/math/grade-6/absolute-value-of-rational-numbers,KGX
IXL,MA.6.NSO.1.4,"Solve mathematical and real-world problems involving absolute value, including the comparison of absolute value.",6,Mathematics,Florida's B.E.S.T. Standards: Grade 6,2020037102,Integer inequalities with absolute values,https://www.ixl.com/math/grade-6/integer-inequalities-with-absolute-values,4A8
IXL,MA.6.NSO.1.4,"Solve mathematical and real-world problems involving absolute value, including the comparison of absolute value.",6,Mathematics,Florida's B.E.S.T. Standards: Grade 6,2020037306,Absolute value and integers: word problems,https://www.ixl.com/math/grade-6/absolute-value-and-integers-word-problems,9CW
IXL,MA.6.NSO.2.1,"Multiply and divide positive multi-digit numbers with decimals to the thousandths, including using a standard algorithm with procedural fluency.",6,Mathematics,Florida's B.E.S.T. Standards: Grade 6,2001000055,Multiply decimals,https://www.ixl.com/math/grade-6/multiply-decimals,2WT
IXL,MA.6.NSO.2.1,"Multiply and divide positive multi-digit numbers with decimals to the thousandths, including using a standard algorithm with procedural fluency.",6,Mathematics,Florida's B.E.S.T. Standards: Grade 6,2020039773,Divide decimals by whole numbers,https://www.ixl.com/math/grade-6/divide-decimals-by-whole-numbers-up-to-5-digits,MDW
IXL,MA.6.NSO.2.1,"Multiply and divide positive multi-digit numbers with decimals to the thousandths, including using a standard algorithm with procedural fluency.",6,Mathematics,Florida's B.E.S.T. Standards: Grade 6,2020039776,Division with decimal divisors,https://www.ixl.com/math/grade-6/division-with-decimal-divisors-up-to-5-digits,TJN
IXL,MA.6.NSO.2.3,"Solve multi-step real-world problems involving any of the four operations with positive multi-digit decimals or positive fractions, including mixed numbers.",6,Mathematics,Florida's B.E.S.T. Standards: Grade 6,2001000073,Unit prices,https://www.ixl.com/math/grade-6/unit-prices,UKD
IXL,MA.6.NSO.2.3,"Solve multi-step real-world problems involving any of the four operations with positive multi-digit decimals or positive fractions, including mixed numbers.",6,Mathematics,Florida's B.E.S.T. Standards: Grade 6,2001000074,Unit prices with fractions and decimals,https://www.ixl.com/math/grade-6/unit-prices-with-fractions-and-decimals,9NF
IXL,MA.6.NSO.2.3,"Solve multi-step real-world problems involving any of the four operations with positive multi-digit decimals or positive fractions, including mixed numbers.",6,Mathematics,Florida's B.E.S.T. Standards: Grade 6,2001000075,Unit prices with customary unit conversions,https://www.ixl.com/math/grade-6/unit-prices-with-customary-unit-conversions,RW2
IXL,MA.6.NSO.2.3,"Solve multi-step real-world problems involving any of the four operations with positive multi-digit decimals or positive fractions, including mixed numbers.",6,Mathematics,Florida's B.E.S.T. Standards: Grade 6,2020040745,Multi-step word problems with rational numbers,https://www.ixl.com/math/grade-6/multi-step-word-problems-with-fractions-or-decimals,RFM
IXL,MA.6.NSO.3.2,"Rewrite the sum of two composite whole numbers having a common factor, as a common factor multiplied by the sum of two whole numbers.",6,Mathematics,Florida's B.E.S.T. Standards: Grade 6,2020250017,Factor numerical expressions using the distributive property,https://www.ixl.com/math/grade-6/factor-numerical-expressions-using-the-distributive-property,MX2
IXL,MA.6.NSO.3.3,Evaluate positive rational numbers and integers with natural number exponents.,6,Mathematics,Florida's B.E.S.T. Standards: Grade 6,2020039786,Find the missing exponent or base,https://www.ixl.com/math/grade-6/find-the-missing-exponent-or-base-smaller-exponents,E67
IXL,MA.6.NSO.3.3,Evaluate positive rational numbers and integers with natural number exponents.,6,Mathematics,Florida's B.E.S.T. Standards: Grade 6,2001000038,Evaluate powers with decimal bases,https://www.ixl.com/math/grade-6/evaluate-powers-with-decimal-bases,D5D
IXL,MA.6.NSO.3.3,Evaluate positive rational numbers and integers with natural number exponents.,6,Mathematics,Florida's B.E.S.T. Standards: Grade 6,2001000039,Evaluate powers with fractional bases,https://www.ixl.com/math/grade-6/evaluate-powers-with-fractional-bases,GEQ
IXL,MA.6.NSO.3.3,Evaluate positive rational numbers and integers with natural number exponents.,6,Mathematics,Florida's B.E.S.T. Standards: Grade 6,2020040126,Evaluate powers with negative bases,https://www.ixl.com/math/grade-6/evaluate-powers-with-negative-bases,JTE
IXL,MA.6.NSO.3.3,Evaluate positive rational numbers and integers with natural number exponents.,6,Mathematics,Florida's B.E.S.T. Standards: Grade 6,2020039777,Write multiplication expressions using exponents,https://www.ixl.com/math/grade-6/write-multiplication-expressions-using-exponents-up-to-5,QBM
IXL,MA.6.NSO.3.3,Evaluate positive rational numbers and integers with natural number exponents.,6,Mathematics,Florida's B.E.S.T. Standards: Grade 6,2020039780,Evaluate powers with whole number bases,https://www.ixl.com/math/grade-6/evaluate-powers-with-whole-number-bases,RKE
IXL,MA.6.NSO.3.3,Evaluate positive rational numbers and integers with natural number exponents.,6,Mathematics,Florida's B.E.S.T. Standards: Grade 6,2020039781,Write powers of ten with exponents,https://www.ixl.com/math/grade-6/write-powers-of-ten-with-exponents-up-to-5,NJL
IXL,MA.6.NSO.3.3,Evaluate positive rational numbers and integers with natural number exponents.,6,Mathematics,Florida's B.E.S.T. Standards: Grade 6,2020465017,"Evaluate powers with integer, decimal, and fractional bases",https://www.ixl.com/math/grade-6/evaluate-powers-with-integer-decimal-and-fractional-bases-includes-negative-bases,KQX
IXL,MA.6.NSO.3.4,Express composite whole numbers as a product of prime factors with natural number exponents.,6,Mathematics,Florida's B.E.S.T. Standards: Grade 6,2001000112,Prime factorization,https://www.ixl.com/math/grade-6/prime-factorization,9CP
IXL,MA.6.NSO.3.4,Express composite whole numbers as a product of prime factors with natural number exponents.,6,Mathematics,Florida's B.E.S.T. Standards: Grade 6,2002022021,Prime factorization with exponents,https://www.ixl.com/math/grade-6/prime-factorization-with-exponents,WLU
IXL,MA.6.AR.1.1,"Given a mathematical or real-world context, translate written descriptions into algebraic expressions and translate algebraic expressions into written descriptions.",6,Mathematics,Florida's B.E.S.T. Standards: Grade 6,2020035857,Write variable expressions: one operation,https://www.ixl.com/math/grade-6/write-variable-expressions-one-operation,F5B
IXL,MA.6.AR.1.1,"Given a mathematical or real-world context, translate written descriptions into algebraic expressions and translate algebraic expressions into written descriptions.",6,Mathematics,Florida's B.E.S.T. Standards: Grade 6,2020003201,Write variable expressions: two operations,https://www.ixl.com/math/grade-6/write-variable-expressions-two-operations,CX9
IXL,MA.6.AR.1.1,"Given a mathematical or real-world context, translate written descriptions into algebraic expressions and translate algebraic expressions into written descriptions.",6,Mathematics,Florida's B.E.S.T. Standards: Grade 6,2001000119,Write variable expressions: word problems,https://www.ixl.com/math/grade-6/write-variable-expressions-word-problems,6LQ
IXL,MA.6.AR.1.2,"Translate a real-world written description into an algebraic inequality in the form of <i>x</i> &gt; <i>a</i>, <i>x</i> &lt; <i>a</i>, <i>x</i> &ge; <i>a</i> or <i>x</i> &le; <i>a</i>. Represent the inequality on a number line.",6,Mathematics,Florida's B.E.S.T. Standards: Grade 6,2020002036,Graph inequalities on number lines,https://www.ixl.com/math/grade-6/graph-inequalities-on-number-lines,CXX
IXL,MA.6.AR.1.2,"Translate a real-world written description into an algebraic inequality in the form of <i>x</i> &gt; <i>a</i>, <i>x</i> &lt; <i>a</i>, <i>x</i> &ge; <i>a</i> or <i>x</i> &le; <i>a</i>. Represent the inequality on a number line.",6,Mathematics,Florida's B.E.S.T. Standards: Grade 6,2020043460,Write and graph inequalities: word problems,https://www.ixl.com/math/grade-6/write-and-graph-inequalities-word-problems,AGB
IXL,MA.6.AR.2.1,"Given an equation or inequality and a specified set of integer values, determine which values make the equation or inequality true or false.",6,Mathematics,Florida's B.E.S.T. Standards: Grade 6,2020424117,Does x satisfy an equation?,https://www.ixl.com/math/grade-6/does-x-satisfy-an-equation-includes-negatives,DRR
IXL,MA.6.AR.2.1,"Given an equation or inequality and a specified set of integer values, determine which values make the equation or inequality true or false.",6,Mathematics,Florida's B.E.S.T. Standards: Grade 6,2020424217,Which x satisfies an equation?,https://www.ixl.com/math/grade-6/which-x-satisfies-an-equation-includes-negatives,LMM
IXL,MA.6.AR.2.1,"Given an equation or inequality and a specified set of integer values, determine which values make the equation or inequality true or false.",6,Mathematics,Florida's B.E.S.T. Standards: Grade 6,2020064117,Solutions to inequalities,https://www.ixl.com/math/grade-6/solutions-to-inequalities-0-step-with-negatives,JF7
IXL,MA.6.AR.2.2,"Write and solve one-step equations in one variable within a mathematical or real-world context using addition and subtraction, where all terms and solutions are integers.",6,Mathematics,Florida's B.E.S.T. Standards: Grade 6,2020002029,Write and solve equations that represent diagrams,https://www.ixl.com/math/grade-6/write-and-solve-equations-that-represent-diagrams,FSQ
IXL,MA.6.AR.2.2,"Write and solve one-step equations in one variable within a mathematical or real-world context using addition and subtraction, where all terms and solutions are integers.",6,Mathematics,Florida's B.E.S.T. Standards: Grade 6,2020424317,Solve one-step addition and subtraction equations,https://www.ixl.com/math/grade-6/solve-one-step-addition-and-subtraction-equations-includes-negatives,55Z
IXL,MA.6.AR.2.2,"Write and solve one-step equations in one variable within a mathematical or real-world context using addition and subtraction, where all terms and solutions are integers.",6,Mathematics,Florida's B.E.S.T. Standards: Grade 6,2020038061,Model and solve addition equations using algebra tiles,https://www.ixl.com/math/grade-6/model-and-solve-addition-equations-using-algebra-tiles,3U7
IXL,MA.6.AR.2.2,"Write and solve one-step equations in one variable within a mathematical or real-world context using addition and subtraction, where all terms and solutions are integers.",6,Mathematics,Florida's B.E.S.T. Standards: Grade 6,2020365717,Model and solve addition and subtraction equations using diagrams,https://www.ixl.com/math/grade-6/model-and-solve-addition-and-subtraction-equations-using-diagrams,AYW
IXL,MA.6.AR.2.3,"Write and solve one-step equations in one variable within a mathematical or real-world context using multiplication and division, where all terms and solutions are integers.",6,Mathematics,Florida's B.E.S.T. Standards: Grade 6,2020002029,Write and solve equations that represent diagrams,https://www.ixl.com/math/grade-6/write-and-solve-equations-that-represent-diagrams,FSQ
IXL,MA.6.AR.2.3,"Write and solve one-step equations in one variable within a mathematical or real-world context using multiplication and division, where all terms and solutions are integers.",6,Mathematics,Florida's B.E.S.T. Standards: Grade 6,2001000143,Solve one-step equations with whole numbers,https://www.ixl.com/math/grade-6/solve-one-step-equations-with-whole-numbers,WLR
IXL,MA.6.AR.2.3,"Write and solve one-step equations in one variable within a mathematical or real-world context using multiplication and division, where all terms and solutions are integers.",6,Mathematics,Florida's B.E.S.T. Standards: Grade 6,2020038072,Model and solve multiplication equations using algebra tiles,https://www.ixl.com/math/grade-6/model-and-solve-multiplication-equations-using-algebra-tiles,GB6
IXL,MA.6.AR.2.3,"Write and solve one-step equations in one variable within a mathematical or real-world context using multiplication and division, where all terms and solutions are integers.",6,Mathematics,Florida's B.E.S.T. Standards: Grade 6,2020424417,Solve one-step multiplication and division equations,https://www.ixl.com/math/grade-6/solve-one-step-multiplication-and-division-equations-includes-negatives,2S8
IXL,MA.6.AR.2.3,"Write and solve one-step equations in one variable within a mathematical or real-world context using multiplication and division, where all terms and solutions are integers.",6,Mathematics,Florida's B.E.S.T. Standards: Grade 6,2020365817,Model and solve multiplication and division equations using diagrams,https://www.ixl.com/math/grade-6/model-and-solve-multiplication-and-division-equations-using-diagrams,5HH
IXL,MA.6.AR.2.4,"Determine the unknown decimal or fraction in an equation involving any of the four operations, relating three numbers, with the unknown in any position.",6,Mathematics,Florida's B.E.S.T. Standards: Grade 6,2020040309,Solve one-step addition and subtraction equations with decimals and fractions,https://www.ixl.com/math/grade-6/solve-one-step-addition-and-subtraction-equations-with-decimals-and-fractions,5D2
IXL,MA.6.AR.2.4,"Determine the unknown decimal or fraction in an equation involving any of the four operations, relating three numbers, with the unknown in any position.",6,Mathematics,Florida's B.E.S.T. Standards: Grade 6,2001000121,Solve one-step multiplication and division equations with decimals and fractions,https://www.ixl.com/math/grade-6/solve-one-step-multiplication-and-division-equations-with-decimals-and-fractions,T53
IXL,MA.6.AR.2.4,"Determine the unknown decimal or fraction in an equation involving any of the four operations, relating three numbers, with the unknown in any position.",6,Mathematics,Florida's B.E.S.T. Standards: Grade 6,2021120017,Solve one-step equations with decimals and fractions,https://www.ixl.com/math/grade-6/one-step-equations-with-decimals-and-fractions,5UU
IXL,MA.6.AR.2.4,"Determine the unknown decimal or fraction in an equation involving any of the four operations, relating three numbers, with the unknown in any position.",6,Mathematics,Florida's B.E.S.T. Standards: Grade 6,2002025925,Solve one-step equations: word problems,https://www.ixl.com/math/grade-6/solve-one-step-equations-word-problems,BXY
IXL,MA.6.AR.3.1,"Given a real-world context, write and interpret ratios to show the relative sizes of two quantities using appropriate notation: <i>a</i>/<i>b</i>, <i>a</i> to <i>b</i>, or <i>a</i>:<i>b</i> where <i>b</i> &ne; 0.",6,Mathematics,Florida's B.E.S.T. Standards: Grade 6,2001000245,Write a ratio using a colon,https://www.ixl.com/math/grade-6/write-a-ratio-using-a-colon,83K
IXL,MA.6.AR.3.1,"Given a real-world context, write and interpret ratios to show the relative sizes of two quantities using appropriate notation: <i>a</i>/<i>b</i>, <i>a</i> to <i>b</i>, or <i>a</i>:<i>b</i> where <i>b</i> &ne; 0.",6,Mathematics,Florida's B.E.S.T. Standards: Grade 6,2020036036,Write a ratio using a fraction,https://www.ixl.com/math/grade-6/write-a-ratio-using-a-fraction,XZ2
IXL,MA.6.AR.3.1,"Given a real-world context, write and interpret ratios to show the relative sizes of two quantities using appropriate notation: <i>a</i>/<i>b</i>, <i>a</i> to <i>b</i>, or <i>a</i>:<i>b</i> where <i>b</i> &ne; 0.",6,Mathematics,Florida's B.E.S.T. Standards: Grade 6,2002025872,Write a ratio: word problems,https://www.ixl.com/math/grade-6/write-a-ratio-word-problems,SBQ
IXL,MA.6.AR.3.2,"Given a real-world context, determine a rate for a ratio of quantities with different units. Calculate and interpret the corresponding unit rate.",6,Mathematics,Florida's B.E.S.T. Standards: Grade 6,2001000248,Unit rates,https://www.ixl.com/math/grade-6/unit-rates,JSZ
IXL,MA.6.AR.3.2,"Given a real-world context, determine a rate for a ratio of quantities with different units. Calculate and interpret the corresponding unit rate.",6,Mathematics,Florida's B.E.S.T. Standards: Grade 6,2001000073,Unit prices,https://www.ixl.com/math/grade-6/unit-prices,UKD
IXL,MA.6.AR.3.2,"Given a real-world context, determine a rate for a ratio of quantities with different units. Calculate and interpret the corresponding unit rate.",6,Mathematics,Florida's B.E.S.T. Standards: Grade 6,2001000074,Unit prices with fractions and decimals,https://www.ixl.com/math/grade-6/unit-prices-with-fractions-and-decimals,9NF
IXL,MA.6.AR.3.3,Extend previous understanding of fractions and numerical patterns to generate or complete a two- or three-column table to display equivalent part-to-part ratios and part-to-part-to-whole ratios.,6,Mathematics,Florida's B.E.S.T. Standards: Grade 6,2001000246,Identify equivalent ratios,https://www.ixl.com/math/grade-6/identify-equivalent-ratios,2LM
IXL,MA.6.AR.3.3,Extend previous understanding of fractions and numerical patterns to generate or complete a two- or three-column table to display equivalent part-to-part ratios and part-to-part-to-whole ratios.,6,Mathematics,Florida's B.E.S.T. Standards: Grade 6,2020019241,Write an equivalent ratio,https://www.ixl.com/math/grade-6/write-an-equivalent-ratio,NEA
IXL,MA.6.AR.3.3,Extend previous understanding of fractions and numerical patterns to generate or complete a two- or three-column table to display equivalent part-to-part ratios and part-to-part-to-whole ratios.,6,Mathematics,Florida's B.E.S.T. Standards: Grade 6,2001000382,Ratio tables,https://www.ixl.com/math/grade-6/ratio-tables,PPF
IXL,MA.6.GR.1.1,Extend previous understanding of the coordinate plane to plot rational number ordered pairs in all four quadrants and on both axes. Identify the x- or y-axis as the line of reflection when two ordered pairs have an opposite x- or y-coordinate.,6,Mathematics,Florida's B.E.S.T. Standards: Grade 6,2001000133,Objects on a coordinate plane,https://www.ixl.com/math/grade-6/objects-on-a-coordinate-plane,GFN
IXL,MA.6.GR.1.1,Extend previous understanding of the coordinate plane to plot rational number ordered pairs in all four quadrants and on both axes. Identify the x- or y-axis as the line of reflection when two ordered pairs have an opposite x- or y-coordinate.,6,Mathematics,Florida's B.E.S.T. Standards: Grade 6,2002022037,Graph points on a coordinate plane,https://www.ixl.com/math/grade-6/graph-points-on-a-coordinate-plane,VHQ
IXL,MA.6.GR.1.1,Extend previous understanding of the coordinate plane to plot rational number ordered pairs in all four quadrants and on both axes. Identify the x- or y-axis as the line of reflection when two ordered pairs have an opposite x- or y-coordinate.,6,Mathematics,Florida's B.E.S.T. Standards: Grade 6,2020016680,Quadrants,https://www.ixl.com/math/grade-6/quadrants,F5T
IXL,MA.6.GR.1.1,Extend previous understanding of the coordinate plane to plot rational number ordered pairs in all four quadrants and on both axes. Identify the x- or y-axis as the line of reflection when two ordered pairs have an opposite x- or y-coordinate.,6,Mathematics,Florida's B.E.S.T. Standards: Grade 6,2020038968,Reflect a point over an axis,https://www.ixl.com/math/grade-6/reflect-a-point-over-an-axis,32S
IXL,MA.6.GR.1.2,"Find distances between ordered pairs, limited to the same x-coordinate or the same y-coordinate, represented on the coordinate plane.",6,Mathematics,Florida's B.E.S.T. Standards: Grade 6,2002025891,Distance between two points,https://www.ixl.com/math/grade-6/distance-between-two-points,A7P
IXL,MA.6.GR.1.3,"Solve mathematical and real-world problems by plotting points on a coordinate plane, including finding the perimeter or area of a rectangle.",6,Mathematics,Florida's B.E.S.T. Standards: Grade 6,2001000134,Coordinate planes as maps,https://www.ixl.com/math/grade-6/coordinate-planes-as-maps,N96
IXL,MA.6.GR.1.3,"Solve mathematical and real-world problems by plotting points on a coordinate plane, including finding the perimeter or area of a rectangle.",6,Mathematics,Florida's B.E.S.T. Standards: Grade 6,2020039787,Area and perimeter of squares and rectangles on the coordinate plane,https://www.ixl.com/math/grade-6/area-and-perimeter-of-squares-and-rectangles-on-the-coordinate-plane,UCD
IXL,MA.6.GR.1.3,"Solve mathematical and real-world problems by plotting points on a coordinate plane, including finding the perimeter or area of a rectangle.",6,Mathematics,Florida's B.E.S.T. Standards: Grade 6,2020039788,Graph quadrilaterals on the coordinate plane,https://www.ixl.com/math/grade-6/graph-quadrilaterals-on-the-coordinate-plane,ASR
IXL,MA.6.GR.2.1,Derive a formula for the area of a right triangle using a rectangle. Apply a formula to find the area of a triangle.,6,Mathematics,Florida's B.E.S.T. Standards: Grade 6,2020017627,Area of triangles,https://www.ixl.com/math/grade-6/area-of-triangles,C8S
IXL,MA.6.GR.2.1,Derive a formula for the area of a right triangle using a rectangle. Apply a formula to find the area of a triangle.,6,Mathematics,Florida's B.E.S.T. Standards: Grade 6,2020364317,Understanding area of a right triangle,https://www.ixl.com/math/grade-6/understanding-area-of-a-right-triangle,CQE
IXL,MA.6.GR.2.3,Solve mathematical and real-world problems involving the volume of right rectangular prisms with positive rational number edge lengths using a visual model and a formula.,6,Mathematics,Florida's B.E.S.T. Standards: Grade 6,2001000244,Volume of cubes and rectangular prisms,https://www.ixl.com/math/grade-6/volume-of-cubes-and-rectangular-prisms,XHF
IXL,MA.6.GR.2.3,Solve mathematical and real-world problems involving the volume of right rectangular prisms with positive rational number edge lengths using a visual model and a formula.,6,Mathematics,Florida's B.E.S.T. Standards: Grade 6,2020035886,Volume of cubes and rectangular prisms: word problems,https://www.ixl.com/math/grade-6/volume-of-cubes-and-rectangular-prisms-word-problems,BBM
IXL,MA.6.GR.2.4,"Given a mathematical or real-world context, find the surface area of right rectangular prisms and right rectangular pyramids using the figure's net.",6,Mathematics,Florida's B.E.S.T. Standards: Grade 6,2004010129,Surface area of cubes and rectangular prisms,https://www.ixl.com/math/grade-6/surface-area-of-cubes-and-rectangular-prisms,RMG
IXL,MA.6.GR.2.4,"Given a mathematical or real-world context, find the surface area of right rectangular prisms and right rectangular pyramids using the figure's net.",6,Mathematics,Florida's B.E.S.T. Standards: Grade 6,2020039790,Surface area of rectangular pyramids: whole numbers only,https://www.ixl.com/math/grade-6/surface-area-of-rectangular-pyramids,EZ6
IXL,MA.6.DP.1.1,Recognize and formulate a statistical question that would generate numerical data.,6,Mathematics,Florida's B.E.S.T. Standards: Grade 6,2020037205,Identify statistical questions,https://www.ixl.com/math/grade-6/identify-statistical-questions,PT7
IXL,MA.6.DP.1.2,"Given a numerical data set within a real-world context, find and interpret mean, median, mode and range.",6,Mathematics,Florida's B.E.S.T. Standards: Grade 6,2001000156,"Calculate mean, median, mode, and range",https://www.ixl.com/math/grade-6/calculate-mean-median-mode-and-range,ZZK
IXL,MA.6.DP.1.2,"Given a numerical data set within a real-world context, find and interpret mean, median, mode and range.",6,Mathematics,Florida's B.E.S.T. Standards: Grade 6,2001000157,"Interpret charts and graphs to find mean, median, mode, and range",https://www.ixl.com/math/grade-6/interpret-charts-and-graphs-to-find-mean-median-mode-and-range,2WK
IXL,MA.6.DP.1.2,"Given a numerical data set within a real-world context, find and interpret mean, median, mode and range.",6,Mathematics,Florida's B.E.S.T. Standards: Grade 6,2001000158,"Mean, median, mode, and range: find the missing number",https://www.ixl.com/math/grade-6/mean-median-mode-and-range-find-the-missing-number,77K
IXL,MA.6.DP.1.3,"Given a box plot within a real-world context, determine the minimum, the lower quartile, the median, the upper quartile and the maximum. Use this summary of the data to describe the spread and distribution of the data.",6,Mathematics,Florida's B.E.S.T. Standards: Grade 6,2002025895,Box plots,https://www.ixl.com/math/grade-6/box-plots,E9F
IXL,MA.6.DP.1.3,"Given a box plot within a real-world context, determine the minimum, the lower quartile, the median, the upper quartile and the maximum. Use this summary of the data to describe the spread and distribution of the data.",6,Mathematics,Florida's B.E.S.T. Standards: Grade 6,2020037204,Calculate quartiles and interquartile range,https://www.ixl.com/math/grade-6/calculate-quartiles-and-interquartile-range,MNV
IXL,MA.6.DP.1.4,"Given a histogram or line plot within a real-world context, qualitatively describe and interpret the spread and distribution of the data, including any symmetry, skewness, gaps, clusters, outliers and the range.",6,Mathematics,Florida's B.E.S.T. Standards: Grade 6,2002025896,Interpret line plots,https://www.ixl.com/math/grade-6/interpret-line-plots,M5Y
IXL,MA.6.DP.1.4,"Given a histogram or line plot within a real-world context, qualitatively describe and interpret the spread and distribution of the data, including any symmetry, skewness, gaps, clusters, outliers and the range.",6,Mathematics,Florida's B.E.S.T. Standards: Grade 6,2020000805,Interpret histograms,https://www.ixl.com/math/grade-6/interpret-histograms,CBF
IXL,MA.6.DP.1.4,"Given a histogram or line plot within a real-world context, qualitatively describe and interpret the spread and distribution of the data, including any symmetry, skewness, gaps, clusters, outliers and the range.",6,Mathematics,Florida's B.E.S.T. Standards: Grade 6,2020040886,Describe distributions in line plots,https://www.ixl.com/math/grade-6/describe-distributions-in-line-plots,RZL
IXL,MA.6.DP.1.5,Create box plots and histograms to represent sets of numerical data within real-world contexts.,6,Mathematics,Florida's B.E.S.T. Standards: Grade 6,2001000151,Create histograms,https://www.ixl.com/math/grade-6/create-histograms,7NG
IXL,MA.6.DP.1.6,"Given a real-world scenario, determine and describe how changes in data values impact measures of center and variation.",6,Mathematics,Florida's B.E.S.T. Standards: Grade 6,2020037318,"Changes in mean, median, mode, and range",https://www.ixl.com/math/grade-6/changes-in-mean-median-mode-and-range,2G9
IXL,MA.6.DP.1.6,"Given a real-world scenario, determine and describe how changes in data values impact measures of center and variation.",6,Mathematics,Florida's B.E.S.T. Standards: Grade 6,2020038106,Identify an outlier and describe the effect of removing it,https://www.ixl.com/math/grade-6/identify-an-outlier-and-describe-the-effect-of-removing-it,8Q5
IXL,MA.7.NSO.1.1,"Know and apply the Laws of Exponents to evaluate numerical expressions and generate equivalent numerical expressions, limited to whole-number exponents and rational number bases.",7,Mathematics,Florida's B.E.S.T. Standards: Grade 7,2001000472,Understanding exponents,https://www.ixl.com/math/grade-7/understanding-exponents,BFA
IXL,MA.7.NSO.1.1,"Know and apply the Laws of Exponents to evaluate numerical expressions and generate equivalent numerical expressions, limited to whole-number exponents and rational number bases.",7,Mathematics,Florida's B.E.S.T. Standards: Grade 7,2001000473,Evaluate powers,https://www.ixl.com/math/grade-7/evaluate-powers,ZDS
IXL,MA.7.NSO.1.1,"Know and apply the Laws of Exponents to evaluate numerical expressions and generate equivalent numerical expressions, limited to whole-number exponents and rational number bases.",7,Mathematics,Florida's B.E.S.T. Standards: Grade 7,2001000474,Solve equations with variable exponents,https://www.ixl.com/math/grade-7/solve-equations-with-variable-exponents,HSL
IXL,MA.7.NSO.1.1,"Know and apply the Laws of Exponents to evaluate numerical expressions and generate equivalent numerical expressions, limited to whole-number exponents and rational number bases.",7,Mathematics,Florida's B.E.S.T. Standards: Grade 7,2001000476,Powers with decimal and fractional bases,https://www.ixl.com/math/grade-7/powers-with-decimal-and-fractional-bases,PFS
IXL,MA.7.NSO.1.1,"Know and apply the Laws of Exponents to evaluate numerical expressions and generate equivalent numerical expressions, limited to whole-number exponents and rational number bases.",7,Mathematics,Florida's B.E.S.T. Standards: Grade 7,2020174317,Multiplication with exponents,https://www.ixl.com/math/grade-7/multiplication-with-positive-exponents,5SK
IXL,MA.7.NSO.1.1,"Know and apply the Laws of Exponents to evaluate numerical expressions and generate equivalent numerical expressions, limited to whole-number exponents and rational number bases.",7,Mathematics,Florida's B.E.S.T. Standards: Grade 7,2020174517,Power rule,https://www.ixl.com/math/grade-7/power-rule-with-positive-exponents,8DA
IXL,MA.7.NSO.1.1,"Know and apply the Laws of Exponents to evaluate numerical expressions and generate equivalent numerical expressions, limited to whole-number exponents and rational number bases.",7,Mathematics,Florida's B.E.S.T. Standards: Grade 7,2020416817,Identify equivalent expressions involving whole-number exponents,https://www.ixl.com/math/grade-7/identify-equivalent-expressions-involving-whole-number-exponents,KBE
IXL,MA.7.NSO.1.2,"Rewrite rational numbers in different but equivalent forms including fractions, mixed numbers, repeating decimals and percentages to solve mathematical and real-world problems.",7,Mathematics,Florida's B.E.S.T. Standards: Grade 7,2001000435,Convert between mixed numbers and improper fractions,https://www.ixl.com/math/grade-7/convert-between-mixed-numbers-and-improper-fractions,LGK
IXL,MA.7.NSO.1.2,"Rewrite rational numbers in different but equivalent forms including fractions, mixed numbers, repeating decimals and percentages to solve mathematical and real-world problems.",7,Mathematics,Florida's B.E.S.T. Standards: Grade 7,2020036012,Convert fractions or mixed numbers to decimals,https://www.ixl.com/math/grade-7/convert-fractions-or-mixed-numbers-to-decimals,M2D
IXL,MA.7.NSO.1.2,"Rewrite rational numbers in different but equivalent forms including fractions, mixed numbers, repeating decimals and percentages to solve mathematical and real-world problems.",7,Mathematics,Florida's B.E.S.T. Standards: Grade 7,2020036004,Convert decimals to fractions or mixed numbers,https://www.ixl.com/math/grade-7/convert-decimals-to-fractions-or-mixed-numbers,HZD
IXL,MA.7.NSO.1.2,"Rewrite rational numbers in different but equivalent forms including fractions, mixed numbers, repeating decimals and percentages to solve mathematical and real-world problems.",7,Mathematics,Florida's B.E.S.T. Standards: Grade 7,2001000456,Convert between decimals and fractions or mixed numbers,https://www.ixl.com/math/grade-7/convert-between-decimals-and-fractions-or-mixed-numbers,8XE
IXL,MA.7.NSO.1.2,"Rewrite rational numbers in different but equivalent forms including fractions, mixed numbers, repeating decimals and percentages to solve mathematical and real-world problems.",7,Mathematics,Florida's B.E.S.T. Standards: Grade 7,2001000574,"Convert between percents, fractions, and decimals",https://www.ixl.com/math/grade-7/convert-between-percents-fractions-and-decimals,2HW
IXL,MA.7.NSO.2.1,"Solve mathematical problems using multi-step order of operations with rational numbers including grouping symbols, whole-number exponents and absolute value.",7,Mathematics,Florida's B.E.S.T. Standards: Grade 7,2001000428,Evaluate numerical expressions involving integers,https://www.ixl.com/math/grade-7/evaluate-numerical-expressions-involving-integers,7YN
IXL,MA.7.NSO.2.1,"Solve mathematical problems using multi-step order of operations with rational numbers including grouping symbols, whole-number exponents and absolute value.",7,Mathematics,Florida's B.E.S.T. Standards: Grade 7,2001000414,Evaluate numerical expressions involving decimals,https://www.ixl.com/math/grade-7/evaluate-numerical-expressions-involving-decimals,FNM
IXL,MA.7.NSO.2.1,"Solve mathematical problems using multi-step order of operations with rational numbers including grouping symbols, whole-number exponents and absolute value.",7,Mathematics,Florida's B.E.S.T. Standards: Grade 7,2020006508,Evaluate numerical expressions involving fractions,https://www.ixl.com/math/grade-7/evaluate-numerical-expressions-involving-fractions,XXQ
IXL,MA.7.NSO.2.1,"Solve mathematical problems using multi-step order of operations with rational numbers including grouping symbols, whole-number exponents and absolute value.",7,Mathematics,Florida's B.E.S.T. Standards: Grade 7,2001000479,Evaluate numerical expressions involving exponents,https://www.ixl.com/math/grade-7/evaluate-numerical-expressions-involving-exponents,D7P
IXL,MA.7.AR.1.1,Apply properties of operations to add and subtract linear expressions with rational coefficients.,7,Mathematics,Florida's B.E.S.T. Standards: Grade 7,2020405117,Simplify expressions by combining like terms,https://www.ixl.com/math/grade-7/simplify-expressions-by-combining-like-terms-with-decimals,26V
IXL,MA.7.AR.1.1,Apply properties of operations to add and subtract linear expressions with rational coefficients.,7,Mathematics,Florida's B.E.S.T. Standards: Grade 7,2020006563,Add and subtract linear expressions,https://www.ixl.com/math/grade-7/add-and-subtract-linear-expressions,6BT
IXL,MA.7.AR.1.1,Apply properties of operations to add and subtract linear expressions with rational coefficients.,7,Mathematics,Florida's B.E.S.T. Standards: Grade 7,2020042853,Add expressions,https://www.ixl.com/math/grade-7/add-expressions,RPY
IXL,MA.7.AR.1.1,Apply properties of operations to add and subtract linear expressions with rational coefficients.,7,Mathematics,Florida's B.E.S.T. Standards: Grade 7,2020042855,Subtract expressions,https://www.ixl.com/math/grade-7/subtract-expressions,KCX
IXL,MA.7.AR.1.2,Determine whether two linear expressions are equivalent.,7,Mathematics,Florida's B.E.S.T. Standards: Grade 7,2020035868,Identify equivalent linear expressions I,https://www.ixl.com/math/grade-7/identify-equivalent-linear-expressions,DRB
IXL,MA.7.AR.1.2,Determine whether two linear expressions are equivalent.,7,Mathematics,Florida's B.E.S.T. Standards: Grade 7,2020008014,Identify equivalent linear expressions II,https://www.ixl.com/math/grade-7/identify-equivalent-linear-expressions-ii,KAR
IXL,MA.7.AR.1.2,Determine whether two linear expressions are equivalent.,7,Mathematics,Florida's B.E.S.T. Standards: Grade 7,2020037177,Identify equivalent linear expressions: word problems,https://www.ixl.com/math/grade-7/identify-equivalent-linear-expressions-word-problems,KWH
IXL,MA.7.AR.2.1,Write and solve one-step inequalities in one variable within a mathematical context and represent solutions algebraically or graphically.,7,Mathematics,Florida's B.E.S.T. Standards: Grade 7,2001000596,Solve one-step inequalities,https://www.ixl.com/math/grade-7/solve-one-step-inequalities,QWH
IXL,MA.7.AR.2.1,Write and solve one-step inequalities in one variable within a mathematical context and represent solutions algebraically or graphically.,7,Mathematics,Florida's B.E.S.T. Standards: Grade 7,2002025889,Graph solutions to one-step inequalities,https://www.ixl.com/math/grade-7/graph-solutions-to-one-step-inequalities,TFK
IXL,MA.7.AR.2.1,Write and solve one-step inequalities in one variable within a mathematical context and represent solutions algebraically or graphically.,7,Mathematics,Florida's B.E.S.T. Standards: Grade 7,2020039970,One-step inequalities: word problems,https://www.ixl.com/math/grade-7/one-step-inequalities-word-problems,6HD
IXL,MA.7.AR.3.2,Apply previous understanding of ratios to solve real-world problems involving proportions.,7,Mathematics,Florida's B.E.S.T. Standards: Grade 7,2001000567,Do the ratios form a proportion: word problems,https://www.ixl.com/math/grade-7/do-the-ratios-form-a-proportion-word-problems,SHV
IXL,MA.7.AR.3.2,Apply previous understanding of ratios to solve real-world problems involving proportions.,7,Mathematics,Florida's B.E.S.T. Standards: Grade 7,2001000568,Solve proportions,https://www.ixl.com/math/grade-7/solve-proportions,TDA
IXL,MA.7.AR.3.2,Apply previous understanding of ratios to solve real-world problems involving proportions.,7,Mathematics,Florida's B.E.S.T. Standards: Grade 7,2001000569,Solve proportions: word problems,https://www.ixl.com/math/grade-7/solve-proportions-word-problems,WB7
IXL,MA.7.AR.3.2,Apply previous understanding of ratios to solve real-world problems involving proportions.,7,Mathematics,Florida's B.E.S.T. Standards: Grade 7,2001000570,Estimate population size using proportions,https://www.ixl.com/math/grade-7/estimate-population-size-using-proportions,3C9
IXL,MA.7.AR.3.3,Solve mathematical and real-world problems involving the conversion of units across different measurement systems.,7,Mathematics,Florida's B.E.S.T. Standards: Grade 7,2001000519,Convert between customary and metric systems,https://www.ixl.com/math/grade-7/convert-between-customary-and-metric-systems,E8Z
IXL,MA.7.AR.3.3,Solve mathematical and real-world problems involving the conversion of units across different measurement systems.,7,Mathematics,Florida's B.E.S.T. Standards: Grade 7,2001000521,Celsius and Fahrenheit temperatures,https://www.ixl.com/math/grade-7/celsius-and-fahrenheit-temperatures,GUE
IXL,MA.7.AR.4.1,"Determine whether two quantities have a proportional relationship by examining a table, graph or written description.",7,Mathematics,Florida's B.E.S.T. Standards: Grade 7,2020006569,Identify proportional relationships by graphing,https://www.ixl.com/math/grade-7/identify-proportional-relationships-by-graphing,AAN
IXL,MA.7.AR.4.1,"Determine whether two quantities have a proportional relationship by examining a table, graph or written description.",7,Mathematics,Florida's B.E.S.T. Standards: Grade 7,2001000624,Identify proportional relationships from graphs and equations,https://www.ixl.com/math/grade-7/identify-proportional-relationships-from-graphs-and-equations,NB5
IXL,MA.7.AR.4.1,"Determine whether two quantities have a proportional relationship by examining a table, graph or written description.",7,Mathematics,Florida's B.E.S.T. Standards: Grade 7,2020035952,Identify proportional relationships from tables,https://www.ixl.com/math/grade-7/identify-proportional-relationships-from-tables,6V7
IXL,MA.7.AR.4.2,"Determine the constant of proportionality within a mathematical or real-world context given a table, graph or written description of a proportional relationship.",7,Mathematics,Florida's B.E.S.T. Standards: Grade 7,2020006552,Find the constant of proportionality from a table,https://www.ixl.com/math/grade-7/find-the-constant-of-proportionality-from-a-table,LKZ
IXL,MA.7.AR.4.2,"Determine the constant of proportionality within a mathematical or real-world context given a table, graph or written description of a proportional relationship.",7,Mathematics,Florida's B.E.S.T. Standards: Grade 7,2001000625,Find the constant of proportionality from a graph,https://www.ixl.com/math/grade-7/find-the-constant-of-proportionality-from-a-graph,ZUT
IXL,MA.7.AR.4.3,"Given a mathematical or real-world context, graph proportional relationships from a table, equation or a written description.",7,Mathematics,Florida's B.E.S.T. Standards: Grade 7,2020037328,Complete a table and graph a proportional relationship,https://www.ixl.com/math/grade-7/complete-a-table-and-graph-a-proportional-relationship,5DR
IXL,MA.7.AR.4.3,"Given a mathematical or real-world context, graph proportional relationships from a table, equation or a written description.",7,Mathematics,Florida's B.E.S.T. Standards: Grade 7,2020037329,Graph a proportional relationship: word problems,https://www.ixl.com/math/grade-7/graph-a-proportional-relationship-word-problems,FJW
IXL,MA.7.AR.4.4,"Given any representation of a proportional relationship, translate the representation to a written description, table or equation.",7,Mathematics,Florida's B.E.S.T. Standards: Grade 7,2020006503,Write equations for proportional relationships from tables,https://www.ixl.com/math/grade-7/write-equations-for-proportional-relationships-from-tables,6GU
IXL,MA.7.AR.4.4,"Given any representation of a proportional relationship, translate the representation to a written description, table or equation.",7,Mathematics,Florida's B.E.S.T. Standards: Grade 7,2020006504,Write equations for proportional relationships from graphs,https://www.ixl.com/math/grade-7/write-equations-for-proportional-relationships-from-graphs,JKH
IXL,MA.7.AR.4.4,"Given any representation of a proportional relationship, translate the representation to a written description, table or equation.",7,Mathematics,Florida's B.E.S.T. Standards: Grade 7,2020039836,Complete a table from a proportional relationship equation,https://www.ixl.com/math/grade-7/complete-a-table-from-a-proportional-relationship-equation,XHV
IXL,MA.7.AR.4.5,Solve real-world problems involving proportional relationships.,7,Mathematics,Florida's B.E.S.T. Standards: Grade 7,2020006645,Interpret graphs of proportional relationships,https://www.ixl.com/math/grade-7/interpret-graphs-of-proportional-relationships,RMH
IXL,MA.7.AR.4.5,Solve real-world problems involving proportional relationships.,7,Mathematics,Florida's B.E.S.T. Standards: Grade 7,2020006643,Write and solve equations for proportional relationships,https://www.ixl.com/math/grade-7/write-and-solve-equations-for-proportional-relationships,VKK
IXL,MA.7.GR.1.1,"Apply formulas to find the areas of trapezoids, parallelograms and rhombi.",7,Mathematics,Florida's B.E.S.T. Standards: Grade 7,2020492317,Area of quadrilaterals and triangles: word problems,https://www.ixl.com/math/grade-7/area-of-quadrilaterals-and-triangles-word-problems,ZJE
IXL,MA.7.GR.1.1,"Apply formulas to find the areas of trapezoids, parallelograms and rhombi.",7,Mathematics,Florida's B.E.S.T. Standards: Grade 7,2020405217,Area of a parallelogram,https://www.ixl.com/math/grade-7/area-of-a-parallelogram,P6T
IXL,MA.7.GR.1.1,"Apply formulas to find the areas of trapezoids, parallelograms and rhombi.",7,Mathematics,Florida's B.E.S.T. Standards: Grade 7,2020405317,Area of a trapezoid,https://www.ixl.com/math/grade-7/area-of-a-trapezoid,JYV
IXL,MA.7.GR.1.1,"Apply formulas to find the areas of trapezoids, parallelograms and rhombi.",7,Mathematics,Florida's B.E.S.T. Standards: Grade 7,2020431917,Area of rhombuses,https://www.ixl.com/math/grade-7/area-of-rhombuses,DPB
IXL,MA.7.GR.1.2,Solve mathematical or real-world problems involving the area of polygons or composite figures by decomposing them into triangles or quadrilaterals.,7,Mathematics,Florida's B.E.S.T. Standards: Grade 7,2020354617,Area of compound figures made of rectangles,https://www.ixl.com/math/grade-7/area-of-compound-figures-made-of-rectangles,NBA
IXL,MA.7.GR.1.2,Solve mathematical or real-world problems involving the area of polygons or composite figures by decomposing them into triangles or quadrilaterals.,7,Mathematics,Florida's B.E.S.T. Standards: Grade 7,2020036027,Area of compound figures with triangles,https://www.ixl.com/math/grade-7/area-of-compound-figures-with-triangles,MRG
IXL,MA.7.GR.1.3,Explore the proportional relationship between circumferences and diameters of circles. Apply a formula for the circumference of a circle to solve mathematical and real-world problems.,7,Mathematics,Florida's B.E.S.T. Standards: Grade 7,2020040068,Circumference of circles,https://www.ixl.com/math/grade-7/circumference-of-circles,KS7
IXL,MA.7.GR.1.3,Explore the proportional relationship between circumferences and diameters of circles. Apply a formula for the circumference of a circle to solve mathematical and real-world problems.,7,Mathematics,Florida's B.E.S.T. Standards: Grade 7,2020492417,Circumference of circles: exact values,https://www.ixl.com/math/grade-7/circumference-of-circles-exact-values,VWP
IXL,MA.7.GR.1.4,Explore and apply a formula to find the area of a circle to solve mathematical and real-world problems.,7,Mathematics,Florida's B.E.S.T. Standards: Grade 7,2001000543,Area of circles,https://www.ixl.com/math/grade-7/area-of-circles,YA8
IXL,MA.7.GR.1.4,Explore and apply a formula to find the area of a circle to solve mathematical and real-world problems.,7,Mathematics,Florida's B.E.S.T. Standards: Grade 7,2001000545,Circles: word problems,https://www.ixl.com/math/grade-7/circles-word-problems,P56
IXL,MA.7.GR.1.4,Explore and apply a formula to find the area of a circle to solve mathematical and real-world problems.,7,Mathematics,Florida's B.E.S.T. Standards: Grade 7,2004009905,"Semicircles: calculate area, perimeter, radius, and diameter",https://www.ixl.com/math/grade-7/semicircles-calculate-area-perimeter-radius-and-diameter,SMW
IXL,MA.7.GR.1.4,Explore and apply a formula to find the area of a circle to solve mathematical and real-world problems.,7,Mathematics,Florida's B.E.S.T. Standards: Grade 7,2004009906,"Quarter circles: calculate area, perimeter, and radius",https://www.ixl.com/math/grade-7/quarter-circles-calculate-area-perimeter-and-radius,WK8
IXL,MA.7.GR.1.4,Explore and apply a formula to find the area of a circle to solve mathematical and real-world problems.,7,Mathematics,Florida's B.E.S.T. Standards: Grade 7,2020492517,Area of circles: exact values,https://www.ixl.com/math/grade-7/area-of-circles-exact-values,U9V
IXL,MA.7.GR.1.5,"Solve mathematical and real-world problems involving dimensions and areas of geometric figures, including scale drawings and scale factors.",7,Mathematics,Florida's B.E.S.T. Standards: Grade 7,2020369717,Scale drawings of polygons,https://www.ixl.com/math/grade-7/scale-drawings-of-polygons,WEA
IXL,MA.7.GR.1.5,"Solve mathematical and real-world problems involving dimensions and areas of geometric figures, including scale drawings and scale factors.",7,Mathematics,Florida's B.E.S.T. Standards: Grade 7,2001000572,Scale drawings: word problems,https://www.ixl.com/math/grade-7/scale-drawings-word-problems,84H
IXL,MA.7.GR.1.5,"Solve mathematical and real-world problems involving dimensions and areas of geometric figures, including scale drawings and scale factors.",7,Mathematics,Florida's B.E.S.T. Standards: Grade 7,2020035736,Scale drawings: scale factor word problems,https://www.ixl.com/math/grade-7/scale-drawings-scale-factor-word-problems,KCM
IXL,MA.7.GR.1.5,"Solve mathematical and real-world problems involving dimensions and areas of geometric figures, including scale drawings and scale factors.",7,Mathematics,Florida's B.E.S.T. Standards: Grade 7,2001000552,Perimeter and area: changes in scale,https://www.ixl.com/math/grade-7/perimeter-and-area-changes-in-scale,ZC6
IXL,MA.7.GR.2.1,"Given a mathematical or real-world context, find the surface area of a right circular cylinder using the figure's net.",7,Mathematics,Florida's B.E.S.T. Standards: Grade 7,2020037320,Surface area of cylinders,https://www.ixl.com/math/grade-7/surface-area-of-cylinders,CYQ
IXL,MA.7.GR.2.3,Solve mathematical and real-world problems involving volume of right circular cylinders.,7,Mathematics,Florida's B.E.S.T. Standards: Grade 7,2020037319,Volume of cylinders,https://www.ixl.com/math/grade-7/volume-of-cylinders,FHC
IXL,MA.7.DP.1.1,"Determine an appropriate measure of center or measure of variation to summarize numerical data, represented numerically or graphically, taking into consideration the context and any outliers.",7,Mathematics,Florida's B.E.S.T. Standards: Grade 7,2001000502,Box plots,https://www.ixl.com/math/grade-7/box-plots,SKN
IXL,MA.7.DP.1.1,"Determine an appropriate measure of center or measure of variation to summarize numerical data, represented numerically or graphically, taking into consideration the context and any outliers.",7,Mathematics,Florida's B.E.S.T. Standards: Grade 7,2001000619,"Calculate mean, median, mode, and range",https://www.ixl.com/math/grade-7/calculate-mean-median-mode-and-range,U2A
IXL,MA.7.DP.1.1,"Determine an appropriate measure of center or measure of variation to summarize numerical data, represented numerically or graphically, taking into consideration the context and any outliers.",7,Mathematics,Florida's B.E.S.T. Standards: Grade 7,2001000620,"Interpret charts and graphs to find mean, median, mode, and range",https://www.ixl.com/math/grade-7/interpret-charts-and-graphs-to-find-mean-median-mode-and-range,CYK
IXL,MA.7.DP.1.1,"Determine an appropriate measure of center or measure of variation to summarize numerical data, represented numerically or graphically, taking into consideration the context and any outliers.",7,Mathematics,Florida's B.E.S.T. Standards: Grade 7,2001000621,"Mean, median, mode, and range: find the missing number",https://www.ixl.com/math/grade-7/mean-median-mode-and-range-find-the-missing-number,ZWS
IXL,MA.7.DP.1.1,"Determine an appropriate measure of center or measure of variation to summarize numerical data, represented numerically or graphically, taking into consideration the context and any outliers.",7,Mathematics,Florida's B.E.S.T. Standards: Grade 7,2020036119,Calculate quartiles and interquartile range,https://www.ixl.com/math/grade-7/calculate-quartiles-and-interquartile-range,NZN
IXL,MA.7.DP.1.2,"Given two numerical or graphical representations of data, use the measure(s) of center and measure(s) of variability to make comparisons, interpret results and draw conclusions about the two populations.",7,Mathematics,Florida's B.E.S.T. Standards: Grade 7,2020659717,Compare populations using measures of center and spread,https://www.ixl.com/math/grade-7/compare-populations-using-measures-of-center-and-spread-without-mad,JQW
IXL,MA.7.DP.1.3,"Given categorical data from a random sample, use proportional relationships to make predictions about a population.",7,Mathematics,Florida's B.E.S.T. Standards: Grade 7,2001000570,Estimate population size using proportions,https://www.ixl.com/math/grade-7/estimate-population-size-using-proportions,3C9
IXL,MA.7.DP.1.4,"Use proportional reasoning to construct, display and interpret data in circle graphs.",7,Mathematics,Florida's B.E.S.T. Standards: Grade 7,2001000498,Interpret circle graphs,https://www.ixl.com/math/grade-7/interpret-circle-graphs,SGL
IXL,MA.7.DP.1.4,"Use proportional reasoning to construct, display and interpret data in circle graphs.",7,Mathematics,Florida's B.E.S.T. Standards: Grade 7,2001000499,Circle graphs and central angles,https://www.ixl.com/math/grade-7/circle-graphs-and-central-angles,KXS
IXL,MA.7.DP.1.5,"Given a real-world numerical or categorical data set, choose and create an appropriate graphical representation.",7,Mathematics,Florida's B.E.S.T. Standards: Grade 7,2001000492,Create line plots,https://www.ixl.com/math/grade-7/create-line-plots,22B
IXL,MA.7.DP.1.5,"Given a real-world numerical or categorical data set, choose and create an appropriate graphical representation.",7,Mathematics,Florida's B.E.S.T. Standards: Grade 7,2009005220,Create and interpret line plots with fractions,https://www.ixl.com/math/grade-7/create-and-interpret-line-plots-with-fractions,SHS
IXL,MA.7.DP.1.5,"Given a real-world numerical or categorical data set, choose and create an appropriate graphical representation.",7,Mathematics,Florida's B.E.S.T. Standards: Grade 7,2020035790,Create stem-and-leaf plots,https://www.ixl.com/math/grade-7/create-stem-and-leaf-plots,8AP
IXL,MA.7.DP.1.5,"Given a real-world numerical or categorical data set, choose and create an appropriate graphical representation.",7,Mathematics,Florida's B.E.S.T. Standards: Grade 7,2001000495,Create bar graphs,https://www.ixl.com/math/grade-7/create-bar-graphs,E76
IXL,MA.7.DP.1.5,"Given a real-world numerical or categorical data set, choose and create an appropriate graphical representation.",7,Mathematics,Florida's B.E.S.T. Standards: Grade 7,2001000497,Create histograms,https://www.ixl.com/math/grade-7/create-histograms,LGG
IXL,MA.7.DP.1.5,"Given a real-world numerical or categorical data set, choose and create an appropriate graphical representation.",7,Mathematics,Florida's B.E.S.T. Standards: Grade 7,2001000846,Choose the best type of graph,https://www.ixl.com/math/grade-7/choose-the-best-type-of-graph,RMW
IXL,MA.7.DP.2.1,Determine the sample space for a simple experiment.,7,Mathematics,Florida's B.E.S.T. Standards: Grade 7,2020971217,Sample spaces of simple events,https://www.ixl.com/math/grade-7/sample-spaces-of-simple-events,J6M
IXL,MA.7.DP.2.2,"Given the probability of a chance event, interpret the likelihood of it occurring. Compare the probabilities of chance events.",7,Mathematics,Florida's B.E.S.T. Standards: Grade 7,2020547517,Probability of simple events: fractional answers,https://www.ixl.com/math/grade-7/probability-of-simple-events-fractional-answers,ZRB
IXL,MA.7.DP.2.2,"Given the probability of a chance event, interpret the likelihood of it occurring. Compare the probabilities of chance events.",7,Mathematics,Florida's B.E.S.T. Standards: Grade 7,2020547617,Probability of simple events: percent and decimal answers,https://www.ixl.com/math/grade-7/probability-of-simple-events-percent-and-decimal-answers,7Z9
IXL,MA.7.DP.2.3,Find the theoretical probability of an event related to a simple experiment.,7,Mathematics,Florida's B.E.S.T. Standards: Grade 7,2020547517,Probability of simple events: fractional answers,https://www.ixl.com/math/grade-7/probability-of-simple-events-fractional-answers,ZRB
IXL,MA.7.DP.2.3,Find the theoretical probability of an event related to a simple experiment.,7,Mathematics,Florida's B.E.S.T. Standards: Grade 7,2020547617,Probability of simple events: percent and decimal answers,https://www.ixl.com/math/grade-7/probability-of-simple-events-percent-and-decimal-answers,7Z9
IXL,MA.7.DP.2.4,Use a simulation of a simple experiment to find experimental probabilities and compare them to theoretical probabilities.,7,Mathematics,Florida's B.E.S.T. Standards: Grade 7,2001000610,Experimental probability,https://www.ixl.com/math/grade-7/experimental-probability,9AA
IXL,MA.8.NSO.1.1,Extend previous understanding of rational numbers to define irrational numbers within the real number system. Locate an approximate value of a numerical expression involving irrational numbers on a number line.,8,Mathematics,Florida's B.E.S.T. Standards: Grade 8,2001000669,Identify rational and irrational numbers,https://www.ixl.com/math/grade-8/identify-rational-and-irrational-numbers,NV6
IXL,MA.8.NSO.1.1,Extend previous understanding of rational numbers to define irrational numbers within the real number system. Locate an approximate value of a numerical expression involving irrational numbers on a number line.,8,Mathematics,Florida's B.E.S.T. Standards: Grade 8,2020937417,Irrational numbers on number lines,https://www.ixl.com/math/grade-8/irrational-numbers-on-number-lines-including-one-or-two-terms,QZ7
IXL,MA.8.NSO.1.2,"Plot, order and compare rational and irrational numbers, represented in various forms.",8,Mathematics,Florida's B.E.S.T. Standards: Grade 8,2020040432,Estimate positive square roots,https://www.ixl.com/math/grade-8/estimate-positive-square-roots,XWJ
IXL,MA.8.NSO.1.2,"Plot, order and compare rational and irrational numbers, represented in various forms.",8,Mathematics,Florida's B.E.S.T. Standards: Grade 8,2001000697,Estimate positive and negative square roots,https://www.ixl.com/math/grade-8/estimate-positive-and-negative-square-roots,96T
IXL,MA.8.NSO.1.2,"Plot, order and compare rational and irrational numbers, represented in various forms.",8,Mathematics,Florida's B.E.S.T. Standards: Grade 8,2001000701,Estimate cube roots,https://www.ixl.com/math/grade-8/estimate-cube-roots,RLC
IXL,MA.8.NSO.1.2,"Plot, order and compare rational and irrational numbers, represented in various forms.",8,Mathematics,Florida's B.E.S.T. Standards: Grade 8,2020978417,Compare and order rational and irrational numbers,https://www.ixl.com/math/grade-8/compare-and-order-rational-and-irrational-numbers,EED
IXL,MA.8.NSO.1.4,Express numbers in scientific notation to represent and approximate very large or very small quantities. Determine how many times larger or smaller one number is compared to a second number.,8,Mathematics,Florida's B.E.S.T. Standards: Grade 8,2001000703,Convert between standard and scientific notation,https://www.ixl.com/math/grade-8/convert-between-standard-and-scientific-notation,H8A
IXL,MA.8.NSO.1.4,Express numbers in scientific notation to represent and approximate very large or very small quantities. Determine how many times larger or smaller one number is compared to a second number.,8,Mathematics,Florida's B.E.S.T. Standards: Grade 8,2001000704,Compare numbers written in scientific notation,https://www.ixl.com/math/grade-8/compare-numbers-written-in-scientific-notation,RHT
IXL,MA.8.NSO.1.5,"Add, subtract, multiply and divide numbers expressed in scientific notation with procedural fluency.",8,Mathematics,Florida's B.E.S.T. Standards: Grade 8,2020038471,Add and subtract numbers written in scientific notation,https://www.ixl.com/math/grade-8/add-and-subtract-numbers-written-in-scientific-notation,HUR
IXL,MA.8.NSO.1.5,"Add, subtract, multiply and divide numbers expressed in scientific notation with procedural fluency.",8,Mathematics,Florida's B.E.S.T. Standards: Grade 8,2001000705,Multiply numbers written in scientific notation,https://www.ixl.com/math/grade-8/multiply-numbers-written-in-scientific-notation,YZU
IXL,MA.8.NSO.1.5,"Add, subtract, multiply and divide numbers expressed in scientific notation with procedural fluency.",8,Mathematics,Florida's B.E.S.T. Standards: Grade 8,2001000706,Divide numbers written in scientific notation,https://www.ixl.com/math/grade-8/divide-numbers-written-in-scientific-notation,SGT
IXL,MA.8.AR.1.2,Apply properties of operations to multiply two linear expressions with rational coefficients.,8,Mathematics,Florida's B.E.S.T. Standards: Grade 8,2020082417,Multiply linear expressions with rational coefficients,https://www.ixl.com/math/grade-8/multiply-linear-expressions-with-rational-coefficients,9B9
IXL,MA.8.AR.1.3,Rewrite the sum of two algebraic expressions having a common monomial factor as a common factor multiplied by the sum of two algebraic expressions.,8,Mathematics,Florida's B.E.S.T. Standards: Grade 8,2020409917,Common monomial factors,https://www.ixl.com/math/grade-8/common-monomial-factors-GCF,K8S
IXL,MA.8.AR.1.3,Rewrite the sum of two algebraic expressions having a common monomial factor as a common factor multiplied by the sum of two algebraic expressions.,8,Mathematics,Florida's B.E.S.T. Standards: Grade 8,2020410017,Factor out a monomial,https://www.ixl.com/math/grade-8/factor-out-a-monomial,BFZ
IXL,MA.8.AR.2.2,Solve two-step linear inequalities in one variable and represent solutions algebraically and graphically.,8,Mathematics,Florida's B.E.S.T. Standards: Grade 8,2001000782,Solve two-step inequalities,https://www.ixl.com/math/grade-8/solve-two-step-inequalities,N9D
IXL,MA.8.AR.2.2,Solve two-step linear inequalities in one variable and represent solutions algebraically and graphically.,8,Mathematics,Florida's B.E.S.T. Standards: Grade 8,2002025923,Graph solutions to two-step inequalities,https://www.ixl.com/math/grade-8/graph-solutions-to-two-step-inequalities,WHT
IXL,MA.8.AR.2.3,"Given an equation in the form of <i>x</i><sup>2</sup> = <i>p</i> and <i>x</i><sup>3</sup> = <i>q</i>, where <i>p</i> is a whole number and <i>q</i> is an integer, determine the real solutions.",8,Mathematics,Florida's B.E.S.T. Standards: Grade 8,2001000759,Solve equations using square roots,https://www.ixl.com/math/grade-8/solve-equations-using-square-roots,NNA
IXL,MA.8.AR.2.3,"Given an equation in the form of <i>x</i><sup>2</sup> = <i>p</i> and <i>x</i><sup>3</sup> = <i>q</i>, where <i>p</i> is a whole number and <i>q</i> is an integer, determine the real solutions.",8,Mathematics,Florida's B.E.S.T. Standards: Grade 8,2020006658,Solve equations using cube roots,https://www.ixl.com/math/grade-8/solve-equations-using-cube-roots,TQ5
IXL,MA.8.AR.3.1,Determine if a linear relationship is also a proportional relationship.,8,Mathematics,Florida's B.E.S.T. Standards: Grade 8,2020006570,Identify proportional relationships by graphing,https://www.ixl.com/math/grade-8/identify-proportional-relationships-by-graphing,RXD
IXL,MA.8.AR.3.1,Determine if a linear relationship is also a proportional relationship.,8,Mathematics,Florida's B.E.S.T. Standards: Grade 8,2001000720,Identify proportional relationships from graphs and equations,https://www.ixl.com/math/grade-8/identify-proportional-relationships-from-graphs-and-equations,45N
IXL,MA.8.AR.3.1,Determine if a linear relationship is also a proportional relationship.,8,Mathematics,Florida's B.E.S.T. Standards: Grade 8,2020035953,Identify proportional relationships from tables,https://www.ixl.com/math/grade-8/identify-proportional-relationships-from-tables,H8N
IXL,MA.8.AR.3.2,"Given a table, graph or written description of a linear relationship, determine the slope.",8,Mathematics,Florida's B.E.S.T. Standards: Grade 8,2020006553,Find the constant of proportionality from a table,https://www.ixl.com/math/grade-8/find-the-constant-of-proportionality-from-a-table,ZCK
IXL,MA.8.AR.3.2,"Given a table, graph or written description of a linear relationship, determine the slope.",8,Mathematics,Florida's B.E.S.T. Standards: Grade 8,2001000721,Find the constant of proportionality from a graph,https://www.ixl.com/math/grade-8/find-the-constant-of-proportionality-from-a-graph,YMH
IXL,MA.8.AR.3.2,"Given a table, graph or written description of a linear relationship, determine the slope.",8,Mathematics,Florida's B.E.S.T. Standards: Grade 8,2001000771,Find the slope from a graph,https://www.ixl.com/math/grade-8/find-the-slope-from-a-graph,D7M
IXL,MA.8.AR.3.2,"Given a table, graph or written description of a linear relationship, determine the slope.",8,Mathematics,Florida's B.E.S.T. Standards: Grade 8,2001000772,Find the slope from two points,https://www.ixl.com/math/grade-8/find-the-slope-from-two-points,ZAC
IXL,MA.8.AR.3.2,"Given a table, graph or written description of a linear relationship, determine the slope.",8,Mathematics,Florida's B.E.S.T. Standards: Grade 8,2020670917,Find the slope from a table,https://www.ixl.com/math/grade-8/find-the-slope-from-a-table,GSB
IXL,MA.8.AR.3.4,"Given a mathematical or real-world context, graph a two-variable linear equation from a written description, a table or an equation in slope-intercept form.",8,Mathematics,Florida's B.E.S.T. Standards: Grade 8,2020019480,Graph proportional relationships and find the slope,https://www.ixl.com/math/grade-8/graph-proportional-relationships-and-find-the-slope,MQD
IXL,MA.8.AR.3.4,"Given a mathematical or real-world context, graph a two-variable linear equation from a written description, a table or an equation in slope-intercept form.",8,Mathematics,Florida's B.E.S.T. Standards: Grade 8,2001000774,Graph a line using slope,https://www.ixl.com/math/grade-8/graph-a-line-using-slope,FSV
IXL,MA.8.AR.3.4,"Given a mathematical or real-world context, graph a two-variable linear equation from a written description, a table or an equation in slope-intercept form.",8,Mathematics,Florida's B.E.S.T. Standards: Grade 8,2001000769,Graph a line from an equation in slope-intercept form,https://www.ixl.com/math/grade-8/graph-a-line-from-an-equation-in-slope-intercept-form,W5E
IXL,MA.8.AR.3.5,"Given a real-world context, determine and interpret the slope and y-intercept of a two-variable linear equation from a written description, a table, a graph or an equation in slope-intercept form.",8,Mathematics,Florida's B.E.S.T. Standards: Grade 8,2001000722,Write and solve equations for proportional relationships,https://www.ixl.com/math/grade-8/write-and-solve-equations-for-proportional-relationships,HPM
IXL,MA.8.AR.3.5,"Given a real-world context, determine and interpret the slope and y-intercept of a two-variable linear equation from a written description, a table, a graph or an equation in slope-intercept form.",8,Mathematics,Florida's B.E.S.T. Standards: Grade 8,2020397717,Interpret the slope and y-intercept of a linear function,https://www.ixl.com/math/grade-8/interpret-the-slope-and-y-intercept-of-a-linear-function,H5B
IXL,MA.8.AR.3.5,"Given a real-world context, determine and interpret the slope and y-intercept of a two-variable linear equation from a written description, a table, a graph or an equation in slope-intercept form.",8,Mathematics,Florida's B.E.S.T. Standards: Grade 8,2001000770,Write linear functions: word problems,https://www.ixl.com/math/grade-8/write-linear-functions-word-problems,YK6
IXL,MA.8.AR.4.1,"Given a system of two linear equations and a specified set of possible solutions, determine which ordered pairs satisfy the system of linear equations.",8,Mathematics,Florida's B.E.S.T. Standards: Grade 8,2002025903,"Is (x, y) a solution to the system of equations?",https://www.ixl.com/math/grade-8/is-x-y-a-solution-to-the-system-of-equations,N46
IXL,MA.8.AR.4.2,"Given a system of two linear equations represented graphically on the same coordinate plane, determine whether there is one solution, no solution or infinitely many solutions.",8,Mathematics,Florida's B.E.S.T. Standards: Grade 8,2020042924,Find the number of solutions to a system of equations by graphing,https://www.ixl.com/math/grade-8/find-the-number-of-solutions-for-a-system-of-equations-by-graphing,5XB
IXL,MA.8.AR.4.3,"Given a mathematical or real-world context, solve systems of two linear equations by graphing.",8,Mathematics,Florida's B.E.S.T. Standards: Grade 8,2002025904,Solve a system of equations by graphing: word problems,https://www.ixl.com/math/grade-8/solve-a-system-of-equations-by-graphing-word-problems,W9J
IXL,MA.8.AR.4.3,"Given a mathematical or real-world context, solve systems of two linear equations by graphing.",8,Mathematics,Florida's B.E.S.T. Standards: Grade 8,2020042923,Solve a system of equations by graphing,https://www.ixl.com/math/grade-8/solve-systems-of-equations-by-graphing,C8X
IXL,MA.8.AR.4.3,"Given a mathematical or real-world context, solve systems of two linear equations by graphing.",8,Mathematics,Florida's B.E.S.T. Standards: Grade 8,2020410217,Slopes of parallel lines,https://www.ixl.com/math/grade-8/slopes-of-parallel-lines,EWB
IXL,MA.8.F.1.1,"Given a set of ordered pairs, a table, a graph or mapping diagram, determine whether the relationship is a function. Identify the domain and range of the relation.",8,Mathematics,Florida's B.E.S.T. Standards: Grade 8,2020187517,Identify functions,https://www.ixl.com/math/grade-8/identify-functions-including-mappings,JT2
IXL,MA.8.F.1.1,"Given a set of ordered pairs, a table, a graph or mapping diagram, determine whether the relationship is a function. Identify the domain and range of the relation.",8,Mathematics,Florida's B.E.S.T. Standards: Grade 8,2020040771,Identify functions: graphs,https://www.ixl.com/math/grade-8/identify-functions-graphs,AEB
IXL,MA.8.F.1.1,"Given a set of ordered pairs, a table, a graph or mapping diagram, determine whether the relationship is a function. Identify the domain and range of the relation.",8,Mathematics,Florida's B.E.S.T. Standards: Grade 8,2020002040,Identify independent and dependent variables,https://www.ixl.com/math/grade-8/identify-independent-and-dependent-variables,FSF
IXL,MA.8.F.1.1,"Given a set of ordered pairs, a table, a graph or mapping diagram, determine whether the relationship is a function. Identify the domain and range of the relation.",8,Mathematics,Florida's B.E.S.T. Standards: Grade 8,2020453417,Domain and range of relations,https://www.ixl.com/math/grade-8/domain-and-range-of-relations,T7P
IXL,MA.8.F.1.1,"Given a set of ordered pairs, a table, a graph or mapping diagram, determine whether the relationship is a function. Identify the domain and range of the relation.",8,Mathematics,Florida's B.E.S.T. Standards: Grade 8,2021529817,Domain and range of linear functions: graphs,https://www.ixl.com/math/grade-8/domain-and-range-of-linear-functions-graphs,M2L
IXL,MA.8.F.1.1,"Given a set of ordered pairs, a table, a graph or mapping diagram, determine whether the relationship is a function. Identify the domain and range of the relation.",8,Mathematics,Florida's B.E.S.T. Standards: Grade 8,2020340717,"Relations: convert between mappings, tables, graphs, and ordered pairs",https://www.ixl.com/math/grade-8/relations-convert-between-mappings-tables-graphs-and-ordered-pairs,LQJ
IXL,MA.8.F.1.2,"Given a function defined by a graph or an equation, determine whether the function is a linear function. Given an input-output table, determine whether it could represent a linear function.",8,Mathematics,Florida's B.E.S.T. Standards: Grade 8,2001000776,Identify linear and nonlinear functions: graphs and equations,https://www.ixl.com/math/grade-8/identify-linear-and-nonlinear-functions-graphs-and-equations,XB8
IXL,MA.8.F.1.2,"Given a function defined by a graph or an equation, determine whether the function is a linear function. Given an input-output table, determine whether it could represent a linear function.",8,Mathematics,Florida's B.E.S.T. Standards: Grade 8,2020035848,Identify linear and nonlinear functions: tables,https://www.ixl.com/math/grade-8/identify-linear-and-nonlinear-functions-tables,VGS
IXL,MA.8.F.1.3,"Analyze a real-world written description or graphical representation of a functional relationship between two quantities and identify where the function is increasing, decreasing or constant.",8,Mathematics,Florida's B.E.S.T. Standards: Grade 8,2020008473,Find values using function graphs,https://www.ixl.com/math/grade-8/find-values-using-function-graphs,7N2
IXL,MA.8.F.1.3,"Analyze a real-world written description or graphical representation of a functional relationship between two quantities and identify where the function is increasing, decreasing or constant.",8,Mathematics,Florida's B.E.S.T. Standards: Grade 8,2020008479,Complete a table for a function graph,https://www.ixl.com/math/grade-8/complete-a-table-for-a-function-graph,7EK
IXL,MA.8.F.1.3,"Analyze a real-world written description or graphical representation of a functional relationship between two quantities and identify where the function is increasing, decreasing or constant.",8,Mathematics,Florida's B.E.S.T. Standards: Grade 8,2001000767,Interpret points on the graph of a linear function,https://www.ixl.com/math/grade-8/interpret-points-on-the-graph-of-a-linear-function,9E8
IXL,MA.8.F.1.3,"Analyze a real-world written description or graphical representation of a functional relationship between two quantities and identify where the function is increasing, decreasing or constant.",8,Mathematics,Florida's B.E.S.T. Standards: Grade 8,2020568517,Identify graphs: word problems,https://www.ixl.com/math/grade-8/identify-graphs-word-problems,HWC
IXL,MA.8.GR.1.2,Apply the Pythagorean Theorem to solve mathematical and real-world problems involving the distance between two points in a coordinate plane.,8,Mathematics,Florida's B.E.S.T. Standards: Grade 8,2001000803,Find the distance between two points,https://www.ixl.com/math/grade-8/find-the-distance-between-two-points,ZBP
IXL,MA.8.GR.1.3,Use the Triangle Inequality Theorem to determine if a triangle can be formed from a given set of sides. Use the converse of the Pythagorean Theorem to determine if a right triangle can be formed from a given set of sides.,8,Mathematics,Florida's B.E.S.T. Standards: Grade 8,2020039838,Triangle inequality,https://www.ixl.com/math/grade-8/triangle-inequality,2N5
IXL,MA.8.GR.1.3,Use the Triangle Inequality Theorem to determine if a triangle can be formed from a given set of sides. Use the converse of the Pythagorean Theorem to determine if a right triangle can be formed from a given set of sides.,8,Mathematics,Florida's B.E.S.T. Standards: Grade 8,2001000799,Converse of the Pythagorean theorem: is it a right triangle?,https://www.ixl.com/math/grade-8/converse-of-the-pythagorean-theorem-is-it-a-right-triangle,EQZ
IXL,MA.8.GR.1.4,"Solve mathematical problems involving the relationships between supplementary, complementary, vertical or adjacent angles.",8,Mathematics,Florida's B.E.S.T. Standards: Grade 8,2001000804,"Identify complementary, supplementary, vertical, adjacent, and congruent angles",https://www.ixl.com/math/grade-8/identify-complementary-supplementary-vertical-adjacent-and-congruent-angles,HGV
IXL,MA.8.GR.1.4,"Solve mathematical problems involving the relationships between supplementary, complementary, vertical or adjacent angles.",8,Mathematics,Florida's B.E.S.T. Standards: Grade 8,2001000805,"Find measures of complementary, supplementary, vertical, and adjacent angles",https://www.ixl.com/math/grade-8/find-measures-of-complementary-supplementary-vertical-and-adjacent-angles,R2B
IXL,MA.8.GR.1.4,"Solve mathematical problems involving the relationships between supplementary, complementary, vertical or adjacent angles.",8,Mathematics,Florida's B.E.S.T. Standards: Grade 8,2020399617,Write and solve equations using angle relationships,https://www.ixl.com/math/grade-8/write-and-solve-equations-using-angle-relationships,DBV
IXL,MA.8.GR.1.5,Solve problems involving the relationships of interior and exterior angles of a triangle.,8,Mathematics,Florida's B.E.S.T. Standards: Grade 8,2001000809,Find missing angles in triangles,https://www.ixl.com/math/grade-8/find-missing-angles-in-triangles,JFJ
IXL,MA.8.GR.1.5,Solve problems involving the relationships of interior and exterior angles of a triangle.,8,Mathematics,Florida's B.E.S.T. Standards: Grade 8,2020035731,Find missing angles in triangles using ratios,https://www.ixl.com/math/grade-8/find-missing-angles-in-triangles-using-ratios,59G
IXL,MA.8.GR.1.5,Solve problems involving the relationships of interior and exterior angles of a triangle.,8,Mathematics,Florida's B.E.S.T. Standards: Grade 8,2020040444,Triangle Angle-Sum Theorem,https://www.ixl.com/math/grade-8/triangle-angle-sum-theorem,6Q6
IXL,MA.8.GR.1.5,Solve problems involving the relationships of interior and exterior angles of a triangle.,8,Mathematics,Florida's B.E.S.T. Standards: Grade 8,2020000800,Exterior Angle Theorem,https://www.ixl.com/math/grade-8/exterior-angle-theorem,FMP
IXL,MA.8.GR.1.6,Develop and use formulas for the sums of the interior angles of regular polygons by decomposing them into triangles.,8,Mathematics,Florida's B.E.S.T. Standards: Grade 8,2020019639,Find missing angles in quadrilaterals I,https://www.ixl.com/math/grade-8/find-missing-angles-in-quadrilaterals,N2R
IXL,MA.8.GR.1.6,Develop and use formulas for the sums of the interior angles of regular polygons by decomposing them into triangles.,8,Mathematics,Florida's B.E.S.T. Standards: Grade 8,2020035950,Find missing angles in quadrilaterals II,https://www.ixl.com/math/grade-8/find-missing-angles-in-quadrilaterals-ii,ZHN
IXL,MA.8.GR.1.6,Develop and use formulas for the sums of the interior angles of regular polygons by decomposing them into triangles.,8,Mathematics,Florida's B.E.S.T. Standards: Grade 8,2001000811,Interior angles of polygons,https://www.ixl.com/math/grade-8/interior-angles-of-polygons,JBP
IXL,MA.8.GR.2.1,"Given a preimage and image generated by a single transformation, identify the transformation that describes the relationship.",8,Mathematics,Florida's B.E.S.T. Standards: Grade 8,2001000836,"Identify reflections, rotations, and translations",https://www.ixl.com/math/grade-8/identify-reflections-rotations-and-translations,UYL
IXL,MA.8.GR.2.1,"Given a preimage and image generated by a single transformation, identify the transformation that describes the relationship.",8,Mathematics,Florida's B.E.S.T. Standards: Grade 8,2020587717,Describe transformations,https://www.ixl.com/math/grade-8/describe-transformations,VAY
IXL,MA.8.GR.2.2,"Given a preimage and image generated by a single dilation, identify the scale factor that describes the relationship.",8,Mathematics,Florida's B.E.S.T. Standards: Grade 8,2001000902,Dilations: find the scale factor,https://www.ixl.com/math/grade-8/dilations-find-the-scale-factor,8NK
IXL,MA.8.GR.2.4,Solve mathematical and real-world problems involving proportional relationships between similar triangles.,8,Mathematics,Florida's B.E.S.T. Standards: Grade 8,2020039842,Similar triangles and indirect measurement,https://www.ixl.com/math/grade-8/similar-triangles-and-indirect-measurement,88W
IXL,MA.8.GR.2.4,Solve mathematical and real-world problems involving proportional relationships between similar triangles.,8,Mathematics,Florida's B.E.S.T. Standards: Grade 8,2020039840,Side lengths of similar triangles,https://www.ixl.com/math/grade-8/side-lengths-of-similar-triangles,QSK
IXL,MA.8.DP.1.1,"Given a set of real-world bivariate numerical data, construct a scatter plot or a line graph as appropriate for the context.",8,Mathematics,Florida's B.E.S.T. Standards: Grade 8,2001000851,Create line graphs,https://www.ixl.com/math/grade-8/create-line-graphs,ERM
IXL,MA.8.DP.1.1,"Given a set of real-world bivariate numerical data, construct a scatter plot or a line graph as appropriate for the context.",8,Mathematics,Florida's B.E.S.T. Standards: Grade 8,2020039268,Create scatter plots,https://www.ixl.com/math/grade-8/create-scatter-plots,AVL
IXL,MA.8.DP.1.2,"Given a scatter plot within a real-world context, describe patterns of association.",8,Mathematics,Florida's B.E.S.T. Standards: Grade 8,2001000859,Identify trends with scatter plots,https://www.ixl.com/math/grade-8/identify-trends-with-scatter-plots,GZE
IXL,MA.8.DP.1.2,"Given a scatter plot within a real-world context, describe patterns of association.",8,Mathematics,Florida's B.E.S.T. Standards: Grade 8,2020035847,Make predictions with scatter plots,https://www.ixl.com/math/grade-8/make-predictions-with-scatter-plots,CM7
IXL,MA.8.DP.1.2,"Given a scatter plot within a real-world context, describe patterns of association.",8,Mathematics,Florida's B.E.S.T. Standards: Grade 8,2020006881,Outliers in scatter plots,https://www.ixl.com/math/grade-8/outliers-in-scatter-plots,RP8
IXL,MA.8.DP.1.2,"Given a scatter plot within a real-world context, describe patterns of association.",8,Mathematics,Florida's B.E.S.T. Standards: Grade 8,2020752717,Interpret lines of best fit: word problems,https://www.ixl.com/math/grade-8/interpret-lines-of-best-fit-word-problems,9DW
IXL,MA.8.DP.1.3,"Given a scatter plot with a linear association, informally fit a straight line.",8,Mathematics,Florida's B.E.S.T. Standards: Grade 8,2020291317,Identify lines of best fit,https://www.ixl.com/math/grade-8/identify-lines-of-best-fit,BG7
IXL,MA.8.DP.1.3,"Given a scatter plot with a linear association, informally fit a straight line.",8,Mathematics,Florida's B.E.S.T. Standards: Grade 8,2020019600,Write equations for lines of best fit,https://www.ixl.com/math/grade-8/write-equations-for-lines-of-best-fit,ZQ6
IXL,MA.8.DP.2.1,Determine the sample space for a repeated experiment.,8,Mathematics,Florida's B.E.S.T. Standards: Grade 8,2001000887,Compound events: find the number of outcomes,https://www.ixl.com/math/grade-8/compound-events-find-the-number-of-outcomes,P5R
IXL,MA.8.DP.2.1,Determine the sample space for a repeated experiment.,8,Mathematics,Florida's B.E.S.T. Standards: Grade 8,2021013817,Samples spaces for repeated events,https://www.ixl.com/math/grade-8/samples-spaces-for-repeated-events,AGW
IXL,MA.8.DP.2.2,Find the theoretical probability of an event related to a repeated experiment.,8,Mathematics,Florida's B.E.S.T. Standards: Grade 8,2020410317,Probability of repeated experiments,https://www.ixl.com/math/grade-8/probability-of-repeated-experiments,BDZ
IXL,MA.8.DP.2.3,"Solve real-world problems involving probabilities related to single or repeated experiments, including making predictions based on theoretical probability.",8,Mathematics,Florida's B.E.S.T. Standards: Grade 8,2001000886,Make predictions,https://www.ixl.com/math/grade-8/make-predictions,38C
IXL,MA.912.NSO.1.1,Extend previous understanding of the Laws of Exponents to include rational exponents. Apply the Laws of Exponents to evaluate numerical expressions and generate equivalent numerical expressions involving rational exponents.,912,Mathematics,Florida's B.E.S.T. Standards: Algebra 1,2005000429,Evaluate integers raised to rational exponents,https://www.ixl.com/math/algebra-1/evaluate-integers-raised-to-rational-exponents,PQH
IXL,MA.912.NSO.1.1,Extend previous understanding of the Laws of Exponents to include rational exponents. Apply the Laws of Exponents to evaluate numerical expressions and generate equivalent numerical expressions involving rational exponents.,912,Mathematics,Florida's B.E.S.T. Standards: Algebra 1,2020038839,Multiplication with rational exponents,https://www.ixl.com/math/algebra-1/multiplication-with-rational-exponents,YG7
IXL,MA.912.NSO.1.1,Extend previous understanding of the Laws of Exponents to include rational exponents. Apply the Laws of Exponents to evaluate numerical expressions and generate equivalent numerical expressions involving rational exponents.,912,Mathematics,Florida's B.E.S.T. Standards: Algebra 1,2020038844,Division with rational exponents,https://www.ixl.com/math/algebra-1/division-with-rational-exponents,H47
IXL,MA.912.NSO.1.1,Extend previous understanding of the Laws of Exponents to include rational exponents. Apply the Laws of Exponents to evaluate numerical expressions and generate equivalent numerical expressions involving rational exponents.,912,Mathematics,Florida's B.E.S.T. Standards: Algebra 1,2020038845,Power rule with rational exponents,https://www.ixl.com/math/algebra-1/power-rule-with-rational-exponents,QF8
IXL,MA.912.NSO.1.1,Extend previous understanding of the Laws of Exponents to include rational exponents. Apply the Laws of Exponents to evaluate numerical expressions and generate equivalent numerical expressions involving rational exponents.,912,Mathematics,Florida's B.E.S.T. Standards: Algebra 1,2020038851,Simplify expressions involving rational exponents,https://www.ixl.com/math/algebra-1/simplify-expressions-involving-rational-exponents,89Q
IXL,MA.912.NSO.1.1,Extend previous understanding of the Laws of Exponents to include rational exponents. Apply the Laws of Exponents to evaluate numerical expressions and generate equivalent numerical expressions involving rational exponents.,912,Mathematics,Florida's B.E.S.T. Standards: Algebra 1,2020874317,Convert between rational exponents and radicals,https://www.ixl.com/math/algebra-1/convert-between-rational-exponents-and-radicals,MDZ
IXL,MA.912.NSO.1.2,Generate equivalent algebraic expressions using the properties of exponents.,912,Mathematics,Florida's B.E.S.T. Standards: Algebra 1,2002022342,Simplify exponential expressions using the multiplication rule,https://www.ixl.com/math/algebra-1/simplify-exponential-expressions-using-the-multiplication-rule,52N
IXL,MA.912.NSO.1.2,Generate equivalent algebraic expressions using the properties of exponents.,912,Mathematics,Florida's B.E.S.T. Standards: Algebra 1,2002022343,Simplify exponential expressions using the division rule,https://www.ixl.com/math/algebra-1/simplify-exponential-expressions-using-the-division-rule,B48
IXL,MA.912.NSO.1.2,Generate equivalent algebraic expressions using the properties of exponents.,912,Mathematics,Florida's B.E.S.T. Standards: Algebra 1,2002022344,Simplify exponential expressions using the multiplication and division rules,https://www.ixl.com/math/algebra-1/simplify-exponential-expressions-using-the-multiplication-and-division-rules,48P
IXL,MA.912.NSO.1.2,Generate equivalent algebraic expressions using the properties of exponents.,912,Mathematics,Florida's B.E.S.T. Standards: Algebra 1,2002022345,Simplify exponential expressions using the power rule,https://www.ixl.com/math/algebra-1/simplify-exponential-expressions-using-the-power-rule,7Q8
IXL,MA.912.NSO.1.4,"Apply previous understanding of operations with rational numbers to add, subtract, multiply and divide numerical radicals.",912,Mathematics,Florida's B.E.S.T. Standards: Algebra 1,2020027184,Simplify radical expressions,https://www.ixl.com/math/algebra-1/simplify-radical-expressions,ZFF
IXL,MA.912.NSO.1.4,"Apply previous understanding of operations with rational numbers to add, subtract, multiply and divide numerical radicals.",912,Mathematics,Florida's B.E.S.T. Standards: Algebra 1,2002022379,Add and subtract radical expressions,https://www.ixl.com/math/algebra-1/add-and-subtract-radical-expressions,DLV
IXL,MA.912.NSO.1.4,"Apply previous understanding of operations with rational numbers to add, subtract, multiply and divide numerical radicals.",912,Mathematics,Florida's B.E.S.T. Standards: Algebra 1,2020039807,Simplify radicals with fractions,https://www.ixl.com/math/algebra-1/simplify-radicals-with-fractions,9ND
IXL,MA.912.NSO.1.4,"Apply previous understanding of operations with rational numbers to add, subtract, multiply and divide numerical radicals.",912,Mathematics,Florida's B.E.S.T. Standards: Algebra 1,2020039808,Multiply radicals,https://www.ixl.com/math/algebra-1/multiply-radicals,BKA
IXL,MA.912.AR.1.1,"Identify and interpret parts of an equation or expression that represent a quantity in terms of a mathematical or real-world context, including viewing one or more of its parts as a single entity.",912,Mathematics,Florida's B.E.S.T. Standards: Algebra 1,2020035966,Sort factors of variable expressions,https://www.ixl.com/math/algebra-1/sort-factors-of-variable-expressions,ML9
IXL,MA.912.AR.1.1,"Identify and interpret parts of an equation or expression that represent a quantity in terms of a mathematical or real-world context, including viewing one or more of its parts as a single entity.",912,Mathematics,Florida's B.E.S.T. Standards: Algebra 1,2020398117,Interpret the slope and y-intercept of a linear function,https://www.ixl.com/math/algebra-1/interpret-the-slope-and-y-intercept-of-a-linear-function,RPQ
IXL,MA.912.AR.1.1,"Identify and interpret parts of an equation or expression that represent a quantity in terms of a mathematical or real-world context, including viewing one or more of its parts as a single entity.",912,Mathematics,Florida's B.E.S.T. Standards: Algebra 1,2002022355,Polynomial vocabulary,https://www.ixl.com/math/algebra-1/polynomial-vocabulary,MTT
IXL,MA.912.AR.1.2,Rearrange equations or formulas to isolate a quantity of interest.,912,Mathematics,Florida's B.E.S.T. Standards: Algebra 1,2020016806,Rearrange multi-variable equations,https://www.ixl.com/math/algebra-1/rearrange-multi-variable-equations,WSJ
IXL,MA.912.AR.1.2,Rearrange equations or formulas to isolate a quantity of interest.,912,Mathematics,Florida's B.E.S.T. Standards: Algebra 1,2004010108,Linear equations: solve for y,https://www.ixl.com/math/algebra-1/linear-equations-solve-for-y,T5F
IXL,MA.912.AR.1.4,Divide a polynomial expression by a monomial expression with rational number coefficients.,912,Mathematics,Florida's B.E.S.T. Standards: Algebra 1,2020039809,Divide polynomials by monomials,https://www.ixl.com/math/algebra-1/divide-polynomials-by-monomials-3-or-fewer-dividend-terms-and-monomial-divisor,7ZD
IXL,MA.912.AR.1.7,Rewrite a polynomial expression as a product of polynomials over the real number system.,912,Mathematics,Florida's B.E.S.T. Standards: Algebra 1,2002022357,Factor out a monomial,https://www.ixl.com/math/algebra-1/factor-out-a-monomial,JZL
IXL,MA.912.AR.1.7,Rewrite a polynomial expression as a product of polynomials over the real number system.,912,Mathematics,Florida's B.E.S.T. Standards: Algebra 1,2020000684,Factor quadratics using algebra tiles,https://www.ixl.com/math/algebra-1/factor-quadratics-using-algebra-tiles,Y6U
IXL,MA.912.AR.1.7,Rewrite a polynomial expression as a product of polynomials over the real number system.,912,Mathematics,Florida's B.E.S.T. Standards: Algebra 1,2002022358,Factor quadratics with leading coefficient 1,https://www.ixl.com/math/algebra-1/factor-quadratics-with-leading-coefficient-1,S9P
IXL,MA.912.AR.1.7,Rewrite a polynomial expression as a product of polynomials over the real number system.,912,Mathematics,Florida's B.E.S.T. Standards: Algebra 1,2002022359,Factor quadratics with other leading coefficients,https://www.ixl.com/math/algebra-1/factor-quadratics-with-other-leading-coefficients,7ED
IXL,MA.912.AR.1.7,Rewrite a polynomial expression as a product of polynomials over the real number system.,912,Mathematics,Florida's B.E.S.T. Standards: Algebra 1,2002022360,Factor quadratics: special cases,https://www.ixl.com/math/algebra-1/factor-quadratics-special-cases,56E
IXL,MA.912.AR.1.7,Rewrite a polynomial expression as a product of polynomials over the real number system.,912,Mathematics,Florida's B.E.S.T. Standards: Algebra 1,2002022361,Factor by grouping,https://www.ixl.com/math/algebra-1/factor-by-grouping,HAA
IXL,MA.912.AR.1.7,Rewrite a polynomial expression as a product of polynomials over the real number system.,912,Mathematics,Florida's B.E.S.T. Standards: Algebra 1,2002022362,Factor polynomials,https://www.ixl.com/math/algebra-1/factor-polynomials,TAH
IXL,MA.912.AR.2.1,"Given a real-world context, write and solve one-variable multi-step linear equations.",912,Mathematics,Florida's B.E.S.T. Standards: Algebra 1,2002025624,Solve one-step and two-step linear equations: word problems,https://www.ixl.com/math/algebra-1/solve-one-step-and-two-step-linear-equations-word-problems,UFG
IXL,MA.912.AR.2.1,"Given a real-world context, write and solve one-variable multi-step linear equations.",912,Mathematics,Florida's B.E.S.T. Standards: Algebra 1,2002022205,Consecutive integer problems,https://www.ixl.com/math/algebra-1/consecutive-integer-problems,HDF
IXL,MA.912.AR.2.1,"Given a real-world context, write and solve one-variable multi-step linear equations.",912,Mathematics,Florida's B.E.S.T. Standards: Algebra 1,2020631917,Solve linear equations with variables on both sides: word problems,https://www.ixl.com/math/algebra-1/solve-linear-equations-with-variables-on-both-sides-word-problems,H9G
IXL,MA.912.AR.2.1,"Given a real-world context, write and solve one-variable multi-step linear equations.",912,Mathematics,Florida's B.E.S.T. Standards: Algebra 1,2002025661,Weighted averages: word problems,https://www.ixl.com/math/algebra-1/weighted-averages-word-problems,2TQ
IXL,MA.912.AR.2.3,Write a linear two-variable equation for a line that is parallel or perpendicular to a given line and goes through a given point.,912,Mathematics,Florida's B.E.S.T. Standards: Algebra 1,2002022278,Slopes of parallel and perpendicular lines,https://www.ixl.com/math/algebra-1/slopes-of-parallel-and-perpendicular-lines,ADB
IXL,MA.912.AR.2.3,Write a linear two-variable equation for a line that is parallel or perpendicular to a given line and goes through a given point.,912,Mathematics,Florida's B.E.S.T. Standards: Algebra 1,2002022289,Write an equation for a parallel or perpendicular line,https://www.ixl.com/math/algebra-1/write-an-equation-for-a-parallel-or-perpendicular-line,5SH
IXL,MA.912.AR.2.5,Solve and graph mathematical and real-world problems that are modeled with linear functions. Interpret key features and determine constraints in terms of the context.,912,Mathematics,Florida's B.E.S.T. Standards: Algebra 1,2020398117,Interpret the slope and y-intercept of a linear function,https://www.ixl.com/math/algebra-1/interpret-the-slope-and-y-intercept-of-a-linear-function,RPQ
IXL,MA.912.AR.2.5,Solve and graph mathematical and real-world problems that are modeled with linear functions. Interpret key features and determine constraints in terms of the context.,912,Mathematics,Florida's B.E.S.T. Standards: Algebra 1,2002022265,Write a linear function: word problems,https://www.ixl.com/math/algebra-1/write-a-linear-function-word-problems,HWM
IXL,MA.912.AR.2.5,Solve and graph mathematical and real-world problems that are modeled with linear functions. Interpret key features and determine constraints in terms of the context.,912,Mathematics,Florida's B.E.S.T. Standards: Algebra 1,2020899517,Domain and range of linear functions: graphs,https://www.ixl.com/math/algebra-1/domain-and-range-of-linear-functions-graphs,JC5
IXL,MA.912.AR.2.5,Solve and graph mathematical and real-world problems that are modeled with linear functions. Interpret key features and determine constraints in terms of the context.,912,Mathematics,Florida's B.E.S.T. Standards: Algebra 1,2020647217,Domain and range of linear functions: word problems,https://www.ixl.com/math/algebra-1/domain-and-range-of-linear-functions-word-problems,AW7
IXL,MA.912.AR.2.7,Write two-variable linear inequalities to represent relationships between quantities from a graph or a written description within a mathematical or real-world context.,912,Mathematics,Florida's B.E.S.T. Standards: Algebra 1,2020323717,Write a linear inequality from a graph,https://www.ixl.com/math/algebra-1/write-a-linear-inequality-from-a-graph,N9W
IXL,MA.912.AR.2.7,Write two-variable linear inequalities to represent relationships between quantities from a graph or a written description within a mathematical or real-world context.,912,Mathematics,Florida's B.E.S.T. Standards: Algebra 1,2002025625,Write two-variable inequalities: word problems,https://www.ixl.com/math/algebra-1/write-two-variable-inequalities-word-problems,ZAY
IXL,MA.912.AR.2.8,"Given a mathematical or real-world context, graph the solution set to a two-variable linear inequality.",912,Mathematics,Florida's B.E.S.T. Standards: Algebra 1,2002025668,Graph a two-variable linear inequality,https://www.ixl.com/math/algebra-1/graph-a-two-variable-linear-inequality,HHP
IXL,MA.912.AR.3.4,"Write a quadratic function to represent the relationship between two quantities from a graph, a written description or a table of values within a mathematical or real-world context.",912,Mathematics,Florida's B.E.S.T. Standards: Algebra 1,2020036126,Write a quadratic function in vertex form from its vertex and another point,https://www.ixl.com/math/algebra-1/write-a-quadratic-function-in-vertex-form-from-its-vertex-and-another-point,YGV
IXL,MA.912.AR.3.5,"Given the x-intercepts and another point on the graph of a quadratic function, write the equation for the function.",912,Mathematics,Florida's B.E.S.T. Standards: Algebra 1,2020719917,Write a quadratic function in factored form from its x-intercepts and another point,https://www.ixl.com/math/algebra-1/write-a-quadratic-function-in-factored-form-from-its-x-intercepts-and-another-point,UDD
IXL,MA.912.AR.3.5,"Given the x-intercepts and another point on the graph of a quadratic function, write the equation for the function.",912,Mathematics,Florida's B.E.S.T. Standards: Algebra 1,2021410017,Write a quadratic function in standard form from its x-intercepts and another point,https://www.ixl.com/math/algebra-1/write-a-quadratic-function-in-standard-form-from-its-x-intercepts-and-another-point,LZH
IXL,MA.912.AR.3.6,"Given an expression or equation representing a quadratic function, determine the vertex and zeros and interpret them in terms of a real-world context.",912,Mathematics,Florida's B.E.S.T. Standards: Algebra 1,2020036028,Characteristics of quadratic functions: equations,https://www.ixl.com/math/algebra-1/characteristics-of-quadratic-functions-equations,YJZ
IXL,MA.912.AR.3.8,Solve and graph mathematical and real-world problems that are modeled with quadratic functions. Interpret key features and determine constraints in terms of the context.,912,Mathematics,Florida's B.E.S.T. Standards: Algebra 1,2020474717,Interpret parts of quadratic expressions: word problems,https://www.ixl.com/math/algebra-1/interpret-parts-of-quadratic-expressions-word-problems,VHB
IXL,MA.912.AR.4.1,"Given a mathematical or real-world context, write and solve one-variable absolute value equations.",912,Mathematics,Florida's B.E.S.T. Standards: Algebra 1,2002022249,Solve absolute value equations,https://www.ixl.com/math/algebra-1/solve-absolute-value-equations,9LF
IXL,MA.912.AR.4.1,"Given a mathematical or real-world context, write and solve one-variable absolute value equations.",912,Mathematics,Florida's B.E.S.T. Standards: Algebra 1,2020745417,Write absolute value equations from graphs,https://www.ixl.com/math/algebra-1/write-absolute-value-equations-from-graphs,BXF
IXL,MA.912.AR.4.3,"Given a table, equation or written description of an absolute value function, graph that function and determine its key features.",912,Mathematics,Florida's B.E.S.T. Standards: Algebra 1,2002022290,Complete a function table: absolute value functions,https://www.ixl.com/math/algebra-1/complete-a-function-table-absolute-value-functions,2DH
IXL,MA.912.AR.4.3,"Given a table, equation or written description of an absolute value function, graph that function and determine its key features.",912,Mathematics,Florida's B.E.S.T. Standards: Algebra 1,2002025740,Graph an absolute value function,https://www.ixl.com/math/algebra-1/graph-an-absolute-value-function,TD2
IXL,MA.912.AR.4.3,"Given a table, equation or written description of an absolute value function, graph that function and determine its key features.",912,Mathematics,Florida's B.E.S.T. Standards: Algebra 1,2020019803,Domain and range of absolute value functions: graphs,https://www.ixl.com/math/algebra-1/domain-and-range-of-absolute-value-functions-graphs,NV7
IXL,MA.912.AR.4.3,"Given a table, equation or written description of an absolute value function, graph that function and determine its key features.",912,Mathematics,Florida's B.E.S.T. Standards: Algebra 1,2002022291,Domain and range of absolute value functions: equations,https://www.ixl.com/math/algebra-1/domain-and-range-of-absolute-value-functions-equations,FCY
IXL,MA.912.AR.5.3,"Given a mathematical or real-world context, classify an exponential function as representing growth or decay.",912,Mathematics,Florida's B.E.S.T. Standards: Algebra 1,2021607017,Exponential growth and decay,https://www.ixl.com/math/algebra-1/exponential-growth-and-decay,KZQ
IXL,MA.912.AR.5.4,"Write an exponential function to represent a relationship between two quantities from a graph, a written description or a table of values within a mathematical or real-world context.",912,Mathematics,Florida's B.E.S.T. Standards: Algebra 1,2021355117,Write exponential functions from tables and graphs,https://www.ixl.com/math/algebra-1/write-exponential-functions-from-tables-and-graphs,XEB
IXL,MA.912.AR.5.4,"Write an exponential function to represent a relationship between two quantities from a graph, a written description or a table of values within a mathematical or real-world context.",912,Mathematics,Florida's B.E.S.T. Standards: Algebra 1,2020447717,Write exponential functions: word problems,https://www.ixl.com/math/algebra-1/write-exponential-functions-word-problems,LZW
IXL,MA.912.AR.5.4,"Write an exponential function to represent a relationship between two quantities from a graph, a written description or a table of values within a mathematical or real-world context.",912,Mathematics,Florida's B.E.S.T. Standards: Algebra 1,2002022372,Exponential growth and decay: word problems,https://www.ixl.com/math/algebra-1/exponential-growth-and-decay-word-problems,UKG
IXL,MA.912.AR.5.6,"Given a table, equation or written description of an exponential function, graph that function and determine its key features.",912,Mathematics,Florida's B.E.S.T. Standards: Algebra 1,2020247817,Graph exponential functions,https://www.ixl.com/math/algebra-1/graph-exponential-functions,5QL
IXL,MA.912.AR.5.6,"Given a table, equation or written description of an exponential function, graph that function and determine its key features.",912,Mathematics,Florida's B.E.S.T. Standards: Algebra 1,2020424517,Match exponential functions and graphs I,https://www.ixl.com/math/algebra-1/match-exponential-functions-and-graphs-i,BYF
IXL,MA.912.AR.5.6,"Given a table, equation or written description of an exponential function, graph that function and determine its key features.",912,Mathematics,Florida's B.E.S.T. Standards: Algebra 1,2002022371,Match exponential functions and graphs II,https://www.ixl.com/math/algebra-1/match-exponential-functions-and-graphs-ii,72J
IXL,MA.912.AR.5.6,"Given a table, equation or written description of an exponential function, graph that function and determine its key features.",912,Mathematics,Florida's B.E.S.T. Standards: Algebra 1,2020019802,Domain and range of exponential functions: graphs,https://www.ixl.com/math/algebra-1/domain-and-range-of-exponential-functions-graphs,ANC
IXL,MA.912.AR.5.6,"Given a table, equation or written description of an exponential function, graph that function and determine its key features.",912,Mathematics,Florida's B.E.S.T. Standards: Algebra 1,2020016751,Domain and range of exponential functions: equations,https://www.ixl.com/math/algebra-1/domain-and-range-of-exponential-functions-equations,DZE
IXL,MA.912.AR.9.4,Graph the solution set of a system of two-variable linear inequalities.,912,Mathematics,Florida's B.E.S.T. Standards: Algebra 1,2020000801,Solve systems of linear inequalities by graphing,https://www.ixl.com/math/algebra-1/solve-systems-of-linear-inequalities-by-graphing,SGH
IXL,MA.912.AR.9.6,"Given a real-world context, represent constraints as systems of linear equations or inequalities. Interpret solutions to problems as viable or non-viable options.",912,Mathematics,Florida's B.E.S.T. Standards: Algebra 1,2002025662,Solve a system of equations by graphing: word problems,https://www.ixl.com/math/algebra-1/solve-a-system-of-equations-by-graphing-word-problems,BVB
IXL,MA.912.AR.9.6,"Given a real-world context, represent constraints as systems of linear equations or inequalities. Interpret solutions to problems as viable or non-viable options.",912,Mathematics,Florida's B.E.S.T. Standards: Algebra 1,2002025663,Solve a system of equations using substitution: word problems,https://www.ixl.com/math/algebra-1/solve-a-system-of-equations-using-substitution-word-problems,US9
IXL,MA.912.AR.9.6,"Given a real-world context, represent constraints as systems of linear equations or inequalities. Interpret solutions to problems as viable or non-viable options.",912,Mathematics,Florida's B.E.S.T. Standards: Algebra 1,2002025664,Solve a system of equations using elimination: word problems,https://www.ixl.com/math/algebra-1/solve-a-system-of-equations-using-elimination-word-problems,NHR
IXL,MA.912.AR.9.6,"Given a real-world context, represent constraints as systems of linear equations or inequalities. Interpret solutions to problems as viable or non-viable options.",912,Mathematics,Florida's B.E.S.T. Standards: Algebra 1,2002025666,Solve a system of equations using any method: word problems,https://www.ixl.com/math/algebra-1/solve-a-system-of-equations-using-any-method-word-problems,GDQ
IXL,MA.912.F.1.5,"Compare key features of linear functions each represented algebraically, graphically, in tables or written descriptions.",912,Mathematics,Florida's B.E.S.T. Standards: Algebra 1,2020035861,Compare linear functions: graphs and equations,https://www.ixl.com/math/algebra-1/compare-linear-functions-graphs-and-equations,EA8
IXL,MA.912.F.1.5,"Compare key features of linear functions each represented algebraically, graphically, in tables or written descriptions.",912,Mathematics,Florida's B.E.S.T. Standards: Algebra 1,2020008441,"Compare linear functions: tables, graphs, and equations",https://www.ixl.com/math/algebra-1/compare-linear-functions-tables-graphs-and-equations,GD7
IXL,MA.912.F.1.6,"Compare key features of linear and nonlinear functions each represented algebraically, graphically, in tables or written descriptions.",912,Mathematics,Florida's B.E.S.T. Standards: Algebra 1,2020568617,Identify graphs: word problems,https://www.ixl.com/math/algebra-1/identify-graphs-word-problems,AB9
IXL,MA.912.F.1.6,"Compare key features of linear and nonlinear functions each represented algebraically, graphically, in tables or written descriptions.",912,Mathematics,Florida's B.E.S.T. Standards: Algebra 1,2020113117,"Compare linear, exponential, and quadratic growth",https://www.ixl.com/math/algebra-1/compare-linear-exponential-and-quadratic-growth,39V
IXL,MA.912.F.1.8,"Determine whether a linear, quadratic or exponential function best models a given real-world situation.",912,Mathematics,Florida's B.E.S.T. Standards: Algebra 1,2002022372,Exponential growth and decay: word problems,https://www.ixl.com/math/algebra-1/exponential-growth-and-decay-word-problems,UKG
IXL,MA.912.F.1.8,"Determine whether a linear, quadratic or exponential function best models a given real-world situation.",912,Mathematics,Florida's B.E.S.T. Standards: Algebra 1,2020038931,Identify linear and exponential functions from tables,https://www.ixl.com/math/algebra-1/identify-linear-and-exponential-functions-from-tables,LZF
IXL,MA.912.F.1.8,"Determine whether a linear, quadratic or exponential function best models a given real-world situation.",912,Mathematics,Florida's B.E.S.T. Standards: Algebra 1,2002022374,"Identify linear, quadratic, and exponential functions from tables",https://www.ixl.com/math/algebra-1/identify-linear-quadratic-and-exponential-functions-from-tables,SP5
IXL,MA.912.F.2.1,"Identify the effect on the graph or table of a given function after replacing f(<i>x</i>) by f(<i>x</i>) + <i>k</i>, kf(<i>x</i>), f(<i>kx</i>) and f(<i>x</i> + <i>k</i>) for specific values of <i>k</i>.",912,Mathematics,Florida's B.E.S.T. Standards: Algebra 1,2020016762,Transformations of linear functions,https://www.ixl.com/math/algebra-1/transformations-of-linear-functions,C8G
IXL,MA.912.F.2.1,"Identify the effect on the graph or table of a given function after replacing f(<i>x</i>) by f(<i>x</i>) + <i>k</i>, kf(<i>x</i>), f(<i>kx</i>) and f(<i>x</i> + <i>k</i>) for specific values of <i>k</i>.",912,Mathematics,Florida's B.E.S.T. Standards: Algebra 1,2005003707,Transformations of quadratic functions,https://www.ixl.com/math/algebra-1/transformations-of-quadratic-functions,6YS
IXL,MA.912.F.2.1,"Identify the effect on the graph or table of a given function after replacing f(<i>x</i>) by f(<i>x</i>) + <i>k</i>, kf(<i>x</i>), f(<i>kx</i>) and f(<i>x</i> + <i>k</i>) for specific values of <i>k</i>.",912,Mathematics,Florida's B.E.S.T. Standards: Algebra 1,2005003706,Transformations of absolute value functions: translations and reflections,https://www.ixl.com/math/algebra-1/transformations-of-absolute-value-functions-translations-and-reflections,9TC
IXL,MA.912.FL.3.2,"Solve real-world problems involving simple, compound and continuously compounded interest.",912,Mathematics,Florida's B.E.S.T. Standards: Algebra 1,2020039810,Simple interest,https://www.ixl.com/math/algebra-1/simple-interest,Q8G
IXL,MA.912.FL.3.2,"Solve real-world problems involving simple, compound and continuously compounded interest.",912,Mathematics,Florida's B.E.S.T. Standards: Algebra 1,2020040763,Compound interest: word problems,https://www.ixl.com/math/algebra-1/compound-interest-word-problems,QSF
IXL,MA.912.FL.3.2,"Solve real-world problems involving simple, compound and continuously compounded interest.",912,Mathematics,Florida's B.E.S.T. Standards: Algebra 1,2020039812,Continuously compounded interest,https://www.ixl.com/math/algebra-1/continuously-compounded-interest,QZG
IXL,MA.912.DP.1.1,"Given a set of data, select an appropriate method to represent the data, depending on whether it is numerical or categorical data and on whether it is univariate or bivariate.",912,Mathematics,Florida's B.E.S.T. Standards: Algebra 1,2002022193,"Create bar graphs, line graphs, and histograms",https://www.ixl.com/math/algebra-1/create-bar-graphs-line-graphs-and-histograms,EF6
IXL,MA.912.DP.1.2,"Interpret data distributions represented in various ways. State whether the data is numerical or categorical, whether it is univariate or bivariate and interpret the different components and quantities in the display.",912,Mathematics,Florida's B.E.S.T. Standards: Algebra 1,2002022194,"Interpret bar graphs, line graphs, and histograms",https://www.ixl.com/math/algebra-1/interpret-bar-graphs-line-graphs-and-histograms,B9A
IXL,MA.912.DP.1.2,"Interpret data distributions represented in various ways. State whether the data is numerical or categorical, whether it is univariate or bivariate and interpret the different components and quantities in the display.",912,Mathematics,Florida's B.E.S.T. Standards: Algebra 1,2002022198,Interpret circle graphs,https://www.ixl.com/math/algebra-1/interpret-circle-graphs,UHY
IXL,MA.912.DP.1.2,"Interpret data distributions represented in various ways. State whether the data is numerical or categorical, whether it is univariate or bivariate and interpret the different components and quantities in the display.",912,Mathematics,Florida's B.E.S.T. Standards: Algebra 1,2002022195,Interpret stem-and-leaf plots,https://www.ixl.com/math/algebra-1/interpret-stem-and-leaf-plots,EBJ
IXL,MA.912.DP.1.2,"Interpret data distributions represented in various ways. State whether the data is numerical or categorical, whether it is univariate or bivariate and interpret the different components and quantities in the display.",912,Mathematics,Florida's B.E.S.T. Standards: Algebra 1,2002022196,Box plots,https://www.ixl.com/math/algebra-1/box-plots,YE9
IXL,MA.912.DP.1.2,"Interpret data distributions represented in various ways. State whether the data is numerical or categorical, whether it is univariate or bivariate and interpret the different components and quantities in the display.",912,Mathematics,Florida's B.E.S.T. Standards: Algebra 1,2002022197,Interpret a scatter plot,https://www.ixl.com/math/algebra-1/interpret-a-scatter-plot,8BS
IXL,MA.912.DP.1.3,Explain the difference between correlation and causation in the contexts of both numerical and categorical data.,912,Mathematics,Florida's B.E.S.T. Standards: Algebra 1,2020320617,Correlation and causation,https://www.ixl.com/math/algebra-1/correlation-and-causation,KPG
IXL,MA.912.DP.2.4,Fit a linear function to bivariate numerical data that suggests a linear association and interpret the slope and y-intercept of the model. Use the model to solve real-world problems in terms of the context of the data.,912,Mathematics,Florida's B.E.S.T. Standards: Algebra 1,2002022199,Write equations for lines of best fit,https://www.ixl.com/math/algebra-1/write-equations-for-lines-of-best-fit,Y2S
IXL,MA.912.DP.2.4,Fit a linear function to bivariate numerical data that suggests a linear association and interpret the slope and y-intercept of the model. Use the model to solve real-world problems in terms of the context of the data.,912,Mathematics,Florida's B.E.S.T. Standards: Algebra 1,2020752817,Interpret lines of best fit: word problems,https://www.ixl.com/math/algebra-1/interpret-lines-of-best-fit-word-problems,AF2
IXL,MA.912.DP.2.4,Fit a linear function to bivariate numerical data that suggests a linear association and interpret the slope and y-intercept of the model. Use the model to solve real-world problems in terms of the context of the data.,912,Mathematics,Florida's B.E.S.T. Standards: Algebra 1,2020016840,Find the equation of a regression line,https://www.ixl.com/math/algebra-1/find-the-equation-of-a-regression-line,WJC
IXL,MA.912.DP.2.4,Fit a linear function to bivariate numerical data that suggests a linear association and interpret the slope and y-intercept of the model. Use the model to solve real-world problems in terms of the context of the data.,912,Mathematics,Florida's B.E.S.T. Standards: Algebra 1,2020016836,Interpret regression lines,https://www.ixl.com/math/algebra-1/interpret-regression-lines,SEQ
IXL,MA.912.DP.2.4,Fit a linear function to bivariate numerical data that suggests a linear association and interpret the slope and y-intercept of the model. Use the model to solve real-world problems in terms of the context of the data.,912,Mathematics,Florida's B.E.S.T. Standards: Algebra 1,2020016837,Analyze a regression line of a data set,https://www.ixl.com/math/algebra-1/analyze-a-regression-line-of-a-data-set,8D8
IXL,MA.912.DP.2.6,"Given a scatter plot with a line of fit and residuals, determine the strength and direction of the correlation. Interpret strength and direction within a real-world context.",912,Mathematics,Florida's B.E.S.T. Standards: Algebra 1,2002022197,Interpret a scatter plot,https://www.ixl.com/math/algebra-1/interpret-a-scatter-plot,8BS
IXL,MA.912.DP.3.1,Construct a two-way frequency table summarizing bivariate categorical data. Interpret joint and marginal frequencies and determine possible associations in terms of a real-world context.,912,Mathematics,Florida's B.E.S.T. Standards: Algebra 1,2020038112,Find probabilities using two-way frequency tables,https://www.ixl.com/math/algebra-1/find-probabilities-using-two-way-frequency-tables,93R
IXL,MA.912.GR.1.1,"Prove relationships and theorems about lines and angles. Solve mathematical and real-world problems involving postulates, relationships and theorems of lines and angles.",912,Mathematics,Florida's B.E.S.T. Standards: Geometry,2004009948,Proofs involving angles,https://www.ixl.com/math/geometry/proofs-involving-angles,HV9
IXL,MA.912.GR.1.1,"Prove relationships and theorems about lines and angles. Solve mathematical and real-world problems involving postulates, relationships and theorems of lines and angles.",912,Mathematics,Florida's B.E.S.T. Standards: Geometry,2002026004,Transversals of parallel lines: find angle measures,https://www.ixl.com/math/geometry/transversals-of-parallel-lines-find-angle-measures,WB9
IXL,MA.912.GR.1.1,"Prove relationships and theorems about lines and angles. Solve mathematical and real-world problems involving postulates, relationships and theorems of lines and angles.",912,Mathematics,Florida's B.E.S.T. Standards: Geometry,2020428817,Transversals of parallel lines: solve for x,https://www.ixl.com/math/geometry/transversals-of-parallel-lines-solve-for-x,RSV
IXL,MA.912.GR.1.1,"Prove relationships and theorems about lines and angles. Solve mathematical and real-world problems involving postulates, relationships and theorems of lines and angles.",912,Mathematics,Florida's B.E.S.T. Standards: Geometry,2004009949,Proofs involving parallel lines I,https://www.ixl.com/math/geometry/proofs-involving-parallel-lines,CUV
IXL,MA.912.GR.1.1,"Prove relationships and theorems about lines and angles. Solve mathematical and real-world problems involving postulates, relationships and theorems of lines and angles.",912,Mathematics,Florida's B.E.S.T. Standards: Geometry,2004009968,Proofs involving parallel lines II,https://www.ixl.com/math/geometry/proofs-involving-parallel-lines-ii,5U8
IXL,MA.912.GR.1.4,"Prove relationships and theorems about parallelograms. Solve mathematical and real-world problems involving postulates, relationships and theorems of parallelograms.",912,Mathematics,Florida's B.E.S.T. Standards: Geometry,2002026012,Properties of parallelograms,https://www.ixl.com/math/geometry/properties-of-parallelograms,LLK
IXL,MA.912.GR.1.4,"Prove relationships and theorems about parallelograms. Solve mathematical and real-world problems involving postulates, relationships and theorems of parallelograms.",912,Mathematics,Florida's B.E.S.T. Standards: Geometry,2002026026,Proving a quadrilateral is a parallelogram,https://www.ixl.com/math/geometry/proving-a-quadrilateral-is-a-parallelogram,H89
IXL,MA.912.GR.1.4,"Prove relationships and theorems about parallelograms. Solve mathematical and real-world problems involving postulates, relationships and theorems of parallelograms.",912,Mathematics,Florida's B.E.S.T. Standards: Geometry,2002026014,Properties of squares and rectangles,https://www.ixl.com/math/geometry/properties-of-squares-and-rectangles,R9M
IXL,MA.912.GR.1.4,"Prove relationships and theorems about parallelograms. Solve mathematical and real-world problems involving postulates, relationships and theorems of parallelograms.",912,Mathematics,Florida's B.E.S.T. Standards: Geometry,2004009955,Proofs involving triangles and quadrilaterals,https://www.ixl.com/math/geometry/proofs-involving-triangles-and-quadrilaterals,V7W
IXL,MA.912.GR.1.4,"Prove relationships and theorems about parallelograms. Solve mathematical and real-world problems involving postulates, relationships and theorems of parallelograms.",912,Mathematics,Florida's B.E.S.T. Standards: Geometry,2004009971,Proofs involving quadrilaterals,https://www.ixl.com/math/geometry/mixed-proofs-involving-quadrilaterals,P77
IXL,MA.912.GR.1.5,"Prove relationships and theorems about trapezoids. Solve mathematical and real-world problems involving postulates, relationships and theorems of trapezoids.",912,Mathematics,Florida's B.E.S.T. Standards: Geometry,2004009955,Proofs involving triangles and quadrilaterals,https://www.ixl.com/math/geometry/proofs-involving-triangles-and-quadrilaterals,V7W
IXL,MA.912.GR.1.5,"Prove relationships and theorems about trapezoids. Solve mathematical and real-world problems involving postulates, relationships and theorems of trapezoids.",912,Mathematics,Florida's B.E.S.T. Standards: Geometry,2004009971,Proofs involving quadrilaterals,https://www.ixl.com/math/geometry/mixed-proofs-involving-quadrilaterals,P77
IXL,MA.912.GR.1.5,"Prove relationships and theorems about trapezoids. Solve mathematical and real-world problems involving postulates, relationships and theorems of trapezoids.",912,Mathematics,Florida's B.E.S.T. Standards: Geometry,2021278717,Properties of trapezoids,https://www.ixl.com/math/geometry/properties-of-trapezoids-at-least-one-pair-of-parallel-sides,5AL
IXL,MA.912.GR.2.3,Identify a sequence of transformations that will map a given figure onto itself or onto another congruent or similar figure.,912,Mathematics,Florida's B.E.S.T. Standards: Geometry,2020869017,Sequences of congruence transformations: choose the sequence,https://www.ixl.com/math/geometry/sequences-of-congruence-transformations-choose-the-sequence,8D2
IXL,MA.912.GR.2.3,Identify a sequence of transformations that will map a given figure onto itself or onto another congruent or similar figure.,912,Mathematics,Florida's B.E.S.T. Standards: Geometry,2020076217,Sequences of congruence transformations: find the rules,https://www.ixl.com/math/geometry/sequences-of-congruence-transformations-find-the-rules,GFH
IXL,MA.912.GR.2.3,Identify a sequence of transformations that will map a given figure onto itself or onto another congruent or similar figure.,912,Mathematics,Florida's B.E.S.T. Standards: Geometry,2002026035,Transformations that carry a polygon onto itself,https://www.ixl.com/math/geometry/transformations-that-carry-a-polygon-onto-itself,RJW
IXL,MA.912.GR.2.6,Apply rigid transformations to map one figure onto another to justify that the two figures are congruent.,912,Mathematics,Florida's B.E.S.T. Standards: Geometry,2020900117,Determine if two figures are congruent: justify your answer,https://www.ixl.com/math/geometry/determine-if-two-figures-are-congruent-justify-your-answer,DQB
IXL,MA.912.GR.2.6,Apply rigid transformations to map one figure onto another to justify that the two figures are congruent.,912,Mathematics,Florida's B.E.S.T. Standards: Geometry,2020906917,Prove triangles are congruent using rigid motions,https://www.ixl.com/math/geometry/prove-triangles-are-congruent-using-rigid-motions,XAQ
IXL,MA.912.GR.2.8,Apply an appropriate transformation to map one figure onto another to justify that the two figures are similar.,912,Mathematics,Florida's B.E.S.T. Standards: Geometry,2002026018,Similar triangles and similarity transformations,https://www.ixl.com/math/geometry/similar-triangles-and-similarity-transformations,G2Z
IXL,MA.912.GR.2.8,Apply an appropriate transformation to map one figure onto another to justify that the two figures are similar.,912,Mathematics,Florida's B.E.S.T. Standards: Geometry,2021188417,Determine if two figures are similar: justify your answer,https://www.ixl.com/math/geometry/determine-if-two-figures-are-similar-justify-your-answer,PBY
IXL,MA.912.GR.3.1,Determine the weighted average of two or more points on a line.,912,Mathematics,Florida's B.E.S.T. Standards: Geometry,2021417917,Weighted averages,https://www.ixl.com/math/geometry/weighted-averages,Z57
IXL,MA.912.GR.3.2,"Given a mathematical or real-world context, use coordinate geometry to classify or justify definitions, properties and theorems involving circles, triangles or quadrilaterals.",912,Mathematics,Florida's B.E.S.T. Standards: Geometry,2020000191,SSS Theorem in the coordinate plane,https://www.ixl.com/math/geometry/sss-theorem-in-the-coordinate-plane,C5G
IXL,MA.912.GR.3.2,"Given a mathematical or real-world context, use coordinate geometry to classify or justify definitions, properties and theorems involving circles, triangles or quadrilaterals.",912,Mathematics,Florida's B.E.S.T. Standards: Geometry,2020295117,Classify shapes on the coordinate plane: justify your answer,https://www.ixl.com/math/geometry/classify-shapes-on-the-coordinate-plane-justify-your-answer,8MQ
IXL,MA.912.GR.3.4,Use coordinate geometry to solve mathematical and real-world problems on the coordinate plane involving perimeter or area of polygons.,912,Mathematics,Florida's B.E.S.T. Standards: Geometry,2002025983,Area and perimeter in the coordinate plane I,https://www.ixl.com/math/geometry/area-and-perimeter-in-the-coordinate-plane,QWZ
IXL,MA.912.GR.3.4,Use coordinate geometry to solve mathematical and real-world problems on the coordinate plane involving perimeter or area of polygons.,912,Mathematics,Florida's B.E.S.T. Standards: Geometry,2002025984,Area and perimeter in the coordinate plane II,https://www.ixl.com/math/geometry/area-and-perimeter-in-the-coordinate-plane-ii,MHQ
IXL,MA.912.GR.4.1,Identify the shapes of two-dimensional cross-sections of three-dimensional figures.,912,Mathematics,Florida's B.E.S.T. Standards: Geometry,2004000453,Cross sections of three-dimensional figures,https://www.ixl.com/math/geometry/cross-sections-of-three-dimensional-figures,7Z4
IXL,MA.912.GR.4.2,Identify three-dimensional objects generated by rotations of two-dimensional figures.,912,Mathematics,Florida's B.E.S.T. Standards: Geometry,2004000454,Solids of revolution,https://www.ixl.com/math/geometry/solids-of-revolution,LKT
IXL,MA.912.GR.4.3,Extend previous understanding of scale drawings and scale factors to determine how dilations affect the area of two-dimensional figures and the surface area or volume of three-dimensional figures.,912,Mathematics,Florida's B.E.S.T. Standards: Geometry,2020035956,Perimeter and area: changes in scale,https://www.ixl.com/math/geometry/perimeter-and-area-changes-in-scale,ETV
IXL,MA.912.GR.4.3,Extend previous understanding of scale drawings and scale factors to determine how dilations affect the area of two-dimensional figures and the surface area or volume of three-dimensional figures.,912,Mathematics,Florida's B.E.S.T. Standards: Geometry,2020035957,Surface area and volume: changes in scale,https://www.ixl.com/math/geometry/surface-area-and-volume-changes-in-scale,T9H
IXL,MA.912.GR.4.3,Extend previous understanding of scale drawings and scale factors to determine how dilations affect the area of two-dimensional figures and the surface area or volume of three-dimensional figures.,912,Mathematics,Florida's B.E.S.T. Standards: Geometry,2020035958,"Perimeter, area, and volume: changes in scale",https://www.ixl.com/math/geometry/perimeter-area-and-volume-changes-in-scale,7JU
IXL,MA.912.GR.5.1,Construct a copy of a segment or an angle.,912,Mathematics,Florida's B.E.S.T. Standards: Geometry,2020288017,Construct a congruent segment,https://www.ixl.com/math/geometry/construct-a-congruent-segment,LRJ
IXL,MA.912.GR.5.1,Construct a copy of a segment or an angle.,912,Mathematics,Florida's B.E.S.T. Standards: Geometry,2007000391,Construct a congruent angle,https://www.ixl.com/math/geometry/construct-a-congruent-angle,F7V
IXL,MA.912.GR.5.2,"Construct the bisector of a segment or an angle, including the perpendicular bisector of a line segment.",912,Mathematics,Florida's B.E.S.T. Standards: Geometry,2007000455,Construct the midpoint or perpendicular bisector of a segment,https://www.ixl.com/math/geometry/construct-the-midpoint-or-perpendicular-bisector-of-a-segment,HDT
IXL,MA.912.GR.5.2,"Construct the bisector of a segment or an angle, including the perpendicular bisector of a line segment.",912,Mathematics,Florida's B.E.S.T. Standards: Geometry,2007000457,Construct an angle bisector,https://www.ixl.com/math/geometry/construct-an-angle-bisector,FHL
IXL,MA.912.GR.5.3,Construct the inscribed and circumscribed circles of a triangle.,912,Mathematics,Florida's B.E.S.T. Standards: Geometry,2007000462,Construct the circumcenter or incenter of a triangle,https://www.ixl.com/math/geometry/construct-the-circumcenter-or-incenter-of-a-triangle,EC6
IXL,MA.912.GR.5.3,Construct the inscribed and circumscribed circles of a triangle.,912,Mathematics,Florida's B.E.S.T. Standards: Geometry,2007000470,Construct the inscribed or circumscribed circle of a triangle,https://www.ixl.com/math/geometry/construct-the-inscribed-or-circumscribed-circle-of-a-triangle,8VS
IXL,MA.912.GR.6.1,"Solve mathematical and real-world problems involving the length of a secant, tangent, segment or chord in a given circle.",912,Mathematics,Florida's B.E.S.T. Standards: Geometry,2002028321,Arcs and chords,https://www.ixl.com/math/geometry/arcs-and-chords,P63
IXL,MA.912.GR.6.1,"Solve mathematical and real-world problems involving the length of a secant, tangent, segment or chord in a given circle.",912,Mathematics,Florida's B.E.S.T. Standards: Geometry,2002026056,Tangent lines,https://www.ixl.com/math/geometry/tangent-lines,CFV
IXL,MA.912.GR.6.1,"Solve mathematical and real-world problems involving the length of a secant, tangent, segment or chord in a given circle.",912,Mathematics,Florida's B.E.S.T. Standards: Geometry,2020313017,"Segments formed by chords, secants, and tangents",https://www.ixl.com/math/geometry/segments-formed-by-chords-secants-and-tangents,HPE
IXL,MA.912.GR.6.2,Solve mathematical and real-world problems involving the measures of arcs and related angles.,912,Mathematics,Florida's B.E.S.T. Standards: Geometry,2002026039,Central angles and arc measures,https://www.ixl.com/math/geometry/central-angles-and-arc-measures,VZX
IXL,MA.912.GR.6.2,Solve mathematical and real-world problems involving the measures of arcs and related angles.,912,Mathematics,Florida's B.E.S.T. Standards: Geometry,2002028321,Arcs and chords,https://www.ixl.com/math/geometry/arcs-and-chords,P63
IXL,MA.912.GR.6.2,Solve mathematical and real-world problems involving the measures of arcs and related angles.,912,Mathematics,Florida's B.E.S.T. Standards: Geometry,2002026057,Inscribed angles,https://www.ixl.com/math/geometry/inscribed-angles,98U
IXL,MA.912.GR.6.2,Solve mathematical and real-world problems involving the measures of arcs and related angles.,912,Mathematics,Florida's B.E.S.T. Standards: Geometry,2020319217,"Angles formed by chords, secants, and tangents",https://www.ixl.com/math/geometry/angles-formed-by-chords-secants-and-tangents,ZN9
IXL,MA.912.GR.6.3,Solve mathematical problems involving triangles and quadrilaterals inscribed in a circle.,912,Mathematics,Florida's B.E.S.T. Standards: Geometry,2002026058,Angles in inscribed right triangles,https://www.ixl.com/math/geometry/angles-in-inscribed-right-triangles,6DL
IXL,MA.912.GR.6.3,Solve mathematical problems involving triangles and quadrilaterals inscribed in a circle.,912,Mathematics,Florida's B.E.S.T. Standards: Geometry,2002026062,Angles in inscribed quadrilaterals I,https://www.ixl.com/math/geometry/angles-in-inscribed-quadrilaterals,24Y
IXL,MA.912.GR.6.3,Solve mathematical problems involving triangles and quadrilaterals inscribed in a circle.,912,Mathematics,Florida's B.E.S.T. Standards: Geometry,2020020010,Angles in inscribed quadrilaterals II,https://www.ixl.com/math/geometry/angles-in-inscribed-quadrilaterals-ii,2Y5
IXL,MA.912.GR.6.4,Solve mathematical and real-world problems involving the arc length and area of a sector in a given circle.,912,Mathematics,Florida's B.E.S.T. Standards: Geometry,2020380917,Understand arc length and sector area of a circle,https://www.ixl.com/math/geometry/understand-arc-length-and-sector-area-of-a-circle,UGV
IXL,MA.912.GR.6.4,Solve mathematical and real-world problems involving the arc length and area of a sector in a given circle.,912,Mathematics,Florida's B.E.S.T. Standards: Geometry,2002026054,Arc length,https://www.ixl.com/math/geometry/arc-length,7L9
IXL,MA.912.GR.6.4,Solve mathematical and real-world problems involving the arc length and area of a sector in a given circle.,912,Mathematics,Florida's B.E.S.T. Standards: Geometry,2002026055,Area of sectors,https://www.ixl.com/math/geometry/area-of-sectors,XZQ
IXL,MA.912.GR.7.2,"Given a mathematical or real-world context, derive and create the equation of a circle using key features.",912,Mathematics,Florida's B.E.S.T. Standards: Geometry,2020752317,Derive equations of circles using the Pythagorean theorem,https://www.ixl.com/math/geometry/derive-equations-of-circles-using-the-pythagorean-theorem,N5A
IXL,MA.912.GR.7.2,"Given a mathematical or real-world context, derive and create the equation of a circle using key features.",912,Mathematics,Florida's B.E.S.T. Standards: Geometry,2005000450,Write equations of circles in standard form from graphs,https://www.ixl.com/math/geometry/write-equations-of-circles-in-standard-form-from-graphs,8HJ
IXL,MA.912.GR.7.2,"Given a mathematical or real-world context, derive and create the equation of a circle using key features.",912,Mathematics,Florida's B.E.S.T. Standards: Geometry,2005000451,Write equations of circles in standard form using properties,https://www.ixl.com/math/geometry/write-equations-of-circles-in-standard-form-using-properties,EXA
IXL,MA.912.GR.7.2,"Given a mathematical or real-world context, derive and create the equation of a circle using key features.",912,Mathematics,Florida's B.E.S.T. Standards: Geometry,2020033292,Convert equations of circles from general to standard form,https://www.ixl.com/math/geometry/convert-equations-of-circles-from-general-to-standard-form,YM5
IXL,MA.912.GR.7.3,Graph and solve mathematical and real-world problems that are modeled with an equation of a circle. Determine and interpret key features in terms of the context.,912,Mathematics,Florida's B.E.S.T. Standards: Geometry,2020033293,Find properties of circles from equations in general form,https://www.ixl.com/math/geometry/find-properties-of-circles-from-equations-in-general-form,EAJ
IXL,MA.912.GR.7.3,Graph and solve mathematical and real-world problems that are modeled with an equation of a circle. Determine and interpret key features in terms of the context.,912,Mathematics,Florida's B.E.S.T. Standards: Geometry,2005000452,Graph circles from equations in standard form,https://www.ixl.com/math/geometry/graph-circles-from-equations-in-standard-form,GVH
IXL,MA.912.GR.7.3,Graph and solve mathematical and real-world problems that are modeled with an equation of a circle. Determine and interpret key features in terms of the context.,912,Mathematics,Florida's B.E.S.T. Standards: Geometry,2020033294,Graph circles from equations in general form,https://www.ixl.com/math/geometry/graph-circles-from-equations-in-general-form,2AU
IXL,MA.912.T.1.1,Define trigonometric ratios for acute angles in right triangles.,912,Mathematics,Florida's B.E.S.T. Standards: Geometry,2020040915,"Trigonometric ratios: sin, cos, and tan",https://www.ixl.com/math/geometry/trigonometric-ratio-sin-cos-and-tan,VLY
IXL,MA.912.T.1.1,Define trigonometric ratios for acute angles in right triangles.,912,Mathematics,Florida's B.E.S.T. Standards: Geometry,2004009972,"Trigonometric ratios with radicals: sin, cos, and tan",https://www.ixl.com/math/geometry/trigonometric-ratios-with-radicals-sin-cos-and-tan,D5Z
IXL,MA.912.T.1.1,Define trigonometric ratios for acute angles in right triangles.,912,Mathematics,Florida's B.E.S.T. Standards: Geometry,2004009973,"Trigonometric ratios: csc, sec, and cot",https://www.ixl.com/math/geometry/trigonometric-ratios-csc-sec-and-cot,L8J
IXL,MA.912.T.1.1,Define trigonometric ratios for acute angles in right triangles.,912,Mathematics,Florida's B.E.S.T. Standards: Geometry,2005000447,Trigonometric ratios in similar right triangles,https://www.ixl.com/math/geometry/trigonometric-ratios-in-similar-right-triangles,7X7
IXL,MA.912.LT.4.3,"Identify and accurately interpret ""if&hellip;then,"" ""if and only if,"" ""all"" and ""not"" statements. Find the converse, inverse and contrapositive of a statement.",912,Mathematics,Florida's B.E.S.T. Standards: Geometry,2002025957,Identify hypotheses and conclusions,https://www.ixl.com/math/geometry/identify-hypotheses-and-conclusions,7FW
IXL,MA.912.LT.4.3,"Identify and accurately interpret ""if&hellip;then,"" ""if and only if,"" ""all"" and ""not"" statements. Find the converse, inverse and contrapositive of a statement.",912,Mathematics,Florida's B.E.S.T. Standards: Geometry,2002025994,"Converses, inverses, and contrapositives",https://www.ixl.com/math/geometry/converses-inverses-and-contrapositives,N5P
IXL,MA.912.LT.4.10,Judge the validity of arguments and give counterexamples to disprove statements.,912,Mathematics,Florida's B.E.S.T. Standards: Geometry,2002025958,Counterexamples,https://www.ixl.com/math/geometry/counterexamples,2GJ
IXL,MA.912.NSO.1.5,"Add, subtract, multiply and divide algebraic expressions involving radicals.",912,Mathematics,Florida's B.E.S.T. Standards: Algebra 2,2005000298,Multiply radical expressions,https://www.ixl.com/math/algebra-2/multiply-radical-expressions,PUM
IXL,MA.912.NSO.1.5,"Add, subtract, multiply and divide algebraic expressions involving radicals.",912,Mathematics,Florida's B.E.S.T. Standards: Algebra 2,2005000299,Simplify radical expressions involving fractions,https://www.ixl.com/math/algebra-2/simplify-radical-expressions-involving-fractions,CCU
IXL,MA.912.NSO.1.5,"Add, subtract, multiply and divide algebraic expressions involving radicals.",912,Mathematics,Florida's B.E.S.T. Standards: Algebra 2,2005000300,Add and subtract radical expressions,https://www.ixl.com/math/algebra-2/add-and-subtract-radical-expressions,L46
IXL,MA.912.NSO.1.7,"Given an algebraic logarithmic expression, generate an equivalent algebraic expression using the properties of logarithms or exponents.",912,Mathematics,Florida's B.E.S.T. Standards: Algebra 2,2005000112,Identify properties of logarithms,https://www.ixl.com/math/algebra-2/identify-properties-of-logarithms,N59
IXL,MA.912.NSO.1.7,"Given an algebraic logarithmic expression, generate an equivalent algebraic expression using the properties of logarithms or exponents.",912,Mathematics,Florida's B.E.S.T. Standards: Algebra 2,2005000370,Product property of logarithms,https://www.ixl.com/math/algebra-2/product-property-of-logarithms,CW9
IXL,MA.912.NSO.1.7,"Given an algebraic logarithmic expression, generate an equivalent algebraic expression using the properties of logarithms or exponents.",912,Mathematics,Florida's B.E.S.T. Standards: Algebra 2,2005000356,Quotient property of logarithms,https://www.ixl.com/math/algebra-2/quotient-property-of-logarithms,ZNT
IXL,MA.912.NSO.1.7,"Given an algebraic logarithmic expression, generate an equivalent algebraic expression using the properties of logarithms or exponents.",912,Mathematics,Florida's B.E.S.T. Standards: Algebra 2,2005000371,Power property of logarithms,https://www.ixl.com/math/algebra-2/power-property-of-logarithms,7T3
IXL,MA.912.NSO.1.7,"Given an algebraic logarithmic expression, generate an equivalent algebraic expression using the properties of logarithms or exponents.",912,Mathematics,Florida's B.E.S.T. Standards: Algebra 2,2005000358,Properties of logarithms: mixed review,https://www.ixl.com/math/algebra-2/properties-of-logarithms-mixed-review,5LL
IXL,MA.912.AR.1.1,"Identify and interpret parts of an equation or expression that represent a quantity in terms of a mathematical or real-world context, including viewing one or more of its parts as a single entity.",912,Mathematics,Florida's B.E.S.T. Standards: Algebra 2,2005000134,Polynomial vocabulary,https://www.ixl.com/math/algebra-2/polynomial-vocabulary,DYB
IXL,MA.912.AR.1.1,"Identify and interpret parts of an equation or expression that represent a quantity in terms of a mathematical or real-world context, including viewing one or more of its parts as a single entity.",912,Mathematics,Florida's B.E.S.T. Standards: Algebra 2,2020035967,Sort factors of single-variable expressions,https://www.ixl.com/math/algebra-2/sort-factors-of-single-variable-expressions,K6Q
IXL,MA.912.AR.1.1,"Identify and interpret parts of an equation or expression that represent a quantity in terms of a mathematical or real-world context, including viewing one or more of its parts as a single entity.",912,Mathematics,Florida's B.E.S.T. Standards: Algebra 2,2020035968,Sort factors of multi-variable expressions,https://www.ixl.com/math/algebra-2/sort-factors-of-multi-variable-expressions,75X
IXL,MA.912.AR.1.3,"Add, subtract and multiply polynomial expressions with rational number coefficients.",912,Mathematics,Florida's B.E.S.T. Standards: Algebra 2,2005000135,Add and subtract polynomials,https://www.ixl.com/math/algebra-2/add-and-subtract-polynomials,9A3
IXL,MA.912.AR.1.3,"Add, subtract and multiply polynomial expressions with rational number coefficients.",912,Mathematics,Florida's B.E.S.T. Standards: Algebra 2,2005000136,Multiply polynomials,https://www.ixl.com/math/algebra-2/multiply-polynomials,8GN
IXL,MA.912.AR.1.5,"Divide polynomial expressions using long division, synthetic division or algebraic manipulation.",912,Mathematics,Florida's B.E.S.T. Standards: Algebra 2,2005000137,Divide polynomials using long division,https://www.ixl.com/math/algebra-2/divide-polynomials-using-long-division,YN5
IXL,MA.912.AR.1.5,"Divide polynomial expressions using long division, synthetic division or algebraic manipulation.",912,Mathematics,Florida's B.E.S.T. Standards: Algebra 2,2005000138,Divide polynomials using synthetic division,https://www.ixl.com/math/algebra-2/divide-polynomials-using-synthetic-division,D6D
IXL,MA.912.AR.1.6,"Solve mathematical and real-world problems involving addition, subtraction, multiplication or division of polynomials.",912,Mathematics,Florida's B.E.S.T. Standards: Algebra 2,2020381117,Add polynomials to find perimeter,https://www.ixl.com/math/algebra-2/add-polynomials-to-find-perimeter,XVQ
IXL,MA.912.AR.1.6,"Solve mathematical and real-world problems involving addition, subtraction, multiplication or division of polynomials.",912,Mathematics,Florida's B.E.S.T. Standards: Algebra 2,2020381217,Multiply polynomials to find area,https://www.ixl.com/math/algebra-2/multiply-polynomials-to-find-area,DMJ
IXL,MA.912.AR.1.6,"Solve mathematical and real-world problems involving addition, subtraction, multiplication or division of polynomials.",912,Mathematics,Florida's B.E.S.T. Standards: Algebra 2,2020381017,"Add, subtract, multiply, and divide polynomials",https://www.ixl.com/math/algebra-2/add-subtract-multiply-and-divide-polynomials,5WQ
IXL,MA.912.AR.1.9,"Apply previous understanding of rational number operations to add, subtract, multiply and divide rational algebraic expressions.",912,Mathematics,Florida's B.E.S.T. Standards: Algebra 2,2005000263,Simplify rational expressions,https://www.ixl.com/math/algebra-2/simplify-rational-expressions,37N
IXL,MA.912.AR.1.9,"Apply previous understanding of rational number operations to add, subtract, multiply and divide rational algebraic expressions.",912,Mathematics,Florida's B.E.S.T. Standards: Algebra 2,2005000284,Multiply and divide rational expressions,https://www.ixl.com/math/algebra-2/multiply-and-divide-rational-expressions,MG2
IXL,MA.912.AR.1.9,"Apply previous understanding of rational number operations to add, subtract, multiply and divide rational algebraic expressions.",912,Mathematics,Florida's B.E.S.T. Standards: Algebra 2,2005000286,Add and subtract rational expressions,https://www.ixl.com/math/algebra-2/add-and-subtract-rational-expressions,FEX
IXL,MA.912.AR.1.9,"Apply previous understanding of rational number operations to add, subtract, multiply and divide rational algebraic expressions.",912,Mathematics,Florida's B.E.S.T. Standards: Algebra 2,2020347217,Simplify complex fractions,https://www.ixl.com/math/algebra-2/simplify-complex-fractions,YD8
IXL,MA.912.AR.3.3,"Given a mathematical or real-world context, write and solve one-variable quadratic inequalities over the real number system. Represent solutions algebraically or graphically.",912,Mathematics,Florida's B.E.S.T. Standards: Algebra 2,2020000370,Graph solutions to quadratic inequalities,https://www.ixl.com/math/algebra-2/graph-solutions-to-quadratic-inequalities,DP9
IXL,MA.912.AR.3.3,"Given a mathematical or real-world context, write and solve one-variable quadratic inequalities over the real number system. Represent solutions algebraically or graphically.",912,Mathematics,Florida's B.E.S.T. Standards: Algebra 2,2020000371,Solve quadratic inequalities,https://www.ixl.com/math/algebra-2/solve-quadratic-inequalities,56V
IXL,MA.912.AR.3.4,"Write a quadratic function to represent the relationship between two quantities from a graph, a written description or a table of values within a mathematical or real-world context.",912,Mathematics,Florida's B.E.S.T. Standards: Algebra 2,2005000357,Write a quadratic function from its zeros,https://www.ixl.com/math/algebra-2/write-a-quadratic-function-from-its-zeros,G2Q
IXL,MA.912.AR.3.4,"Write a quadratic function to represent the relationship between two quantities from a graph, a written description or a table of values within a mathematical or real-world context.",912,Mathematics,Florida's B.E.S.T. Standards: Algebra 2,2020036132,Write a quadratic function in vertex form from its vertex and another point,https://www.ixl.com/math/algebra-2/write-a-quadratic-function-in-vertex-form-from-its-vertex-and-another-point,URV
IXL,MA.912.AR.3.4,"Write a quadratic function to represent the relationship between two quantities from a graph, a written description or a table of values within a mathematical or real-world context.",912,Mathematics,Florida's B.E.S.T. Standards: Algebra 2,2020720117,Write a quadratic function in factored form from its x-intercepts and another point,https://www.ixl.com/math/algebra-2/write-a-quadratic-function-in-factored-form-from-its-x-intercepts-and-another-point,HPB
IXL,MA.912.AR.3.4,"Write a quadratic function to represent the relationship between two quantities from a graph, a written description or a table of values within a mathematical or real-world context.",912,Mathematics,Florida's B.E.S.T. Standards: Algebra 2,2021410117,Write a quadratic function in standard form from its x-intercepts and another point,https://www.ixl.com/math/algebra-2/write-a-quadratic-function-in-standard-form-from-its-x-intercepts-and-another-point,GGS
IXL,MA.912.AR.3.4,"Write a quadratic function to represent the relationship between two quantities from a graph, a written description or a table of values within a mathematical or real-world context.",912,Mathematics,Florida's B.E.S.T. Standards: Algebra 2,2020747617,Write a quadratic function from three points,https://www.ixl.com/math/algebra-2/write-a-quadratic-function-from-three-points,ED9
IXL,MA.912.AR.3.4,"Write a quadratic function to represent the relationship between two quantities from a graph, a written description or a table of values within a mathematical or real-world context.",912,Mathematics,Florida's B.E.S.T. Standards: Algebra 2,2005000343,Write equations of parabolas in vertex form from graphs,https://www.ixl.com/math/algebra-2/write-equations-of-parabolas-in-vertex-form-from-graphs,C6U
IXL,MA.912.AR.3.8,Solve and graph mathematical and real-world problems that are modeled with quadratic functions. Interpret key features and determine constraints in terms of the context.,912,Mathematics,Florida's B.E.S.T. Standards: Algebra 2,2005000372,Characteristics of quadratic functions: graphs,https://www.ixl.com/math/algebra-2/characteristics-of-quadratic-functions-graphs,WMS
IXL,MA.912.AR.3.8,Solve and graph mathematical and real-world problems that are modeled with quadratic functions. Interpret key features and determine constraints in terms of the context.,912,Mathematics,Florida's B.E.S.T. Standards: Algebra 2,2020036029,Characteristics of quadratic functions: equations,https://www.ixl.com/math/algebra-2/characteristics-of-quadratic-functions-equations,L8C
IXL,MA.912.AR.3.8,Solve and graph mathematical and real-world problems that are modeled with quadratic functions. Interpret key features and determine constraints in terms of the context.,912,Mathematics,Florida's B.E.S.T. Standards: Algebra 2,2005000361,Graph a quadratic function,https://www.ixl.com/math/algebra-2/graph-a-quadratic-function,S9G
IXL,MA.912.AR.3.8,Solve and graph mathematical and real-world problems that are modeled with quadratic functions. Interpret key features and determine constraints in terms of the context.,912,Mathematics,Florida's B.E.S.T. Standards: Algebra 2,2020479717,Domain and range of quadratic functions: graphs,https://www.ixl.com/math/algebra-2/domain-and-range-of-quadratic-functions-graphs,UQJ
IXL,MA.912.AR.3.8,Solve and graph mathematical and real-world problems that are modeled with quadratic functions. Interpret key features and determine constraints in terms of the context.,912,Mathematics,Florida's B.E.S.T. Standards: Algebra 2,2020319017,Domain and range of quadratic functions: equations,https://www.ixl.com/math/algebra-2/domain-and-range-of-quadratic-functions-equations,AJ7
IXL,MA.912.AR.3.8,Solve and graph mathematical and real-world problems that are modeled with quadratic functions. Interpret key features and determine constraints in terms of the context.,912,Mathematics,Florida's B.E.S.T. Standards: Algebra 2,2020474817,Interpret parts of quadratic expressions: word problems,https://www.ixl.com/math/algebra-2/interpret-parts-of-quadratic-expressions-word-problems,9P2
IXL,MA.912.AR.4.2,"Given a mathematical or real-world context, write and solve one-variable absolute value inequalities. Represent solutions algebraically or graphically.",912,Mathematics,Florida's B.E.S.T. Standards: Algebra 2,2005000209,Solve absolute value inequalities,https://www.ixl.com/math/algebra-2/solve-absolute-value-inequalities,UKU
IXL,MA.912.AR.4.2,"Given a mathematical or real-world context, write and solve one-variable absolute value inequalities. Represent solutions algebraically or graphically.",912,Mathematics,Florida's B.E.S.T. Standards: Algebra 2,2005000206,Graph solutions to absolute value inequalities,https://www.ixl.com/math/algebra-2/graph-solutions-to-absolute-value-inequalities,G85
IXL,MA.912.AR.4.4,Solve and graph mathematical and real-world problems that are modeled with absolute value functions. Interpret key features and determine constraints in terms of the context.,912,Mathematics,Florida's B.E.S.T. Standards: Algebra 2,2020036128,Domain and range of absolute value functions: graphs,https://www.ixl.com/math/algebra-2/domain-and-range-of-absolute-value-functions-graphs,Y8C
IXL,MA.912.AR.4.4,Solve and graph mathematical and real-world problems that are modeled with absolute value functions. Interpret key features and determine constraints in terms of the context.,912,Mathematics,Florida's B.E.S.T. Standards: Algebra 2,2020036129,Domain and range of absolute value functions: equations,https://www.ixl.com/math/algebra-2/domain-and-range-of-absolute-value-functions-equations,FXV
IXL,MA.912.AR.4.4,Solve and graph mathematical and real-world problems that are modeled with absolute value functions. Interpret key features and determine constraints in terms of the context.,912,Mathematics,Florida's B.E.S.T. Standards: Algebra 2,2020036127,Graph an absolute value function,https://www.ixl.com/math/algebra-2/graph-an-absolute-value-function,23W
IXL,MA.912.AR.5.4,"Write an exponential function to represent a relationship between two quantities from a graph, a written description or a table of values within a mathematical or real-world context.",912,Mathematics,Florida's B.E.S.T. Standards: Algebra 2,2020455217,Write exponential functions: word problems,https://www.ixl.com/math/algebra-2/write-exponential-functions-word-problems,DBW
IXL,MA.912.AR.5.4,"Write an exponential function to represent a relationship between two quantities from a graph, a written description or a table of values within a mathematical or real-world context.",912,Mathematics,Florida's B.E.S.T. Standards: Algebra 2,2005000260,Exponential growth and decay: word problems,https://www.ixl.com/math/algebra-2/exponential-growth-and-decay-word-problems,TYQ
IXL,MA.912.AR.5.4,"Write an exponential function to represent a relationship between two quantities from a graph, a written description or a table of values within a mathematical or real-world context.",912,Mathematics,Florida's B.E.S.T. Standards: Algebra 2,2005000268,Compound interest: word problems,https://www.ixl.com/math/algebra-2/compound-interest-word-problems,YJW
IXL,MA.912.AR.5.4,"Write an exponential function to represent a relationship between two quantities from a graph, a written description or a table of values within a mathematical or real-world context.",912,Mathematics,Florida's B.E.S.T. Standards: Algebra 2,2005003675,Continuously compounded interest: word problems,https://www.ixl.com/math/algebra-2/continuously-compounded-interest-word-problems,5GU
IXL,MA.912.AR.5.5,"Given an expression or equation representing an exponential function, reveal the constant percent rate of change per unit interval using the properties of exponents. Interpret the constant percent rate of change in terms of a real-world context.",912,Mathematics,Florida's B.E.S.T. Standards: Algebra 2,2020000251,Exponential functions over unit intervals,https://www.ixl.com/math/algebra-2/exponential-functions-over-unit-intervals,2YT
IXL,MA.912.AR.5.5,"Given an expression or equation representing an exponential function, reveal the constant percent rate of change per unit interval using the properties of exponents. Interpret the constant percent rate of change in terms of a real-world context.",912,Mathematics,Florida's B.E.S.T. Standards: Algebra 2,2020000264,Describe linear and exponential growth and decay,https://www.ixl.com/math/algebra-2/describe-linear-and-exponential-growth-and-decay,KLF
IXL,MA.912.AR.5.7,Solve and graph mathematical and real-world problems that are modeled with exponential functions. Interpret key features and determine constraints in terms of the context.,912,Mathematics,Florida's B.E.S.T. Standards: Algebra 2,2020455217,Write exponential functions: word problems,https://www.ixl.com/math/algebra-2/write-exponential-functions-word-problems,DBW
IXL,MA.912.AR.5.7,Solve and graph mathematical and real-world problems that are modeled with exponential functions. Interpret key features and determine constraints in terms of the context.,912,Mathematics,Florida's B.E.S.T. Standards: Algebra 2,2020346617,Graph exponential functions,https://www.ixl.com/math/algebra-2/graph-exponential-functions,U7P
IXL,MA.912.AR.5.7,Solve and graph mathematical and real-world problems that are modeled with exponential functions. Interpret key features and determine constraints in terms of the context.,912,Mathematics,Florida's B.E.S.T. Standards: Algebra 2,2005000256,Match exponential functions and graphs,https://www.ixl.com/math/algebra-2/match-exponential-functions-and-graphs,PCX
IXL,MA.912.AR.5.7,Solve and graph mathematical and real-world problems that are modeled with exponential functions. Interpret key features and determine constraints in terms of the context.,912,Mathematics,Florida's B.E.S.T. Standards: Algebra 2,2005000260,Exponential growth and decay: word problems,https://www.ixl.com/math/algebra-2/exponential-growth-and-decay-word-problems,TYQ
IXL,MA.912.AR.5.7,Solve and graph mathematical and real-world problems that are modeled with exponential functions. Interpret key features and determine constraints in terms of the context.,912,Mathematics,Florida's B.E.S.T. Standards: Algebra 2,2005003660,Domain and range of logarithmic functions,https://www.ixl.com/math/algebra-2/domain-and-range-of-logarithmic-functions,GLL
IXL,MA.912.AR.5.7,Solve and graph mathematical and real-world problems that are modeled with exponential functions. Interpret key features and determine constraints in terms of the context.,912,Mathematics,Florida's B.E.S.T. Standards: Algebra 2,2005000268,Compound interest: word problems,https://www.ixl.com/math/algebra-2/compound-interest-word-problems,YJW
IXL,MA.912.AR.5.7,Solve and graph mathematical and real-world problems that are modeled with exponential functions. Interpret key features and determine constraints in terms of the context.,912,Mathematics,Florida's B.E.S.T. Standards: Algebra 2,2005003675,Continuously compounded interest: word problems,https://www.ixl.com/math/algebra-2/continuously-compounded-interest-word-problems,5GU
IXL,MA.912.AR.5.8,"Given a table, equation or written description of a logarithmic function, graph that function and determine its key features.",912,Mathematics,Florida's B.E.S.T. Standards: Algebra 2,2005003660,Domain and range of logarithmic functions,https://www.ixl.com/math/algebra-2/domain-and-range-of-logarithmic-functions,GLL
IXL,MA.912.AR.5.8,"Given a table, equation or written description of a logarithmic function, graph that function and determine its key features.",912,Mathematics,Florida's B.E.S.T. Standards: Algebra 2,2020607017,Graph logarithmic functions,https://www.ixl.com/math/algebra-2/graph-logarithmic-functions,QEQ
IXL,MA.912.AR.6.1,"Given a mathematical or real-world context, when suitable factorization is possible, solve one-variable polynomial equations of degree 3 or higher over the real and complex number systems.",912,Mathematics,Florida's B.E.S.T. Standards: Algebra 2,2009000424,Solve polynomial equations,https://www.ixl.com/math/algebra-2/solve-polynomial-equations,ZCH
IXL,MA.912.AR.6.5,"Sketch a rough graph of a polynomial function of degree 3 or higher using zeros, multiplicity and knowledge of end behavior.",912,Mathematics,Florida's B.E.S.T. Standards: Algebra 2,2009000336,Match polynomials and graphs,https://www.ixl.com/math/algebra-2/match-polynomials-and-graphs,XJU
IXL,MA.912.AR.7.1,Solve one-variable radical equations. Interpret solutions as viable in terms of context and identify any extraneous solutions.,912,Mathematics,Florida's B.E.S.T. Standards: Algebra 2,2005000326,Solve radical equations,https://www.ixl.com/math/algebra-2/solve-radical-equations,EHE
IXL,MA.912.AR.7.2,"Given a table, equation or written description of a square root or cube root function, graph that function and determine its key features.",912,Mathematics,Florida's B.E.S.T. Standards: Algebra 2,2005000325,Domain and range of radical functions,https://www.ixl.com/math/algebra-2/domain-and-range-of-radical-functions,HR9
IXL,MA.912.AR.7.2,"Given a table, equation or written description of a square root or cube root function, graph that function and determine its key features.",912,Mathematics,Florida's B.E.S.T. Standards: Algebra 2,2020236717,Graph square root functions,https://www.ixl.com/math/algebra-2/graph-square-root-functions,UAJ
IXL,MA.912.AR.7.2,"Given a table, equation or written description of a square root or cube root function, graph that function and determine its key features.",912,Mathematics,Florida's B.E.S.T. Standards: Algebra 2,2020972917,Graph cube root functions,https://www.ixl.com/math/algebra-2/graph-cube-root-functions,8FX
IXL,MA.912.AR.8.1,Write and solve one-variable rational equations. Interpret solutions as viable in terms of the context and identify any extraneous solutions.,912,Mathematics,Florida's B.E.S.T. Standards: Algebra 2,2005000285,Solve rational equations,https://www.ixl.com/math/algebra-2/solve-rational-equations,CHP
IXL,MA.912.AR.8.2,"Given a table, equation or written description of a rational function, graph that function and determine its key features.",912,Mathematics,Florida's B.E.S.T. Standards: Algebra 2,2005000290,Rational functions: asymptotes and excluded values,https://www.ixl.com/math/algebra-2/rational-functions-asymptotes-and-excluded-values,7JJ
IXL,MA.912.AR.9.2,"Given a mathematical or real-world context, solve a system consisting of a two-variable linear equation and a non-linear equation algebraically or graphically.",912,Mathematics,Florida's B.E.S.T. Standards: Algebra 2,2020311717,Solve a system of linear and quadratic equations by graphing: parabolas,https://www.ixl.com/math/algebra-2/solve-a-system-of-linear-and-quadratic-equations-by-graphing-parabolas,VQU
IXL,MA.912.AR.9.2,"Given a mathematical or real-world context, solve a system consisting of a two-variable linear equation and a non-linear equation algebraically or graphically.",912,Mathematics,Florida's B.E.S.T. Standards: Algebra 2,2020033296,Solve a system of linear and quadratic equations: parabolas,https://www.ixl.com/math/algebra-2/solve-a-system-of-linear-and-quadratic-equations-parabolas,HVZ
IXL,MA.912.AR.9.3,"Given a mathematical or real-world context, solve a system consisting of two-variable linear or non-linear equations algebraically or graphically.",912,Mathematics,Florida's B.E.S.T. Standards: Algebra 2,2021610117,Solve a system of quadratic equations by graphing: parabolas,https://www.ixl.com/math/algebra-2/solve-a-system-of-quadratic-equations-by-graphing-parabolas,PJQ
IXL,MA.912.AR.9.3,"Given a mathematical or real-world context, solve a system consisting of two-variable linear or non-linear equations algebraically or graphically.",912,Mathematics,Florida's B.E.S.T. Standards: Algebra 2,2005000148,Solve a nonlinear system of equations,https://www.ixl.com/math/algebra-2/solve-a-nonlinear-system-of-equations,GCC
IXL,MA.912.AR.9.5,Graph the solution set of a system of two-variable inequalities.,912,Mathematics,Florida's B.E.S.T. Standards: Algebra 2,2009000295,Solve systems of linear inequalities by graphing,https://www.ixl.com/math/algebra-2/solve-systems-of-linear-inequalities-by-graphing,U5D
IXL,MA.912.F.1.1,"Given an equation or graph that defines a function, determine the function type. Given an input-output table, determine a function type that could represent it.",912,Mathematics,Florida's B.E.S.T. Standards: Algebra 2,2020040832,"Identify linear, quadratic, and exponential functions from tables",https://www.ixl.com/math/algebra-2/identify-linear-quadratic-and-exponential-functions-from-tables,XMB
IXL,MA.912.F.1.1,"Given an equation or graph that defines a function, determine the function type. Given an input-output table, determine a function type that could represent it.",912,Mathematics,Florida's B.E.S.T. Standards: Algebra 2,2020381417,Identify function types from graphs,https://www.ixl.com/math/algebra-2/identify-function-types-from-graphs,UN9
IXL,MA.912.F.1.7,"Compare key features of two functions each represented algebraically, graphically, in tables or written descriptions.",912,Mathematics,Florida's B.E.S.T. Standards: Algebra 2,2020035861,Compare linear functions: graphs and equations,https://www.ixl.com/math/algebra-1/compare-linear-functions-graphs-and-equations,EA8
IXL,MA.912.F.1.7,"Compare key features of two functions each represented algebraically, graphically, in tables or written descriptions.",912,Mathematics,Florida's B.E.S.T. Standards: Algebra 2,2020008441,"Compare linear functions: tables, graphs, and equations",https://www.ixl.com/math/algebra-1/compare-linear-functions-tables-graphs-and-equations,GD7
IXL,MA.912.F.1.7,"Compare key features of two functions each represented algebraically, graphically, in tables or written descriptions.",912,Mathematics,Florida's B.E.S.T. Standards: Algebra 2,2020568717,Identify graphs: word problems,https://www.ixl.com/math/algebra-2/identify-graphs-word-problems,MY6
IXL,MA.912.F.1.9,"Determine whether a function is even, odd or neither when represented algebraically, graphically or in a table.",912,Mathematics,Florida's B.E.S.T. Standards: Algebra 2,2020721817,Even and odd functions,https://www.ixl.com/math/algebra-2/even-and-odd-functions,Q83
IXL,MA.912.F.2.2,Identify the effect on the graph of a given function of two or more transformations defined by adding a real number to the x- or y-values or multiplying the x- or y-values by a real number.,912,Mathematics,Florida's B.E.S.T. Standards: Algebra 2,2009000478,Function transformation rules,https://www.ixl.com/math/algebra-2/function-transformation-rules,R7X
IXL,MA.912.F.2.2,Identify the effect on the graph of a given function of two or more transformations defined by adding a real number to the x- or y-values or multiplying the x- or y-values by a real number.,912,Mathematics,Florida's B.E.S.T. Standards: Algebra 2,2009000479,Describe function transformations,https://www.ixl.com/math/algebra-2/describe-function-transformations,KT8
IXL,MA.912.F.2.3,"Given the graph or table of f(<i>x</i>) and the graph or table of f(<i>x</i>) + <i>k</i>, kf(<i>x</i>), f(<i>kx</i>) and f(<i>x</i> + <i>k</i>), state the type of transformation and find the value of the real number <i>k</i>.",912,Mathematics,Florida's B.E.S.T. Standards: Algebra 2,2009000478,Function transformation rules,https://www.ixl.com/math/algebra-2/function-transformation-rules,R7X
IXL,MA.912.F.2.3,"Given the graph or table of f(<i>x</i>) and the graph or table of f(<i>x</i>) + <i>k</i>, kf(<i>x</i>), f(<i>kx</i>) and f(<i>x</i> + <i>k</i>), state the type of transformation and find the value of the real number <i>k</i>.",912,Mathematics,Florida's B.E.S.T. Standards: Algebra 2,2009000479,Describe function transformations,https://www.ixl.com/math/algebra-2/describe-function-transformations,KT8
IXL,MA.912.F.2.5,"Given a table, equation or graph that represents a function, create a corresponding table, equation or graph of the transformed function defined by adding a real number to the x- or y-values or multiplying the x- or y-values by a real number.",912,Mathematics,Florida's B.E.S.T. Standards: Algebra 2,2005003661,Translations of functions,https://www.ixl.com/math/algebra-2/translations-of-functions,F6J
IXL,MA.912.F.2.5,"Given a table, equation or graph that represents a function, create a corresponding table, equation or graph of the transformed function defined by adding a real number to the x- or y-values or multiplying the x- or y-values by a real number.",912,Mathematics,Florida's B.E.S.T. Standards: Algebra 2,2005003672,Reflections of functions,https://www.ixl.com/math/algebra-2/reflections-of-functions,PHV
IXL,MA.912.F.2.5,"Given a table, equation or graph that represents a function, create a corresponding table, equation or graph of the transformed function defined by adding a real number to the x- or y-values or multiplying the x- or y-values by a real number.",912,Mathematics,Florida's B.E.S.T. Standards: Algebra 2,2005003662,Dilations of functions,https://www.ixl.com/math/algebra-2/dilations-of-functions,NNY
IXL,MA.912.F.2.5,"Given a table, equation or graph that represents a function, create a corresponding table, equation or graph of the transformed function defined by adding a real number to the x- or y-values or multiplying the x- or y-values by a real number.",912,Mathematics,Florida's B.E.S.T. Standards: Algebra 2,2005003663,Transformations of functions,https://www.ixl.com/math/algebra-2/transformations-of-functions,RSN
IXL,MA.912.F.3.2,"Given a mathematical or real-world context, combine two or more functions, limited to linear, quadratic, exponential and polynomial, using arithmetic operations. When appropriate, include domain restrictions for the new function.",912,Mathematics,Florida's B.E.S.T. Standards: Algebra 2,2005000308,Add and subtract functions,https://www.ixl.com/math/algebra-2/add-and-subtract-functions,QQD
IXL,MA.912.F.3.2,"Given a mathematical or real-world context, combine two or more functions, limited to linear, quadratic, exponential and polynomial, using arithmetic operations. When appropriate, include domain restrictions for the new function.",912,Mathematics,Florida's B.E.S.T. Standards: Algebra 2,2005000327,Multiply functions,https://www.ixl.com/math/algebra-2/multiply-functions,49K
IXL,MA.912.F.3.2,"Given a mathematical or real-world context, combine two or more functions, limited to linear, quadratic, exponential and polynomial, using arithmetic operations. When appropriate, include domain restrictions for the new function.",912,Mathematics,Florida's B.E.S.T. Standards: Algebra 2,2005000334,Divide functions,https://www.ixl.com/math/algebra-2/divide-functions,9PH
IXL,MA.912.F.3.6,"Determine whether an inverse function exists by analyzing tables, graphs and equations.",912,Mathematics,Florida's B.E.S.T. Standards: Algebra 2,2005003700,Find inverse functions and relations,https://www.ixl.com/math/algebra-2/find-inverse-functions-and-relations,ZRQ
IXL,MA.912.F.3.7,"Represent the inverse of a function algebraically, graphically or in a table. Use composition of functions to verify that one function is the inverse of the other.",912,Mathematics,Florida's B.E.S.T. Standards: Algebra 2,2009000513,Identify inverse functions,https://www.ixl.com/math/algebra-2/identify-inverse-functions,9KT
IXL,MA.912.F.3.7,"Represent the inverse of a function algebraically, graphically or in a table. Use composition of functions to verify that one function is the inverse of the other.",912,Mathematics,Florida's B.E.S.T. Standards: Algebra 2,2009005644,Find values of inverse functions from tables,https://www.ixl.com/math/algebra-2/find-values-of-inverse-functions-from-tables,YLX
IXL,MA.912.F.3.7,"Represent the inverse of a function algebraically, graphically or in a table. Use composition of functions to verify that one function is the inverse of the other.",912,Mathematics,Florida's B.E.S.T. Standards: Algebra 2,2009005643,Find values of inverse functions from graphs,https://www.ixl.com/math/algebra-2/find-values-of-inverse-functions-from-graphs,Z5C
IXL,MA.912.F.3.7,"Represent the inverse of a function algebraically, graphically or in a table. Use composition of functions to verify that one function is the inverse of the other.",912,Mathematics,Florida's B.E.S.T. Standards: Algebra 2,2021401917,Graphs of inverse functions,https://www.ixl.com/math/algebra-2/graphs-of-inverse-functions,K2W
IXL,MA.912.F.3.7,"Represent the inverse of a function algebraically, graphically or in a table. Use composition of functions to verify that one function is the inverse of the other.",912,Mathematics,Florida's B.E.S.T. Standards: Algebra 2,2005003700,Find inverse functions and relations,https://www.ixl.com/math/algebra-2/find-inverse-functions-and-relations,ZRQ
IXL,MA.912.FL.3.2,"Solve real-world problems involving simple, compound, and continuously compounded interest.",912,Mathematics,Florida's B.E.S.T. Standards: Algebra 2,2020381317,Simple interest: word problems,https://www.ixl.com/math/algebra-2/simple-interest-word-problems,ZFK
IXL,MA.912.FL.3.2,"Solve real-world problems involving simple, compound, and continuously compounded interest.",912,Mathematics,Florida's B.E.S.T. Standards: Algebra 2,2005000268,Compound interest: word problems,https://www.ixl.com/math/algebra-2/compound-interest-word-problems,YJW
IXL,MA.912.FL.3.2,"Solve real-world problems involving simple, compound, and continuously compounded interest.",912,Mathematics,Florida's B.E.S.T. Standards: Algebra 2,2005003675,Continuously compounded interest: word problems,https://www.ixl.com/math/algebra-2/continuously-compounded-interest-word-problems,5GU
IXL,MA.912.DP.2.9,Fit an exponential function to bivariate numerical data that suggests an exponential association. Use the model to solve real-world problems in terms of the context of the data.,912,Mathematics,Florida's B.E.S.T. Standards: Algebra 2,2020976917,Exponential regression,https://www.ixl.com/math/algebra-2/exponential-regression,7TJ
