id,code,grade,subject,strand,cluster,description,dateadopted,status,sourceurl,clarifications,glossaryterms,purposeandstrategies,misconceptions,tieredinstruction,instructionaltasks,instructionalitems,horizontalalignment,verticalalignment,previousbenchmarks,nextbenchmarks,relatedcourses,accesspoints,resourcelinks,materials
15232,MA.K.NSO.1.1,K,Mathematics (B.E.S.T.),Number Sense and Operations,Develop an understanding for counting using objects in a set.,"Given a group of up to 20 objects, count the number of objects in that group and represent the number of objects with a written numeral. State the number of objects in a rearrangement of that group without recounting.",,State Board Approved,,"Clarification 1: Instruction focuses on developing an understanding of cardinality and one-to-one correspondence. | Clarification 2: Instruction includes counting objects and pictures presented in a line, rectangular array, circle or scattered arrangement. Objects presented in a scattered arrangement are limited to 10. | Clarification 3: Within this benchmark, the expectation is not to write the number in word form.",,,"Students may inaccurately report the number of objects in a set that has been rearranged even though the number was accurately counted before the set was rearranged (i.e., conservation of cardinality). | Students may recount the number of objects in a set that has been rearranged even though the number was accurately counted before the set was rearranged. | Students may recount a group of objects when asked “how many,” rather than reporting the last number counted. | Students may not be systematic in their counting. For example, a student may double count or skip numbers. | For example, a student may double count or skip numbers.",,,,,,,,,,,
15233,MA.K.NSO.1.2,K,Mathematics (B.E.S.T.),Number Sense and Operations,Develop an understanding for counting using objects in a set.,"Given a number from 0 to 20, count out that many objects.",,State Board Approved,,Clarification 1: Instruction includes giving a number verbally or with a written numeral.,,,"Students may skip or repeat numbers when counting out objects. For example, a student may say ""14, 15, 17."" | For example, a student may say ""14, 15, 17."" | Students may lose track of which objects have been counted.",,,,,,,,,,,
15234,MA.K.NSO.1.3,K,Mathematics (B.E.S.T.),Number Sense and Operations,Develop an understanding for counting using objects in a set.,"Identify positions of objects within a sequence using the words &ldquo;first,&rdquo; &ldquo;second,&rdquo; &ldquo;third,&rdquo; &ldquo;fourth&rdquo; or &ldquo;fifth.&rdquo;",,State Board Approved,,Clarification 1: Instruction includes the understanding that rearranging a group of objects does not change the total number of objects but may change the order of an object in that group.,,,"Students may not be able to connect the positional terms (first, second, etc.) to the object’s position after rearrangement. For example, a set from left to rights shows an elephant, pig and dolphin. When rearranged the students still identifies the dolphin as “third” regardless of sequence. | For example, a set from left to rights shows an elephant, pig and dolphin. When rearranged the students still identifies the dolphin as “third” regardless of sequence. | Students may give similar objects the same order number especially if they are next to each other in the sequence.",,,,,,,,,,,
15235,MA.K.NSO.1.4,K,Mathematics (B.E.S.T.),Number Sense and Operations,Develop an understanding for counting using objects in a set.,"Compare the number of objects from 0 to 20 in two groups using the terms less than, equal to or greater than.",,State Board Approved,,"Clarification 1: Instruction focuses on matching, counting and the connection to addition and subtraction. | Clarification 2: Within this benchmark, the expectation is not to use the relational symbols =,> or <.",,,Students may confuse the size of objects with the number of objects when comparing.,,,,,,,,,,,
15236,MA.K.NSO.2.1,K,Mathematics (B.E.S.T.),Number Sense and Operations,Recite number names sequentially within 100 and develop an understanding for place value.,"Recite the number names to 100 by ones and by tens. Starting at a given number, count forward within 100 and backward within 20.",,State Board Approved,,"Clarification 1: When counting forward by ones, students are to say the number names in the standard order and understand that each successive number refers to a quantity that is one larger. When counting backward, students are to understand that each succeeding number in the count sequence refers to a quantity that is one less. | Clarification 2: Within this benchmark, the expectation is to recognize and count to 100 by the end of Kindergarten.",,,"Students may have difficulty moving from one group of tens to the next. For example, knowing that 30 comes after 29. Students may have to recount by tens to determine the next ten when counting through to 100. | For example, knowing that 30 comes after 29. Students may have to recount by tens to determine the next ten when counting through to 100. | Students may be confused by the different pattern of word names for the “teens.”",,,,,,,,,,,
15237,MA.K.NSO.2.2,K,Mathematics (B.E.S.T.),Number Sense and Operations,Recite number names sequentially within 100 and develop an understanding for place value.,"Represent whole numbers from 10 to 20, using a unit of ten and a group of ones, with objects, drawings and expressions or equations.",,State Board Approved,,,,,"Students may attach too much meaning to certain number names. Example: sixteen linguistically makes sense as six and teen, or six and ten; while eleven and twelve do not have linguistic cues. | Students may think there is only one way to represent numbers with tens and ones.",,,,,,,,,,,
15238,MA.K.NSO.2.3,K,Mathematics (B.E.S.T.),Number Sense and Operations,Recite number names sequentially within 100 and develop an understanding for place value.,"Locate, order and compare numbers from 0 to 20 using the number line and terms less than, equal to or greater than.",,State Board Approved,,"Clarification 1: Within this benchmark, the expectation is not to use the relational symbols =,> or <. | Clarification 2: When comparing numbers from 0 to 20, both numbers are plotted on the same number line. | Clarification 3: When locating numbers on the number line, the expectation includes filling in a missing number by counting from left to right on the number line.",,,"Students may assume that all number lines start at 0 or 1. | When looking at number lines with tick marks, students may number the spaces between the tick marks instead of the tick marks.",,,,,,,,,,,
15239,MA.K.NSO.3.1,K,Mathematics (B.E.S.T.),Number Sense and Operations,Develop an understanding of addition and subtraction operations with one-digit whole numbers.,"Explore addition of two whole numbers from 0 to 10, and related subtraction facts.",,State Board Approved,,"Clarification 1: Instruction includes objects, fingers, drawings, number lines and equations. | Clarification 2: Instruction focuses on the connection that addition is “putting together” or “counting on” and that subtraction is “taking apart” or “taking from.” Refer to Situations Involving Operations with Numbers (Appendix A). | Clarification 3: Within this benchmark, it is the expectation that one problem can be represented in multiple ways and understanding how the different representations are related to each other.",,,"Students may confuse addition situations with subtraction situations based on “cue” or “key” words. For example, in the word problem “Steve has 7 crayons. Steve has 3 more crayons than Joane. How many crayons does Joane have?” the word “more” may make students think to add, though the context is actually subtraction. | For example, in the word problem “Steve has 7 crayons. Steve has 3 more crayons than Joane. How many crayons does Joane have?” the word “more” may make students think to add, though the context is actually subtraction. | Students may think there is only one correct way of solving a problem. Many problems can be solved by using addition or subtraction. | After mastering one addition or subtraction situation students may feel that there are no others to learn.",,,,,,,,,,,
15240,MA.K.NSO.3.2,K,Mathematics (B.E.S.T.),Number Sense and Operations,Develop an understanding of addition and subtraction operations with one-digit whole numbers.,Add two one-digit whole numbers with sums from 0 to 10 and subtract using related facts with procedural reliability.,,State Board Approved,,Clarification 1: Instruction focuses on helping a student choose a method they can use reliably.,,,"Students may not see the value in counting on (and becoming more efficient) when determining the number of objects in two sets that have been combined. | When using the count on strategy, students may always start with the first number rather than the larger number.",,,,,,,,,,,
15241,MA.K.AR.1.1,K,Mathematics (B.E.S.T.),Algebraic Reasoning,Represent and solve addition problems with sums between 0 and 10 and subtraction problems using related facts.,"For any number from 1 to 9, find the number that makes 10 when added to the given number.",,State Board Approved,,"Clarification 1: Instruction includes creating a ten using manipulatives, number lines, models and drawings.",,,Students may not connect pairs of addends through the commutative property.,,,,,,,,,,,
15242,MA.K.AR.1.2,K,Mathematics (B.E.S.T.),Algebraic Reasoning,Represent and solve addition problems with sums between 0 and 10 and subtraction problems using related facts.,"Given a number from 0 to 10, find the different ways it can be represented as the sum of two numbers.",,State Board Approved,,"Clarification 1: Instruction includes the exploration of finding possible pairs to make a sum using manipulatives, objects, drawings and expressions; and understanding how the different representations are related to each other.",,,"Students may not connect pairs of addends through the commutative property. Though there is no expectation that students name the commutative property, they should begin to discover the connections and patterns and recognize that if a + b = 10, then b + a = 10. | Students may not recognize that multiple pairs of addends represent the same sum. | Students may not recognize that the two numbers don’t have to be different.For example, if the given number is 8 a student may not think to represent it as 4+4. | For example, if the given number is 8 a student may not think to represent it as 4+4.",,,,,,,,,,,
15243,MA.K.AR.1.3,K,Mathematics (B.E.S.T.),Algebraic Reasoning,Represent and solve addition problems with sums between 0 and 10 and subtraction problems using related facts.,"Solve addition and subtraction real-world problems using objects, drawings or equations to represent the problem.",,State Board Approved,,"Clarification 1: Instruction includes understanding the context of the problem, as well as the quantities within the problem. | Clarification 2: Students are not expected to independently read word problems. | Clarification 3: Addition and subtraction are limited to sums within 10 and related subtraction facts. Refer to Situations Involving Operations with Numbers (Appendix A).",,,,,,,,,,,,,,
15244,MA.K.AR.2.1,K,Mathematics (B.E.S.T.),Algebraic Reasoning,Develop an understanding of the equal sign.,Explain why addition or subtraction equations are true using objects or drawings.,,State Board Approved,,Clarification 1: Instruction focuses on the understanding of the equal sign. | Clarification 2: Problem types are limited to an equation with two or three terms. The sum or difference can be on either side of the equal sign. | Clarification 3: Addition and subtraction are limited to sums within 20 and related subtraction facts.,,,"Students may think that “equals” just means to compute, and may not recognize equations and expressions represented in non-standard ways, such as with pictures or manipulatives.",,,,,,,,,,,
15245,MA.K.M.1.1,K,Mathematics (B.E.S.T.),Measurement,Identify and compare measurable attributes of objects.,"Identify the attributes of a single object that can be measured such as length, volume or weight.",,State Board Approved,,"Clarification 1: Within this benchmark, measuring is not required.",,,"Students may confuse measurable attributes and call an object big when they mean it is heavy, long, or tall. Explain that tall is a measure of height from bottom to top and long is a measure of length from one end to the other. | Students may assume that there is only one way to describe attributes. Students may not understand that an object can be both short and heavy.Students may think that because an item has a large volume it means that the item is also heavy. | Students may not understand that an object can be both short and heavy. | Students may think that because an item has a large volume it means that the item is also heavy.",,,,,,,,,,,
15246,MA.K.M.1.2,K,Mathematics (B.E.S.T.),Measurement,Identify and compare measurable attributes of objects.,Directly compare two objects that have an attribute which can be measured in common. Express the comparison using language to describe the difference.,,State Board Approved,,"Clarification 1: To directly compare length, objects are placed next to each other with one end of each object lined up to determine which one is longer. | Clarification 2: Language to compare length includes short, shorter, long, longer, tall, taller, high or higher. Language to compare volume includes has more, has less, holds more, holds less, more full, less full, full, empty, takes up more space or takes up less space. Language to compare weight includes heavy, heavier, light, lighter, weighs more or weighs less.",,,"Students may incorrectly apply terms for comparing the attributes of objects. | Students may assume that a larger object is also a heavier object. | Students may assume that a taller container can hold more liquid. | Students may confuse position with measurement, especially when dealing with height.",,,,,,,,,,,
15247,MA.K.M.1.3,K,Mathematics (B.E.S.T.),Measurement,Identify and compare measurable attributes of objects.,"Express the length of an object, up to 20 units long, as a whole number of lengths by laying non-standard objects end to end with no gaps or overlaps.",,State Board Approved,,"Clarification 1: Non-standard units of measurement are units that are not typically used, such as paper clips or colored tiles. To measure with non-standard units, students lay multiple copies of the same object end to end with no gaps or overlaps. The length is shown by the number of objects needed.",,,"Students may leave gaps or overlaps between objects when measuring, leading to inaccurate results. | Students may mix different size units in the same measurement.",,,,,,,,,,,
15248,MA.K.GR.1.1,K,Mathematics (B.E.S.T.),Geometric Reasoning,"Identify, compare and compose two- and three-dimensional figures.","Identify two- and three-dimensional figures regardless of their size or orientation. Figures are limited to circles, triangles, rectangles, squares, spheres, cubes, cones and cylinders.",,State Board Approved,,"Clarification 1: Instruction includes a wide variety of circles, triangles, rectangles, squares, spheres, cubes, cones and cylinders. | Clarification 2: Instruction includes a variety of non-examples that lack one or more defining attributes. | Clarification 3: Two-dimensional figures can be either filled, outlined or both.",,,"Students may only recognize figures in a specific orientation or angle distribution (i.e., recognizing isosceles triangles but not scalene). | Students may not recognize that a square is also a rectangle. | Students may sort objects by size when asked to sort by shape. For example, students may place large circles with large triangles, or separate large triangles and small triangles. | For example, students may place large circles with large triangles, or separate large triangles and small triangles.",,,,,,,,,,,
15249,MA.K.GR.1.2,K,Mathematics (B.E.S.T.),Geometric Reasoning,"Identify, compare and compose two- and three-dimensional figures.","Compare two-dimensional figures based on their similarities, differences and positions. Sort two-dimensional figures based on their similarities and differences. Figures are limited to circles, triangles, rectangles and squares.",,State Board Approved,,Clarification 1: Instruction includes exploring figures in a variety of sizes and orientations. | Clarification 2: Instruction focuses on using informal language to describe relative positions and the similarities or differences between figures when comparing and sorting.,,,"Students may not understand that all squares are also classified as rectangles; however, only specific rectangles (with sides that are the same length) are also classified as squares. | Students may sort figures separately because of orientation and/or size rather than the identified attributes of the figures.",,,,,,,,,,,
15250,MA.K.GR.1.3,K,Mathematics (B.E.S.T.),Geometric Reasoning,"Identify, compare and compose two- and three-dimensional figures.","Compare three-dimensional figures based on their similarities, differences and positions. Sort three-dimensional figures based on their similarities and differences. Figures are limited to spheres, cubes, cones and cylinders.",,State Board Approved,,Clarification 1: Instruction includes exploring figures in a variety of sizes and orientations. | Clarification 2: Instruction focuses on using informal language to describe relative positions and the similarities or differences between figures when comparing and sorting.,,,Students may sort figures separately because of orientation and size rather than the identified attributes of the figures. | Students may inaccurately name and sort three-dimensional figures based on the names of their two-dimensional faces.,,,,,,,,,,,
15251,MA.K.GR.1.4,K,Mathematics (B.E.S.T.),Geometric Reasoning,"Identify, compare and compose two- and three-dimensional figures.","Find real-world objects that can be modeled by a given two- or three-dimensional figure. Figures are limited to circles, triangles, rectangles, squares, spheres, cubes, cones and cylinders.",,State Board Approved,,,,,"In real life, many objects can be appropriately modeled with both two-dimensional and three-dimensional figures. For the purpose of this benchmark, do not struggle with this. Allow students flexibility and rely on their justifications (MTR.4.1, MTR.6.1).",,,,,,,,,,,
15252,MA.K.GR.1.5,K,Mathematics (B.E.S.T.),Geometric Reasoning,"Identify, compare and compose two- and three-dimensional figures.","Combine two-dimensional figures to form a given composite figure. Figures used to form a composite shape are limited to triangles, rectangles and squares.",,State Board Approved,,Clarification 1: This benchmark is intended to develop the understanding of spatial relationships.,,,"Students may attempt to compose figures without regard to aligning sides or vertices. The overlap may cause difficulty in naming or describing the new composite figures. | Students may avoid lining the edges of two figures if the sides aren’t the same length. For example, it could be appropriate to join several rectangles of various sizes to make a figure that looks like a building with towers. | For example, it could be appropriate to join several rectangles of various sizes to make a figure that looks like a building with towers.",,,,,,,,,,,
15253,MA.K.DP.1.1,K,Mathematics (B.E.S.T.),Data Analysis and Probability,"Develop an understanding for collecting, representing and comparing data.","Collect and sort objects into categories and compare the categories by counting the objects in each category. Report the results verbally, with a written numeral or with drawings.",,State Board Approved,,"Clarification 1: Instruction focuses on supporting work in counting. | Clarification 2: Instruction includes geometric figures that can be categorized using their defining attributes. | Clarification 3: Within this benchmark, it is not the expectation for students to construct formal representations or graphs on their own.",,,"Students may not clearly define categories for sorting objects which may lead to inaccurate data collection as objects fit into multiple categories. | When students are presented with objects to be sorted into predefined categories, they may be frustrated that some objects don’t fit into any category. | Students may misrepresent the count for each category.",,,,,,,,,,,
15254,MA.1.NSO.1.1,1,Mathematics (B.E.S.T.),Number Sense and Operations,Extend counting sequences and understand the place value of two-digit numbers.,"Starting at a given number, count forward and backwards within 120 by ones. Skip count by 2s to 20 and by 5s to 100.",,State Board Approved,,"Clarification 1: Instruction focuses on the connection to addition as “counting on” and subtraction as “counting back”. | Clarification 2:Instruction also focuses on the recognition of patterns within skip counting which helps build a foundation for multiplication in later grades. | Clarification 3: Instruction includes recognizing counting sequences using visual charts, such as a 120 chart, to emphasize base 10 place value.",,,Students may omit numbers when counting in a sequence. | Students may not understand how to use visual charts to answer questions.,,,,,,,,,,,
15255,MA.1.NSO.1.2,1,Mathematics (B.E.S.T.),Number Sense and Operations,Extend counting sequences and understand the place value of two-digit numbers.,"Read numbers from 0 to 100 written in standard form, expanded form and word form. Write numbers from 0 to 100 using standard form and expanded form.",,State Board Approved,,,,,"Students may confuse the value of the digits with how they are stated as a number. For example, the standard form of fifteen is 15 and not 51. | For example, the standard form of fifteen is 15 and not 51. | Students may confuse the word form of 11 eleven and 12 twelve since they are composed of one ten but do not include the suffix of “teen” when stated in word form. | Students may write sequences of numbers rather than expanded form like 83 as 8 + 3 instead of 80 + 3. Having students use base ten blocks to model the number could be helpful for students to understand that the value is directly correlated to tens and ones.",,,,,,,,,,,
15256,MA.1.NSO.1.3,1,Mathematics (B.E.S.T.),Number Sense and Operations,Extend counting sequences and understand the place value of two-digit numbers.,"Compose and decompose two-digit numbers in multiple ways using tens and ones. Demonstrate each composition or decomposition with objects, drawings and expressions or equations.",,State Board Approved,,,,,"Students may not recognize that larger sets of ones can also be seen as tens and ones. For example, 15 ones is the same amount as 1 ten + 5 ones. The use of base ten manipulatives can help model for students that 15 ones units is the same as amount at 1 ten + 5 ones though it is arranged differently (MTR.2.1). | For example, 15 ones is the same amount as 1 ten + 5 ones. The use of base ten manipulatives can help model for students that 15 ones units is the same as amount at 1 ten + 5 ones though it is arranged differently (MTR.2.1). | Students may not decompose a larger unit to an equal number of smaller units to add to existing ones.For example, seeing 34 as only 3 tens + 4 ones and when asked to decompose a ten into ones, students may need reminding that 1 ten can be decomposed into 10 ones and then add them to the current number of ones to get 2 tens + 14 ones. | For example, seeing 34 as only 3 tens + 4 ones and when asked to decompose a ten into ones, students may need reminding that 1 ten can be decomposed into 10 ones and then add them to the current number of ones to get 2 tens + 14 ones.",,,,,,,,,,,
15257,MA.1.NSO.1.4,1,Mathematics (B.E.S.T.),Number Sense and Operations,Extend counting sequences and understand the place value of two-digit numbers.,"Plot, order and compare whole numbers up to 100.",,State Board Approved,,"Clarification 1: When comparing numbers, instruction includes using a number line and using place values of the tens and ones digits. | Clarification 2: Within this benchmark, the expectation is to use terms (e.g., less than, greater than, between or equal to) and symbols (<, > or =).",,,"Students may not recognize that a number’s value is directly related to its placement on a number line. In these cases, having students build a number using base ten manipulatives prior to plotting the number onto a number lines could be helpful. | Students may not understand the digit in the greatest place helps determine the correct comparison unless it is equal. For example: 29 is less than 31 even though there is a 9 in the number 29. Building these numbers with base ten blocks or place value disks might be helpful.",,,,,,,,,,,
15258,MA.1.NSO.2.1,1,Mathematics (B.E.S.T.),Number Sense and Operations,Develop an understanding of addition and subtraction operations with one- and two-digit numbers.,Recall addition facts with sums to 10 and related subtraction facts with automaticity.,,State Board Approved,,,,,"Students may encounter difficulty with knowing all the ways a number can be decomposed. In these cases, it is helpful to let students explore decomposing a given number such as 9 and having them find all the possible ways to get to nine when adding (0 + 9, 1 + 8 and 2 + 7). | Students may inappropriately substitute automaticity for understanding when understanding of context is required. For example, a student may see a problem containing the numbers 5 and 3 and automatically think the answer is 8 without first using their understanding to determine what operation is required for the context of the problem. | For example, a student may see a problem containing the numbers 5 and 3 and automatically think the answer is 8 without first using their understanding to determine what operation is required for the context of the problem.",,,,,,,,,,,
15259,MA.1.NSO.2.2,1,Mathematics (B.E.S.T.),Number Sense and Operations,Develop an understanding of addition and subtraction operations with one- and two-digit numbers.,"Add two whole numbers with sums from 0 to 20, and subtract using related facts with procedural reliability.",,State Board Approved,,"Clarification 1: Instruction focuses on helping a student choose a method they can use reliably. | Clarification 2: Instruction includes situations involving adding to, putting together, comparing and taking from.",,,"Students may reverse the minuend and subtrahend in the ones, from the assumption the minuend must be larger than the subtrahend (i.e., for 12 - 5, finding 15 - 2). In these cases is it important for students to use concrete manipulates such as base ten blocks as they must exchange a tens rod for ten ones so that they may physically take away from the ones place.",,,,,,,,,,,
15260,MA.1.NSO.2.3,1,Mathematics (B.E.S.T.),Number Sense and Operations,Develop an understanding of addition and subtraction operations with one- and two-digit numbers.,"Identify the number that is one more, one less, ten more and ten less than a given two-digit number.",,State Board Approved,,,,,"Some students may confuse the place value when asked what is ten more or ten less and give a response that is only one more or one less. In these cases, using a hundreds chart may help students visually see what is ten more, ten less as well as one more, one less. Consider using a bottom-up hundreds chart so students are moving up when counting up.",,,,,,,,,,,
15261,MA.1.NSO.2.4,1,Mathematics (B.E.S.T.),Number Sense and Operations,Develop an understanding of addition and subtraction operations with one- and two-digit numbers.,Explore the addition of a two-digit number and a one-digit number with sums to 100.,,State Board Approved,,"Clarification 1: Instruction focuses on combining ones and tens and composing new tens from ones, when needed. | Clarification 2: Instruction includes the use of manipulatives, number lines, drawings or models.",,,Students may inaccurately compose new tens when they have more than 9 ones. In these cases it is important for students to use concrete manipulatives such as base ten blocks as they exchange tens ones for a single ten rod in order to visually see the ones units making a new ten.,,,,,,,,,,,
15262,MA.1.NSO.2.5,1,Mathematics (B.E.S.T.),Number Sense and Operations,Develop an understanding of addition and subtraction operations with one- and two-digit numbers.,Explore subtraction of a one-digit number from a two-digit number.,,State Board Approved,,"Clarification 1: Instruction focuses on utilizing the number line as a tool for subtraction through “counting on” or “counting back”. The process of counting on highlights subtraction as a missing addend problem. | Clarification 2: Instruction includes the use of manipulatives, drawings or equations to decompose tens and regroup ones, when needed.",,,"Students may reverse the minuend and subtrahend in the ones, from the assumption the minuend must be larger than the subtrahend (i.e., for 12 − 5, finding 15 − 2). In these cases is it important for students to use concrete manipulates such as base ten blocks as they must exchange a tens rod for ten ones so that they may physically take away from the ones place. | Students may fail to subtract a ten from the difference when decomposing a ten to gain enough ones to subtract the ones. In these cases, it can be helpful for students to use base ten blocks to manipulate the exchange of a single tens rod for ten one units to subtract.",,,,,,,,,,,
15263,MA.1.FR.1.1,1,Mathematics (B.E.S.T.),Fractions,Develop an understanding of fractions by partitioning shapes into halves and fourths.,Partition circles and rectangles into two and four equal-sized parts. Name the parts of the whole using appropriate language including halves or fourths.,,State Board Approved,,Clarification 1: This benchmark does not require writing the equal sized parts as a fraction with a numerator and denominator.,,,"Students may have difficulty partitioning circles or rectangles into equal-sized parts; additional guided practice may be helpful in these cases. | When a rectangle is divided into fourths using its diagonals students may have trouble seeing that all four parts are the same size. This should not be a point of contention, but it should be an opportunity to explain to students that they will get a deeper understanding of this in later grades.",,,,,,,,,,,
15264,MA.1.AR.1.1,1,Mathematics (B.E.S.T.),Algebraic Reasoning,Solve addition problems with sums between 0 and 20 and subtraction problems using related facts.,Apply properties of addition to find a sum of three or more whole numbers.,,State Board Approved,,"Clarification 1: Within this benchmark, the expectation is to apply the associative and commutative properties of addition. It is not the expectation to name the properties or use parentheses. Refer to Properties of Operations, Equality and Inequality (Appendix D). | Clarification 2: Instruction includes emphasis on using the properties to make a ten when adding three or more numbers. | Clarification 3: Addition is limited to sums within 20.",,,"Students may not understand that when three numbers are rearranged the sum will still be the same. In this case, open a class discussion by showing the following expressions A. 3 + 9 + 4 and B. 9 + 4 + 3 and ask students what they notice about the expressions. Once a student notices that they both expressions have the same exact numbers but that the numbers are arranged in a different order ask, “Do you think they will have the same sum?” Have students share how they could solve the expressions using a strategy. Then discuss the sums of both equations being 16 and when one adds the same numbers together but in a different order it will always have the same total.",,,,,,,,,,,
15265,MA.1.AR.1.2,1,Mathematics (B.E.S.T.),Algebraic Reasoning,Solve addition problems with sums between 0 and 20 and subtraction problems using related facts.,"Solve addition and subtraction real-world problems using objects, drawings or equations to represent the problem.",,State Board Approved,,"Clarification 1: Instruction includes understanding the context of the problem, as well as the quantities within the problem. | Clarification 2: Students are not expected to independently read word problems. | Clarification 3: Addition and subtraction are limited to sums within 20 and related subtraction facts. Refer to Situations Involving Operations with Numbers (Appendix A).",,,"Students may have difficulty modeling or solving problems that involve a change unknown or start unknown problem type. To help with this misconception, include the use of Appendix A in instruction. | Students may look for key words rather than context and reasoning, which can lead to the wrong operation.",,,,,,,,,,,
15266,MA.1.AR.2.1,1,Mathematics (B.E.S.T.),Algebraic Reasoning,Develop an understanding of the relationship between addition and subtraction.,Restate a subtraction problem as a missing addend problem using the relationship between addition and subtraction.,,State Board Approved,,Clarification 1: Addition and subtraction are limited to sums within 20 and related subtraction facts.,,,Students may not recognize how an addition problem can help them solve a subtraction problem. Guided practice with related facts may be helpful for students who do not recognize this. | Students may solve the equation and look for the solution in the answer choices rather than relying on reasoning.,,,,,,,,,,,
15267,MA.1.AR.2.2,1,Mathematics (B.E.S.T.),Algebraic Reasoning,Develop an understanding of the relationship between addition and subtraction.,Determine and explain if equations involving addition or subtraction are true or false.,,State Board Approved,,Clarification 1: Instruction focuses on understanding of the equal sign. | Clarification 2: Problem types are limited to an equation with no more than four terms. The sum or difference can be on either side of the equal sign. | Clarification 3: Addition and subtraction are limited to sums within 20 and related subtraction facts.,,,"Students may not understand that the equal sign means “the same as,” since they may think the equal sign signals that the answer comes at the end. In these cases it can be beneficial to use a scale where students can complete problems to discover if in fact they are equal.",,,,,,,,,,,
15268,MA.1.AR.2.3,1,Mathematics (B.E.S.T.),Algebraic Reasoning,Develop an understanding of the relationship between addition and subtraction.,"Determine the unknown whole number in an addition or subtraction equation, relating three whole numbers, with the unknown in any position.",,State Board Approved,,Clarification 1: Instruction begins the development of algebraic thinking skills where the symbolic representation of the unknown uses any symbol other than a letter. | Clarification 2: Problems include the unknown on either side of the equal sign. | Clarification 3: Addition and subtraction are limited to sums within 20 and related subtraction facts. Refer to Situations Involving Operations with Numbers (Appendix A).,,,"Students may not understand that they can use addition to figure out a subtraction equation or use a subtraction to figure out an addition equation. In these cases, ask students to find the related facts for a given problem.",,,,,,,,,,,
15269,MA.1.M.1.1,1,Mathematics (B.E.S.T.),Measurement,Compare and measure the length of objects.,Estimate the length of an object to the nearest inch. Measure the length of an object to the nearest inch or centimeter.,,State Board Approved,,"Clarification 1: Instruction emphasizes measuring from the zero point of the ruler. The markings on the ruler indicate the unit of length by marking equal distances with no gaps or overlaps. | Clarification 2: When estimating length, the expectation is to give a reasonable number of inches for the length of a given object.",,,"Some students may not line the zero marking on the ruler to one of the ends of the item being measured. In these cases, students need to explore why lining up at the zero point gives the most accurate measurement and additional practice starting at 0 when measuring. | Students may measure with the incorrect side of the ruler (i.e., using the centimeter side when needing to measure inches or using inches when needing to measure in centimeters).",,,,,,,,,,,
15270,MA.1.M.1.2,1,Mathematics (B.E.S.T.),Measurement,Compare and measure the length of objects.,Compare and order the length of up to three objects using direct and indirect comparison.,,State Board Approved,,"Clarification 1: When directly comparing objects, the objects can be placed side by side or they can be separately measured in the same units and the measurements can be compared. | Clarification 2: Two objects can be compared indirectly by directly comparing them to a third object.",,,"Some students may try to use a ruler to measure a length when reasoning alone would be sufficient to make an indirect comparison. In these cases, remind students that they can use reasoning rather than an actual measurement. | Students may mix units when measuring objects (where one item is measured in inches and another is measured in centimeters).",,,,,,,,,,,
15271,MA.1.M.2.1,1,Mathematics (B.E.S.T.),Measurement,Tell time and identify the value of coins and combinations of coins and dollar bills.,"Using analog and digital clocks, tell and write time in hours and half-hours.",,State Board Approved,,"Clarification 1: Within this benchmark, the expectation is not to understand military time or to use a.m. or p.m. | Clarification 2: Instruction includes the connection to partitioning circles into halves and to semi-circles.",,,"Students may confuse the minute hand and the hour hand. | Students may confuse which hour to read when the hour hand is between two numbers. | Students may get distracted by the second hand on a real analog clock. | Strategies to Support Tiered Instruction | Teacher provides a small clock in which the minute hand has been removed. Instruction includes identifying where the arrow on the hour hand is pointing, how that hour is read and what is happening to the hour hand as time passes. Student-friendly language about the time includes approximations such as: Example: | Example: | Instruction includes making connections to the partitioning of a circle into two equal halves.For example, a clock can be partitioned into two equal halves by drawing a line or by folding the clock in half, noting the “shape” of half hours. | For example, a clock can be partitioned into two equal halves by drawing a line or by folding the clock in half, noting the “shape” of half hours. | Instruction includes showing that when the minute hand is pointing at the 12, we read it as “o’clock” and write __:00. When the minute hand is pointing at the 6, we read and write __:30.",,,,,,,,,,,
15272,MA.1.M.2.2,1,Mathematics (B.E.S.T.),Measurement,Tell time and identify the value of coins and combinations of coins and dollar bills.,"Identify pennies, nickels, dimes and quarters, and express their values using the &cent; symbol. State how many of each coin equal a dollar.",,State Board Approved,,"Clarification 1: Instruction includes the recognition of both sides of a coin. | Clarification 2: Within this benchmark, the expectation is not to use decimal values.",,,"Students may believe the value of a coin is directly related to its size (e.g., a nickel is bigger than a dime and is worth more, or a penny is bigger than a dime, so it must also be worth more). In these cases students need additional practice identifying a coin with its actual value. | Students may have difficulty understanding the relationship between the number of coins that equal a dollar because they are familiar with each object having the value of 1 when counting.",,,,,,,,,,,
15273,MA.1.M.2.3,1,Mathematics (B.E.S.T.),Measurement,Tell time and identify the value of coins and combinations of coins and dollar bills.,"Find the value of combinations of pennies, nickels and dimes up to one dollar, and the value of combinations of one, five and ten dollar bills up to $100. Use the &cent; and $ symbols appropriately.",,State Board Approved,,"Clarification 1: Instruction includes the identification of a one, five and ten-dollar bill and the computation of the value of combinations of pennies, nickels and dimes or one, five and ten dollar bills. | Clarification 2: Instruction focuses on the connection to place value and skip counting. | Clarification 3: Within this benchmark, the expectation is not to use decimal values or to find the value of a combination of coins and dollars.",,,"Students may believe the value of a coin is directly related to its size (e.g., a nickel is bigger than a dime and is worth more, or a penny is bigger than a dime, so it must also be worth more). In these cases students need additional practice identifying a coin with its actual value. | Students may not count coins as a sequence of their value and make mistakes in counting. In these cases, have students identify coins with their value prior to counting. Then have students explore ways to count the coins that make sense for them (i.e., counting dimes then nickels and pennies).",,,,,,,,,,,
15274,MA.1.GR.1.1,1,Mathematics (B.E.S.T.),Geometric Reasoning,Identify and analyze two- and three-dimensional figures based on their defining attributes.,"Identify, compare and sort two- and three-dimensional figures based on their defining attributes. Figures are limited to circles, semi-circles, triangles, rectangles, squares, trapezoids, hexagons, spheres, cubes, rectangular prisms, cones and cylinders.",,State Board Approved,,"Clarification 1: Instruction focuses on the defining attributes of a figure: whether it is closed or not; number of vertices, sides, edges or faces; and if it contains straight, curved or equal length sides or edges. | Clarification 2: Instruction includes figures given in a variety of sizes, orientations and non-examples that lack one or more defining attributes. | Clarification 3: Within this benchmark, the expectation is not to sort a combination of two- and three-dimensional figures at the same time or to define the attributes of trapezoids. | Clarification 4: Instruction includes using formal and informal language to describe the defining attributes of figures when comparing and sorting.",,,"Students may only recognize a figure by its size or orientation. In these cases, students need practice in locating figures by a defining attribute like “find the two-dimensional figures with three vertices” rather than find the triangles. Students may struggle with formal language as they are introduced to content specific vocabulary. For example, when learning the definition for vertex as defined in the K-12 Glossary as “the point at which the rays or sides of an angle, the sides of a two-dimensional figure, or the edges of a three-dimensional figure meet”, and seeing examples of vertices, students may only assume vertices can occur on figures with straight sides. A circle has no vertices, so they may assume that a semi-circle also has no vertices. However, a semi-circle has 2 points where the sides of the figure would meet, as shown below.",,,,,,,,,,,
15275,MA.1.GR.1.2,1,Mathematics (B.E.S.T.),Geometric Reasoning,Identify and analyze two- and three-dimensional figures based on their defining attributes.,"Sketch two-dimensional figures when given defining attributes. Figures are limited to triangles, rectangles, squares and hexagons.",,State Board Approved,,,,,"Students may get confused when asked to draw a two-dimensional figure that has four sides and four vertices. With only those attributes given, students could draw a square or a rectangle as either is acceptable given those attributes.",,,,,,,,,,,
15276,MA.1.GR.1.3,1,Mathematics (B.E.S.T.),Geometric Reasoning,Identify and analyze two- and three-dimensional figures based on their defining attributes.,"Compose and decompose two- and three-dimensional figures. Figures are limited to semi-circles, triangles, rectangles, squares, trapezoids, hexagons, cubes, rectangular prisms, cones and cylinders.",,State Board Approved,,"Clarification 1: Instruction focuses on the understanding of spatial relationships relating to part-whole, and on the connection to breaking apart numbers and putting them back together. | Clarification 2: Composite figures are composed without gaps or overlaps. | Clarification 3: Within this benchmark, it is not the expectation to compose two- and three- dimensional figures at the same time.",,,"Students may not initially recognize that a figure can be made using other figures. Class activities should promote exploring what figures could make a given figure. SSFor example, using pattern blocks a student could manipulate two triangles to make a square, four triangles to make a rectangle, or six triangles to make a hexagon. | SSFor example, using pattern blocks a student could manipulate two triangles to make a square, four triangles to make a rectangle, or six triangles to make a hexagon.",,,,,,,,,,,
15277,MA.1.GR.1.4,1,Mathematics (B.E.S.T.),Geometric Reasoning,Identify and analyze two- and three-dimensional figures based on their defining attributes.,"Given a real-world object, identify parts that are modeled by two- and three-dimensional figures. Figures are limited to semi-circles, triangles, rectangles, squares and hexagons, spheres, cubes, rectangular prisms, cones and cylinders.",,State Board Approved,,,,,Students may not initially recognize that real-world objects can be composed of multiple figures.,,,,,,,,,,,
15278,MA.1.DP.1.1,1,Mathematics (B.E.S.T.),Data Analysis and Probability,"Collect, represent and interpret data using pictographs and tally marks.",Collect data into categories and represent the results using tally marks or pictographs.,,State Board Approved,,Clarification 1: Instruction includes connecting tally marks to counting by 5s. | Clarification 2: Data sets include geometric figures that are categorized using their defining attributes and data from the classroom or school. | Clarification 3: Pictographs are limited to single-unit scales.,,,Students may not recognize that when using tally marks they make a slash through four tally marks to represent a bundle of five tally marks. | Students may misrepresent the count for each data point.,,,,,,,,,,,
15279,MA.1.DP.1.2,1,Mathematics (B.E.S.T.),Data Analysis and Probability,"Collect, represent and interpret data using pictographs and tally marks.",Interpret data represented with tally marks or pictographs by calculating the total number of data points and comparing the totals of different categories.,,State Board Approved,,"Clarification 1: Instruction focuses on the connection to addition and subtraction when calculating the total and comparing, respectively.",,,"Students may misread or misinterpret data by not understanding the context of a question. | Students may try to solve an addition or subtraction problem by making an unnecessary data display. For example, the following question does not require making a data display; Jacob has 10 toy trucks and Courtney has 8 toy trucks. How many more trucks does Jacob have than Courtney? | For example, the following question does not require making a data display; Jacob has 10 toy trucks and Courtney has 8 toy trucks. How many more trucks does Jacob have than Courtney? | Students may make minor errors when answering questions from the data. In these cases, it is helpful to have students write an equation that could be used to solve the problem. | When calculating the total number in the data set students may not recognize that they need to add all categories together.",,,,,,,,,,,
15280,MA.2.NSO.1.1,2,Mathematics (B.E.S.T.),Number Sense and Operations,Understand the place value of three-digit numbers.,"Read and write numbers from 0 to 1,000 using standard form, expanded form and word form.",,State Board Approved,,,,,"Students may identify digits instead of naming their value. For example, students may say the value of the 4 in the number 142 is just 4, as in 4 ones. | For example, students may say the value of the 4 in the number 142 is just 4, as in 4 ones. | Students may misinterpret the value of the ones, tens or hundreds digit as the number of ones, tens or hundreds. For example, students may say that there are 40 tens in the number 142. | For example, students may say that there are 40 tens in the number 142. | Students may have difficulty expressing numbers with zero tens. | Students may incorrectly record the standard form based on word form.",,,,,,,,,,,
15281,MA.2.NSO.1.2,2,Mathematics (B.E.S.T.),Number Sense and Operations,Understand the place value of three-digit numbers.,"Compose and decompose three-digit numbers in multiple ways using hundreds, tens and ones. Demonstrate each composition or decomposition with objects, drawings and expressions or equations.",,State Board Approved,,,,,"Students may think that because the grouping of the digits changes the value also changes.For example, 879 is the same as 87 tens + 9 ones or 8 hundreds+ 79 ones. | For example, 879 is the same as 87 tens + 9 ones or 8 hundreds+ 79 ones. | Students may think that numbers that contain a zero in a place means that the number cannot be decomposed using that place.For example, 205 has 0 tens but can also be decomposed into 20 tens and 5 ones. | For example, 205 has 0 tens but can also be decomposed into 20 tens and 5 ones.",,,,,,,,,,,
15282,MA.2.NSO.1.3,2,Mathematics (B.E.S.T.),Number Sense and Operations,Understand the place value of three-digit numbers.,"Plot, order and compare whole numbers up to 1,000.",,State Board Approved,,"Clarification 1: When comparing numbers, instruction includes using a number line and using place values of the hundreds, tens and ones digits. | Clarification 2: Within this benchmark, the expectation is to use terms (e.g., less than, greater than, between or equal to) and symbols (<, > or =).",,,"Students may incorrectly plot a three-digit numbers in a number line. | Students may not understand that a representation of a smaller portion of a number line (200 − 220) may have the same physical size as a representation of a larger number line (0 − 1,000). | Students may have difficulty comparing two numbers that have the same digits in a different order (i.e., 852 and 582).",,,,,,,,,,,
15283,MA.2.NSO.1.4,2,Mathematics (B.E.S.T.),Number Sense and Operations,Understand the place value of three-digit numbers.,Round whole numbers from 0 to 100 to the nearest 10.,,State Board Approved,,"Clarification 1: Within the benchmark, the expectation is to understand that rounding is a process that produces a number with a similar value that is less precise but easier to use.",,,"Students may round down instead of up when there is a 5 in the ones place. | Students may not be able to identify which two tens a number is between. | For example, a student may not be able to determine that 72 is between 70 and 80. | Students may look at the digit in the tens place to determine how to round, rather than the ones place.",,,,,,,,,,,
15284,MA.2.NSO.2.1,2,Mathematics (B.E.S.T.),Number Sense and Operations,Add and subtract two- and three-digit whole numbers.,Recall addition facts with sums to 20 and related subtraction facts with automaticity.,,State Board Approved,,,,,Students may rely heavily on visual representation or manipulatives.,,,,,,,,,,,
15285,MA.2.NSO.2.2,2,Mathematics (B.E.S.T.),Number Sense and Operations,Add and subtract two- and three-digit whole numbers.,"Identify the number that is ten more, ten less, one hundred more and one hundred less than a given three-digit number.",,State Board Approved,,,,,"Students may incorrectly assume ten more, ten less, one hundred more and one hundred less can only be applied to multiples of ten. | Students may have difficulty determining 10 more or 10 less than a three-digit number, especially when combining tens to make a hundred or decomposing a hundred into tens. For example, students may not be able to determine that 10 more than 192 is 202. Utilizing a number line or chart may be helpful in visualizing this. | For example, students may not be able to determine that 10 more than 192 is 202. Utilizing a number line or chart may be helpful in visualizing this.",,,,,,,,,,,
15286,MA.2.NSO.2.3,2,Mathematics (B.E.S.T.),Number Sense and Operations,Add and subtract two- and three-digit whole numbers.,"Add two whole numbers with sums up to 100 with procedural reliability. Subtract a whole number from a whole number, each no larger than 100, with procedural reliability.",,State Board Approved,,Clarification 1: Instruction focuses on helping a student choose a method they can use reliably.,,,Students may regroup ones incorrectly or forget to regroup the ones. | Students may always think it is necessary to subtract the lesser digit from the greater digit. | Students who use a vertical method may record the total sum of the digits in a place value instead of regrouping.,,,,,,,,,,,
15287,MA.2.NSO.2.4,2,Mathematics (B.E.S.T.),Number Sense and Operations,Add and subtract two- and three-digit whole numbers.,"Explore the addition of two whole numbers with sums up to 1,000. Explore the subtraction of a whole number from a whole number, each no larger than 1,000.",,State Board Approved,,"Clarification 1: Instruction includes the use of manipulatives, number lines, drawings or properties of operations or place value. | Clarification 2: Instruction focuses on composing and decomposing ones, tens and hundreds when needed.",,,"Students may try to apply properties of addition, such as the commutative property, to solve subtraction problems. | Students may regroup but also include an additional, unnecessary ten or hundred. | Students may incorrectly add or subtract because they have lost track of the value of digits.",,,,,,,,,,,
15290,MA.2.AR.1.1,2,Mathematics (B.E.S.T.),Algebraic Reasoning,Solve addition problems with sums between 0 and 100 and related subtraction problems.,Solve one- and two-step addition and subtraction real-world problems.,,State Board Approved,,"Clarification 1: Instruction includes understanding the context of the problem, as well as the quantities within the problem. | Clarification 2: Problems include creating real-world situations based on an equation. | Clarification 3: Addition and subtraction are limited to sums up to 100 and related differences. Refer to Situations Involving Operations with Numbers (Appendix A).",,,Students may have difficulty interpreting the quantities in the context of the problem or misidentifying the operation needed to solve the problem. | Students may interpret a start or change unknown problem as a result unknown problem. | Students may look for key words which can lead to the wrong operation and cause students to ignore context and reasoning.,,,,,,,,,,,
15291,MA.2.AR.2.1,2,Mathematics (B.E.S.T.),Algebraic Reasoning,Demonstrate an understanding of equality and addition and subtraction.,Determine and explain whether equations involving addition and subtraction are true or false.,,State Board Approved,,Clarification 1: Instruction focuses on understanding of the equal sign. | Clarification 2: Problem types are limited to an equation with three or four terms. The sum or difference can be on either side of the equal sign. | Clarification 3: Addition and subtraction are limited to sums up to 100 and related differences.,,,Students may not understand the equal sign means “the same as” and only relate it to “the answer is.” | Students may think the equal sign requires them to do something.,,,,,,,,,,,
15292,MA.2.AR.2.2,2,Mathematics (B.E.S.T.),Algebraic Reasoning,Demonstrate an understanding of equality and addition and subtraction.,"Determine the unknown whole number in an addition or subtraction equation, relating three or four whole numbers, with the unknown in any position.",,State Board Approved,,Clarification 1: Instruction extends the development of algebraic thinking skills where the symbolic representation of the unknown uses any symbol other than a letter. | Clarification 2: Problems include having the unknown on either side of the equal sign. | Clarification 3: Addition and subtraction are limited to sums up to 100 and related differences. Refer to Situations Involving Operations with Numbers (Appendix A).,,,Students may confuse the value on one side of the equation with an unknown number. | Students may think equivalent values have to look identical. | Students may incorrectly use compensation to add or subtract.,,,,,,,,,,,
15293,MA.2.AR.3.1,2,Mathematics (B.E.S.T.),Algebraic Reasoning,Develop an understanding of multiplication.,Represent an even number using two equal groups or two equal addends. Represent an odd number using two equal groups with one left over or two equal addends plus 1.,,State Board Approved,,"Clarification 1: Instruction focuses on the connection of recognizing even and odd numbers using skip counting, arrays and patterns in the ones place. | Clarification 2: Addends are limited to whole numbers less than or equal to 12.",,,Students may think a number is odd if the doubles addition fact involves odd numbers.,,,,,,,,,,,
15294,MA.2.AR.3.2,2,Mathematics (B.E.S.T.),Algebraic Reasoning,Develop an understanding of multiplication.,Use repeated addition to find the total number of objects in a collection of equal groups. Represent the total number of objects using rectangular arrays and equations.,,State Board Approved,,"Clarification 1: Instruction includes making a connection between arrays and repeated addition, which builds a foundation for multiplication. | Clarification 2: The total number of objects is limited to 25.",,,Students may mistakenly add the number of rows and columns instead of the number of objects in each row. | Students may count the array total as the perimeter instead of the area. | Students may not recognize that when rows and columns are rearranged in arrays the total number of objects in the array remains the same.,,,,,,,,,,,
15295,MA.2.M.1.1,2,Mathematics (B.E.S.T.),Measurement,Measure the length of objects and solve problems involving length.,"Estimate and measure the length of an object to the nearest inch, foot, yard, centimeter or meter by selecting and using an appropriate tool.",,State Board Approved,,"Clarification 1: Instruction includes seeing rulers and tape measures as number lines. | Clarification 2: Instruction focuses on recognizing that when an object is measured in two different units, fewer of the larger units are required. When comparing measurements of the same object in different units, measurement conversions are not expected. | Clarification 3: When estimating the size of an object, a comparison with an object of known size can be used.",,,"Students may misalign the ruler with the object and measure an object from 1 instead of 0. | Students may count all marks, not just the whole-unit marks, when labeling a ruler. | Students may not have a clear concept of the approximate length of an inch, a foot, a centimeter or a meter.",,,,,,,,,,,
15296,MA.2.M.1.2,2,Mathematics (B.E.S.T.),Measurement,Measure the length of objects and solve problems involving length.,Measure the lengths of two objects using the same unit and determine the difference between their measurements.,,State Board Approved,,"Clarification 1: Within this benchmark, the expectation is to measure objects to the nearest inch, foot, yard, centimeter or meter.",,,"Students may always choose to use a ruler to measure length, even when the object is longer than a ruler. | Students may count all tick marks, not just the whole-unit marks, when reading a measurement tool and misread the nearest whole unit. | Students may add instead of subtract to find the difference between the two lengths or try to subtract the longer length from the shorter length because they measured them in that order.",,,,,,,,,,,
15297,MA.2.M.1.3,2,Mathematics (B.E.S.T.),Measurement,Measure the length of objects and solve problems involving length.,Solve one- and two-step real-world measurement problems involving addition and subtraction of lengths given in the same units.,,State Board Approved,,Clarification 1: Addition and subtraction problems are limited to sums within 100 and related differences.,,,Students may regroup numbers incorrectly or unnecessarily when subtracting. | Students may incorrectly decide to add or when to subtract based on the context of the problem.,,,,,,,,,,,
15298,MA.2.M.2.1,2,Mathematics (B.E.S.T.),Measurement,Tell time and solve problems involving money.,"Using analog and digital clocks, tell and write time to the nearest five minutes using a.m. and p.m. appropriately. Express portions of an hour using the fractional terms half an hour, half past, quarter of an hour, quarter after and quarter til.",,State Board Approved,,"Clarification 1: Instruction includes the connection to partitioning of circles and to the number line. | Clarification 2: Within this benchmark, the expectation is not to understand military time.",,,"Students may incorrectly identify the minute and the hour hand. | Students may think that when the hour hand is pointing between two numbers, the hour corresponds to the larger number. | Students may incorrectly skip count by 5s. | Students may have difficulty identifying the time when the hour hand is approaching the next hour.",,,,,,,,,,,
15299,MA.2.M.2.2,2,Mathematics (B.E.S.T.),Measurement,Tell time and solve problems involving money.,Solve one- and two-step addition and subtraction real-world problems involving either dollar bills within $100 or coins within 100&cent; using $ and &cent; symbols appropriately.,,State Board Approved,,"Clarification 1: Within this benchmark, the expectation is not to use decimal values. | Clarification 2: Addition and subtraction problems are limited to sums within 100 and related differences. Refer to Situations Involving Operations with Numbers (Appendix A).",,,Student may confuse coin or coin collection values that occur within the word problems. | Students may incorrectly decide to add or when to subtract based on the context of the problem. | Students may regroup numbers incorrectly or unnecessarily when adding or subtracting.,,,,,,,,,,,
15300,MA.2.GR.1.1,2,Mathematics (B.E.S.T.),Geometric Reasoning,Identify and analyze two-dimensional figures and identify lines of symmetry.,"Identify and draw two-dimensional figures based on their defining attributes. Figures are limited to triangles, rectangles, squares, pentagons, hexagons and octagons.",,State Board Approved,,"Clarification 1: Within this benchmark, the expectation includes the use of rulers and straight edges.",,,"Students may misidentify a figure based on a non-defining attribute. | Students may not recognize figures that have been rotated or that are irregular. | Students may struggle with content related vocabulary (i.e. sides, faces, vertex/vertices, etc.)",,,,,,,,,,,
15301,MA.2.GR.1.2,2,Mathematics (B.E.S.T.),Geometric Reasoning,Identify and analyze two-dimensional figures and identify lines of symmetry.,"Categorize two-dimensional figures based on the number and length of sides, number of vertices, whether they are closed or not and whether the edges are curved or straight.",,State Board Approved,,Clarification 1: Instruction focuses on using formal and informal language to describe defining attributes when categorizing.,,,Students may not realize figures can be categorized in more than one way. | Students may have difficulty categorizing figures that are considered irregular.,,,,,,,,,,,
15302,MA.2.GR.1.3,2,Mathematics (B.E.S.T.),Geometric Reasoning,Identify and analyze two-dimensional figures and identify lines of symmetry.,Identify line(s) of symmetry for a two-dimensional figure.,,State Board Approved,,Clarification 1: Instruction focuses on the connection between partitioning two-dimensional figures and symmetry. | Clarification 2: Problem types include being given an image and determining whether a given line is a line of symmetry or not.,,,Students may assume a figure has the same number of lines of symmetry as sides or that a figure with more sides has more lines of symmetry. | Students may assume all diagonals are lines of symmetry. | Students may think two halves will always create a line of symmetry. | Students may think all figures have a line of symmetry.,,,,,,,,,,,
15303,MA.2.GR.2.1,2,Mathematics (B.E.S.T.),Geometric Reasoning,Describe perimeter and find the perimeter of polygons.,Explore perimeter as an attribute of a figure by placing unit segments along the boundary without gaps or overlaps. Find perimeters of rectangles by counting unit segments.,,State Board Approved,,"Clarification 1: Instruction emphasizes the conceptual understanding that perimeter is an attribute that can be measured for a two-dimensional figure. | Clarification 2: Instruction includes real-world objects, such as picture frames or desktops.",,,Students may miscount or double count the number of unit segments.,,,,,,,,,,,
15304,MA.2.GR.2.2,2,Mathematics (B.E.S.T.),Geometric Reasoning,Describe perimeter and find the perimeter of polygons.,"Find the perimeter of a polygon with whole-number side lengths. Polygons are limited to triangles, rectangles, squares and pentagons.",,State Board Approved,,"Clarification 1: Instruction includes the connection to the associative and commutative properties of addition. Refer to Properties of Operations, Equality and Inequality (Appendix D). | Clarification 2: Within this benchmark, the expectation is not to use a formula to find perimeter. | Clarification 3: Instruction includes cases where the side lengths are given or measured to the nearest unit. | Clarification 4: Perimeter cannot exceed 100 units and responses include the appropriate units.",,,Students may add incorrectly when adding up the side lengths of a polygon. | Students may not add up all the sides (i.e. they may add two sides of a rectangle instead of all four side lengths). | Students may leave gaps when measuring objects with tiles. | Students may need support in making the connection to the commutative and associative properties when determining the perimeter of a figure.,,,,,,,,,,,
15305,MA.2.DP.1.1,2,Mathematics (B.E.S.T.),Data Analysis and Probability,"Collect, categorize, represent and interpret data using appropriate titles, labels and units.","Collect, categorize and represent data using tally marks, tables, pictographs or bar graphs. Use appropriate titles, labels and units.",,State Board Approved,,"Clarification 1: Data displays can be represented both horizontally and vertically. Scales on graphs are limited to ones, fives or tens.",,,"Students may formulate questions that involve only mathematical data. | Students may ignore categories and only list data points. For example, students may be collecting data on favorite color (8 red, 5 blue, 7 green) and may only list 8, 5 and 7. | For example, students may be collecting data on favorite color (8 red, 5 blue, 7 green) and may only list 8, 5 and 7. | Students may put the data totals in the incorrect categories. | Students may misrepresent the count for each data point.",,,,,,,,,,,
15306,MA.2.DP.1.2,2,Mathematics (B.E.S.T.),Data Analysis and Probability,"Collect, categorize, represent and interpret data using appropriate titles, labels and units.","Interpret data represented with tally marks, tables, pictographs or bar graphs including solving addition and subtraction problems.",,State Board Approved,,"Clarification 1: Addition and subtraction problems are limited to whole numbers with sums within 100 and related differences. | Clarification 2: Data displays can be represented both horizontally and vertically. Scales on graphs are limited to ones, fives or tens.",,,Students may miscount the number of pictures in a pictograph graph or misread the height of a bar in a bar graph. | Students may think that one picture of an item in a pictograph represents only one item.,,,,,,,,,,,
15307,MA.3.NSO.1.1,3,Mathematics (B.E.S.T.),Number Sense and Operations,Understand the place value of four-digit numbers.,"Read and write numbers from 0 to 10,000 using standard form, expanded form and word form.",,State Board Approved,,,,,"When the value of a digit in a multi-digit whole number is 0, students can misunderstand that it represents 0 of that place value. For example, in the number 2,530, there are 0 ones. In the number 1,008, there are 0 hundreds and 0 tens.",,,,,,,,,,,
15308,MA.3.NSO.1.2,3,Mathematics (B.E.S.T.),Number Sense and Operations,Understand the place value of four-digit numbers.,"Compose and decompose four-digit numbers in multiple ways using thousands, hundreds, tens and ones. Demonstrate each composition or decomposition using objects, drawings and expressions or equations.",,State Board Approved,,,,,"Students can misunderstand that the 5 in 57 represents 5, not 50 or 5 tens. Students need practice with representing two and three-digit numbers with manipulatives that group (base ten blocks) and those that do NOT group, such as counters, etc. | Students can misunderstand that when decomposing a number in multiple ways, the value of the number does not change. 879 is the same as 87 tens + 9 ones and 8 hundreds + 79 ones.",,,,,,,,,,,
15309,MA.3.NSO.1.3,3,Mathematics (B.E.S.T.),Number Sense and Operations,Understand the place value of four-digit numbers.,"Plot, order and compare whole numbers up to 10,000.",,State Board Approved,,"Clarification 1: When comparing numbers, instruction includes using an appropriately scaled number line and using place values of the thousands, hundreds, tens and ones digits. | Clarification 2: Number lines, scaled by 50s, 100s or 1,000s, must be provided and can be a representation of any range of numbers. | Clarification 3: Within this benchmark, the expectation is to use symbols (<, > or =).",,,"Often students think of these relational symbols as operational symbols instead. In order to address this misconception, allow students to have practice using the number line and/or place value blocks to see the relationship between one number and the other.",,,,,,,,,,,
15310,MA.3.NSO.1.4,3,Mathematics (B.E.S.T.),Number Sense and Operations,Understand the place value of four-digit numbers.,"Round whole numbers from 0 to 1,000 to the nearest 10 or 100.",,State Board Approved,,,,,"Students can confuse the place value to which they are rounding. For example, students mistakenly round 923 to 900 when rounding to the nearest ten because they observe 2 tens and round to 900, instead of using the ones value of 3 to help them determine that 923 is closest to 920. The use of benchmarks numbers and number lines helps students understand rounding conceptually. | Students assume numbers that are already located at benchmarks cannot be rounded. For example, students think that 920 cannot be rounded to the nearest ten. | It is imperative for students to develop a conceptual understanding of rounding, such as what the benchmarks are, using place value understanding to round numbers without instruction of mnemonics, rhymes or songs.",,,,,,,,,,,
15311,MA.3.NSO.2.1,3,Mathematics (B.E.S.T.),Number Sense and Operations,Add and subtract multi-digit whole numbers. Build an understanding of multiplication and division operations.,Add and subtract multi-digit whole numbers including using a standard algorithm with procedural fluency.,,State Board Approved,,,,,"Students who learn a standard algorithm without being able to explain why it works using place value understanding often make computational errors and/or cannot determine if their solutions are reasonable. To assist students with this misconception, students should justify the algorithm they choose by checking for reasonableness. | Students who cannot explain their steps mathematically often have difficulty understanding regrouping. Many computational errors are a result of students not discovering this conceptual understanding while they practiced adding and subtracting with procedural reliability in Grade 2 (MA.2.NSO.2.3 and MA.2.NSO.2.4). Instruction that focuses on learning standard algorithms for addition and subtraction as a series of steps without checking for conceptual understanding will contribute to regrouping errors.",,,,,,,,,,,
15312,MA.3.NSO.2.2,3,Mathematics (B.E.S.T.),Number Sense and Operations,Add and subtract multi-digit whole numbers. Build an understanding of multiplication and division operations.,"Explore multiplication of two whole numbers with products from 0 to 144, and related division facts.",,State Board Approved,,"Clarification 1: Instruction includes equal groups, arrays, area models and equations. | Clarification 2: Within the benchmark, it is the expectation that one problem can be represented in multiple ways and understanding how the different representations are related to each other. | Clarification 3: Factors and divisors are limited to up to 12.",,,"Students may have difficulty relating word problems and real-world scenarios to models, expressions, and equations. For example, students may not differentiate the number of groups versus the number in each group in multiplication, which then impacts their models, expressions, and equations. | Students may be confused by measurement (or quotative) division when the amount in each group is given and the number of equal-sized groups is found.",,,,,,,,,,,
15313,MA.3.NSO.2.3,3,Mathematics (B.E.S.T.),Number Sense and Operations,Add and subtract multi-digit whole numbers. Build an understanding of multiplication and division operations.,"Multiply a one-digit whole number by a multiple of 10, up to 90, or a multiple of 100, up to 900, with procedural reliability.",,State Board Approved,,"Clarification 1: When multiplying one-digit numbers by multiples of 10 or 100, instruction focuses on methods that are based on place value.",,,"Students can quickly jump to the conclusion that they can “count zeroes” to determine the number of zeroes in the product (e.g., the product of 7 x 500 will have two zeroes because 500 has two zeroes). This can confuse students when the products of the known facts already end in zero (e.g., using 5 × 8 = 40 to multiply 5 × 80). Students who rely on this trick will often indicate that 5 × 80 = 40 because they see only one zero in the factors.",,,,,,,,,,,
15314,MA.3.NSO.2.4,3,Mathematics (B.E.S.T.),Number Sense and Operations,Add and subtract multi-digit whole numbers. Build an understanding of multiplication and division operations.,Multiply two whole numbers from 0 to 12 and divide using related facts with procedural reliability.,,State Board Approved,,Clarification 1: Instruction focuses on helping a student choose a method they can use reliably.,,,"This benchmark does not support students’ memorization of multiplication and division facts. Memorization does not indicate work toward multiplication and division fact fluency. Students should be able to explain how they know multiplication and division facts, and how they can find products and quotients of unknown facts.",,,,,,,,,,,
15315,MA.3.FR.1.1,3,Mathematics (B.E.S.T.),Fractions,Understand fractions as numbers and represent fractions.,Represent and interpret unit fractions in the form 1/n as the quantity formed by one part when a whole is partitioned into n equal parts.,,State Board Approved,,"Clarification 1: This benchmark emphasizes conceptual understanding through the use of manipulatives or visual models. | Clarification 2: Instruction focuses on representing a unit fraction as part of a whole, part of a set, a point on a number line, a visual model or in fractional notation. | Clarification 3: Denominators are limited to 2, 3, 4, 5, 6, 8, 10 and 12.",,,"Students can misconceive the difference between the meaning of numerators and denominators in fractions. For this reason, it is important for teachers and students to represent unit fractions in multiple ways to understand how they relate to a whole. Representations can be modeled together (e.g., fraction strips side-by-side with number lines, or relationship rods side-by-side with number lines) to help build student understanding. | Students can misconceive that the smaller the denominator, the smaller the piece, or the larger the denominator, the larger the piece. This is due to thinking and reasoning where students worked with whole numbers (the smaller a number, the less it is, or the larger a number, the more it is). To correct this misconception, have students utilize different models, such as fraction bars and number lines, which would provide students opportunities to compare unit fractions and to reason about their sizes. | Students can misconceive that all shapes can be partitioned the same way. To assist with this misconception, have students practice with presenting shapes other than circles, squares or rectangles to prevent students from overgeneralizing that all shapes can be divided the same way.",,,,,,,,,,,
15316,MA.3.FR.1.2,3,Mathematics (B.E.S.T.),Fractions,Understand fractions as numbers and represent fractions.,"Represent and interpret fractions, including fractions greater than one, in the form of mn as the result of adding the unit fraction 1n to itself mtimes.",,State Board Approved,,"Clarification 1: Instruction emphasizes conceptual understanding through the use of manipulatives or visual models, including circle graphs, to represent fractions. | Clarification 2: Denominators are limited to 2, 3, 4, 5, 6, 8, 10 and 12.",,,"Students can misconceive that fractions equal to and greater than 1 can also be represented as the sum of unit fractions (e.g.,52 = 12 + 12+ 12 + 12 + 12 ). Flexible representations of models (e.g., rectangular area models that align with number lines) help students connect their understanding of fractions and how they are decomposed into unit fractions.",,,,,,,,,,,
15317,MA.3.FR.1.3,3,Mathematics (B.E.S.T.),Fractions,Understand fractions as numbers and represent fractions.,"Read and write fractions, including fractions greater than one, using standard form, numeral-word form and word form.",,State Board Approved,,"Clarification 1: Instruction focuses on making connections to reading and writing numbers to develop the understanding that fractions are numbers and to support algebraic thinking in later grades. | Clarification 2: Denominators are limited to 2, 3, 4, 5, 6, 8, 10 and 12.",,,"Students can misinterpret fractions as two numbers that are being compared (e.g., reading “1 over 2” instead of one-half). The use of precise vocabulary helps them understand that a fraction is a representation of one number. | Students can misinterpret that a fraction always models part of one whole. Exceptions to this misconception are fractions greater than one or fractions represented on number lines and in sets of objects.",,,,,,,,,,,
15318,MA.3.FR.2.1,3,Mathematics (B.E.S.T.),Fractions,Order and compare fractions and identify equivalent fractions.,"Plot, order and compare fractional numbers with the same numerator or the same denominator.",,State Board Approved,,"Clarification 1: Instruction includes making connections between using a ruler and plotting and ordering fractions on a number line. | Clarification 2: When comparing fractions, instruction includes an appropriately scaled number line and using reasoning about their size. | Clarification 3: Fractions include fractions greater than one, including mixed numbers, with denominators limited to 2, 3, 4, 5, 6, 8, 10 and 12.",,,"Students can be confused that when numerators are the same in fractions, larger denominators represent smaller pieces, and smaller denominators represent larger pieces. | When fraction comparisons are made using area models, students may be confused that the size of the whole for each model must be the same size.",,,,,,,,,,,
15319,MA.3.FR.2.2,3,Mathematics (B.E.S.T.),Fractions,Order and compare fractions and identify equivalent fractions.,Identify equivalent fractions and explain why they are equivalent.,,State Board Approved,,"Clarification 1: Instruction includes identifying equivalent fractions and explaining why they are equivalent using manipulatives, drawings, and number lines. | Clarification 2: Within this benchmark, the expectation is not to generate equivalent fractions. | Clarification 3: Fractions are limited to fractions less than or equal to one with denominators of 2, 3, 4, 5, 6, 8, 10 and 12. Number lines must be given and scaled appropriately.",,,"Students can be confused that when numerators are the same in fractions, larger denominators represent smaller pieces, and smaller denominators represent larger pieces",,,,,,,,,,,
15320,MA.3.AR.1.1,3,Mathematics (B.E.S.T.),Algebraic Reasoning,Solve multiplication and division problems.,Apply the distributive property to multiply a one-digit number and two-digit number. Apply properties of multiplication to find a product of one-digit whole numbers.,,State Board Approved,,"Clarification 1: Within this benchmark, the expectation is to apply the associative and commutative properties of multiplication, the distributive property and name the properties. Refer to K-12 Glossary (Appendix C). | Clarification 2: Within the benchmark, the expectation is to utilize parentheses. | Clarification 3: Multiplication for products of three or more numbers is limited to factors within 12. Refer to Properties of Operations, Equality and Inequality (Appendix D).",,,"Students can be confused about how to write expressions using the distributive property. One common mistake that students make is writing an expression 4 × 72 as (4 × 70) × (4 × 2) instead of (4 × 70) + (4 × 2). Instruction should show concrete models (e.g., base ten drawings) along with equations so students can understand the relationship between multiplication and addition while applying the property and writing expressions.",,,,,,,,,,,
15321,MA.3.AR.1.2,3,Mathematics (B.E.S.T.),Algebraic Reasoning,Solve multiplication and division problems.,Solve one- and two-step real-world problems involving any of four operations with whole numbers.,,State Board Approved,,"Clarification 1: Instruction includes understanding the context of the problem, as well as the quantities within the problem. | Clarification 2: Multiplication is limited to factors within 12 and related division facts. Refer to Situations Involving Operations with Numbers (Appendix A).",,,"Students may have difficulty creating effective models (e.g., drawings, equations) that will help them solve real-world problems. To assist students, provide opportunities for them to estimate solutions and try different models before solving. Beginning instruction by showing problems without their quantities is a strategy for helping students determine what steps and operations will be used to solve. | Students may also have difficulty identifying when real-world problems require two steps to solve and will complete only one of the steps. Focusing on comprehension of real-world problems helps students determine what step(s) are required to solve.",,,,,,,,,,,
15322,MA.3.AR.2.1,3,Mathematics (B.E.S.T.),Algebraic Reasoning,Develop an understanding of equality and multiplication and division.,Restate a division problem as a missing factor problem using the relationship between multiplication and division.,,State Board Approved,,"Clarification 1: Multiplication is limited to factors within 12 and related division facts. | Clarification 2: Within this benchmark, the symbolic representation of the missing factor uses any symbol or a letter.",,,Students may have difficulty understanding that the quotient of a division equation will become a factor in a multiplication equation. Allowing students to use an array model and/or reinforcing fact families may help to clarify the relationship.,,,,,,,,,,,
15323,MA.3.AR.2.2,3,Mathematics (B.E.S.T.),Algebraic Reasoning,Develop an understanding of equality and multiplication and division.,Determine and explain whether an equation involving multiplication or division is true or false.,,State Board Approved,,Clarification 1: Instruction extends the understanding of the meaning of the equal sign to multiplication and division. | Clarification 2: Problem types are limited to an equation with three or four terms. The product or quotient can be on either side of the equal sign. | Clarification 3: Multiplication is limited to factors within 12 and related division facts.,,,"By Grade 3, students may grow to expect equation solutions to be represented as the expressions on the right side of the equal sign. When having students evaluate true or false equations with only three terms (e.g., 18 = 3 × 6), teachers should give examples showing products and quotients on the left side.",,,,,,,,,,,
15324,MA.3.AR.2.3,3,Mathematics (B.E.S.T.),Algebraic Reasoning,Develop an understanding of equality and multiplication and division.,"Determine the unknown whole number in a multiplication or division equation, relating three whole numbers, with the unknown in any position.",,State Board Approved,,Clarification 1: Instruction extends the development of algebraic thinking skills where the symbolic representation of the unknown uses any symbol or a letter. | Clarification 2: Problems include the unknown on either side of the equal sign. | Clarification 3: Multiplication is limited to factors within 12 and related division facts. Refer to Situations Involving Operations with Numbers (Appendix A).,,,"By Grade 3, many students expect the solutions of equations to be an expression on the right side of the equal sign. When students determine unknown values in multiplication or division equations, give examples with the product or quotient on the left side.",,,,,,,,,,,
15325,MA.3.AR.3.1,3,Mathematics (B.E.S.T.),Algebraic Reasoning,"Identify numerical patterns, including multiplicative patterns.","Determine and explain whether a whole number from 1 to 1,000 is even or odd.",,State Board Approved,,Clarification 1: Instruction includes determining and explaining using place value and recognizing patterns.,,,"Students may confuse that in an even number, the ones digit indicates whether it is a multiple of 2. For example, students may look at the number 883 as even because the digit 8 in the hundreds and tens places is even.",,,,,,,,,,,
15326,MA.3.AR.3.2,3,Mathematics (B.E.S.T.),Algebraic Reasoning,"Identify numerical patterns, including multiplicative patterns.",Determine whether a whole number from 1 to 144 is a multiple of a given one-digit number.,,State Board Approved,,Clarification 1: Instruction includes determining if a number is a multiple of a given number by using multiplication or division.,,,"When listing multiples of numbers, students may not list the number itself. It is important to emphasize that the smallest multiple is the number itself. Having students write multiples of a number by consecutive factors beginning with one.",,,,,,,,,,,
15327,MA.3.AR.3.3,3,Mathematics (B.E.S.T.),Algebraic Reasoning,"Identify numerical patterns, including multiplicative patterns.","Identify, create and extend numerical patterns.",,State Board Approved,,"Clarification 1: The expectation is to use ordinal numbers (1st, 2nd, 3rd, …) to describe the position of a number within a sequence. | Clarification 2: Problem types include patterns involving addition, subtraction, multiplication or division of whole numbers.",,,"Students can confuse a term’s number and its value in the sequence. For example, in the pattern 6, 12, 18,..., students can struggle to understand that even though 12 is the 2nd term, 6 is being added to it to find the value of the 3rd term (18). Encourage students to use precise vocabulary while describing patterns to address this confusion.",,,,,,,,,,,
15328,MA.3.M.1.1,3,Mathematics (B.E.S.T.),Measurement,Measure attributes of objects and solve problems involving measurement.,"Select and use appropriate tools to measure the length of an object, the volume of liquid within a beaker and temperature.",,State Board Approved,,"Clarification 1: Instruction focuses on identifying measurement on a linear scale, making the connection to the number line. | Clarification 2: When measuring the length, limited to the nearest centimeter and half or quarter inch. | Clarification 3: When measuring the temperature, limited to the nearest degree. | Clarification 4: When measuring the volume of liquid, limited to nearest milliliter and half or quarter cup.",,,"Students who struggle to identify benchmarks on number lines can also struggle to measure units of length, liquid volume, and temperature. To assist students, teachers should allow students to measure often and provide feedback. Students can also complete error and reasoning analysis activities to identify this common measurement difficulty.",,,,,,,,,,,
15329,MA.3.M.1.2,3,Mathematics (B.E.S.T.),Measurement,Measure attributes of objects and solve problems involving measurement.,"Solve real-world problems involving any of the four operations with whole-number lengths, masses, weights, temperatures or liquid volumes.",,State Board Approved,,"Clarification 1: Within this benchmark, it is the expectation that responses include appropriate units. | Clarification 2: Problem types are not expected to include measurement conversions. | Clarification 3: Instruction includes the comparison of attributes measured in the same units. | Clarification 4: Units are limited to yards, feet, inches; meters, centimeters; pounds, ounces; kilograms, grams; degrees Fahrenheit, degrees Celsius; gallons, quarts, pints, cups; and liters, milliliters.",,,"Students who struggle to identify benchmarks on number lines can also struggle to measure units of length, liquid volume, and temperature. Allow students to measure often and receive feedback. Students can also use error and reasoning analysis activities to identify this common measurement difficulty. | Students may have difficulty creating effective models (e.g., drawings, equations) that will help them solve real-world problems. To assist students, provide opportunities for them to estimate solutions and try different models before solving. Beginning instruction by showing problems without their quantities is a strategy for helping students determine what steps and operations will be used to solve. | Students can struggle to identify when real-world problems require two steps to solve and will complete only one of the steps. Focusing on comprehension of real-world problems helps students determine what step(s) are required to solve.",,,,,,,,,,,
15330,MA.3.M.2.1,3,Mathematics (B.E.S.T.),Measurement,Tell and write time and solve problems involving time.,Using analog and digital clocks tell and write time to the nearest minute using a.m. and p.m. appropriately.,,State Board Approved,,"Clarification 1: Within this benchmark, the expectation is not to understand military time.",,,"Students can misrepresent the location of the hour hand when expressing a given time on an analog clock. For example, when representing the hour hand for 3:19, students can be unsure where the hour hand is located between the 3 and 4. Model reasoning with students that the hour hand should be less than half way between 3 and 4 because 3:19 is before 3:30 when the hour hand would be in the middle. Allow for classroom discussions that encourage students to justify the location of hour hands between benchmarks when representing analog time.",,,,,,,,,,,
15331,MA.3.M.2.2,3,Mathematics (B.E.S.T.),Measurement,Tell and write time and solve problems involving time.,Solve one- and two-step real-world problems involving elapsed time.,,State Board Approved,,"Clarification 1: Within this benchmark, the expectation is not to include crossing between a.m. and p.m.",,,"Students can confuse when time crosses the hour because it does not follow the familiar base ten pattern. For example, students can misinterpret that the elapsed time between 9:55 a.m. and 10:05 a.m. and state that the elapsed time is 50 minutes because they have found the difference from 55 to 105. The use of number lines and clocks side-by-side help students build understanding about how elapsed time is calculated.",,,,,,,,,,,
15332,MA.3.GR.1.1,3,Mathematics (B.E.S.T.),Geometric Reasoning,Describe and identify relationships between lines and classify quadrilaterals.,"Describe and draw points, lines, line segments, rays, intersecting lines, perpendicular lines and parallel lines. Identify these in two-dimensional figures.",,State Board Approved,,"Clarification 1: Instruction includes mathematical and real-world context for identifying points, lines, line segments, rays, intersecting lines, perpendicular lines and parallel lines. | Clarification 2: When working with perpendicular lines, right angles can be called square angles or square corners.",,,"Students can confuse some pairs of intersecting lines as perpendicular. Encourage students to justify their thinking whenever they reason about geometric concepts. For example, students can use the corners of a standard sheet of paper or index card as a comparison to determine whether a pair of intersecting lines is perpendicular. | Students may struggle to identify examples of points, lines, line segments, rays, intersecting lines, perpendicular lines and parallel lines in real-world examples. Teachers can model and include many examples for students to explore within the learning space.",,,,,,,,,,,
15333,MA.3.GR.1.2,3,Mathematics (B.E.S.T.),Geometric Reasoning,Describe and identify relationships between lines and classify quadrilaterals.,"Identify and draw quadrilaterals based on their defining attributes. Quadrilaterals include parallelograms, rhombi, rectangles, squares and trapezoids.",,State Board Approved,,"Clarification 1: Instruction includes a variety of quadrilaterals and a variety of non-examples that lack one or more defining attributes when identifying quadrilaterals. | Clarification 2: Quadrilaterals will be filled, outlined or both when identifying. | Clarification 3: Drawing representations must be reasonably accurate.",,,"Students can confuse some pairs of intersecting lines as perpendicular. Encourage students to justify their thinking whenever they reason about geometric concepts. For example, students can use the corners of a standard sheet of paper as a comparison to determine whether a pair of intersecting lines is perpendicular. | Some students may assume all quadrilaterals must have attributes of squares, rhombi, rectangles, squares, and trapezoids. During instruction, it is important for students to determine that a figure lacking further defining attributes (such as a kite) can still be a quadrilateral.",,,,,,,,,,,
15334,MA.3.GR.1.3,3,Mathematics (B.E.S.T.),Geometric Reasoning,Describe and identify relationships between lines and classify quadrilaterals.,Draw line(s) of symmetry in a two-dimensional figure and identify line-symmetric two-dimensional figures.,,State Board Approved,,"Clarification 1: Instruction develops the understanding that there could be no line of symmetry, exactly one line of symmetry or more than one line of symmetry. | Clarification 2: Instruction includes folding paper along a line of symmetry so that both halves match exactly to confirm line-symmetric figures.",,,Students can miss identifying all lines of symmetry in line-symmetric figures. Encourage classroom discussions and have students justify their arguments about lines of symmetry using their partitioned representations.,,,,,,,,,,,
15335,MA.3.GR.2.1,3,Mathematics (B.E.S.T.),Geometric Reasoning,Solve problems involving the perimeter and area of rectangles.,Explore area as an attribute of a two-dimensional figure by covering the figure with unit squares without gaps or overlaps. Find areas of rectangles by counting unit squares.,,State Board Approved,,"Clarification 1: Instruction emphasizes the conceptual understanding that area is an attribute that can be measured for a two-dimensional figure. The measurement unit for area is the area of a unit square, which is a square with side length of 1 unit. | Clarification 2: Two-dimensional figures cannot exceed 12 units by 12 units and responses include the appropriate units in word form (e.g., square centimeter or sq.cm.).",,,Students may miscount unit squares when they are laid out in a figure. Encourage students to mark unit squares as they are counted. | Students can confuse why area is measured in “square units.” Use this exploratory benchmark for students to relate area measurement to the counting of squares. This benchmark provides the opportunity for students to build vocabulary necessary for area measurement.,,,,,,,,,,,
15336,MA.3.GR.2.2,3,Mathematics (B.E.S.T.),Geometric Reasoning,Solve problems involving the perimeter and area of rectangles.,Find the area of a rectangle with whole-number side lengths using a visual model and a multiplication formula.,,State Board Approved,,"Clarification 1: Instruction includes covering the figure with unit squares, a rectangular array or applying a formula. | Clarification 2: Two-dimensional figures cannot exceed 12 units by 12 units and responses include the appropriate units in word form.",,,"When using a formula, students may be confused about which dimension to label the length and width in a rectangle. During instruction, teachers should make connections to the commutative property of multiplication to emphasize that the order in which dimensions are multiplied will not change the rectangle’s area, and therefore the length and width can be labeled flexibly.",,,,,,,,,,,
15337,MA.3.GR.2.3,3,Mathematics (B.E.S.T.),Geometric Reasoning,Solve problems involving the perimeter and area of rectangles.,Solve mathematical and real-world problems involving the perimeter and area of rectangles with whole-number side lengths using a visual model and a formula.,,State Board Approved,,"Clarification 1: Within this benchmark, the expectation is not to find unknown side lengths. | Clarification 2: Two-dimensional figures cannot exceed 12 units by 12 units and responses include the appropriate units in word form.",,,"Students may confuse area and perimeter and use incorrect formulas to find measurements. During instruction, the teacher should continue to emphasize the difference between perimeter as a one-dimensional measurement of length and area as a two-dimensional measurement that covers a shape with unit squares. The teacher can use visuals to show the perimeter (e.g., yarn, string stretched around the rectangle) and area (e.g., square counters, square-shaped sticky notes, square-shaped crackers covering it) to help students differentiate between the measurements.",,,,,,,,,,,
15338,MA.3.GR.2.4,3,Mathematics (B.E.S.T.),Geometric Reasoning,Solve problems involving the perimeter and area of rectangles.,Solve mathematical and real-world problems involving the perimeter and area of composite figures composed of non-overlapping rectangles with whole-number side lengths.,,State Board Approved,,Clarification 1: Composite figures must be composed of non-overlapping rectangles. | Clarification 2: Each rectangle within the composite figure cannot exceed 12 units by 12 units and responses include the appropriate units in word form.,,,"Students can confuse the side lengths when determining area calculations once a composite figure has been decomposed. For example, a potential way to decompose the figure from the task below is seen on the right. A student may not yet understand that once decomposed in this way, the length of 14 centimeters on the right side of the figure is now the sum of 5 centimeters + 9 centimeters. The student may continue to multiply by 14 centimeters to find the areas of each rectangle instead. Likewise, they may multiply 5 centimeters by 6 centimeters (instead of 9 centimeters) to find the area of the upper rectangle. During instruction, encourage students to label how side lengths change once a composite figure has been decomposed. | Students may add all sides of the parts of the figure once it is decomposed to determine the perimeter of the composite figure. For example in the figure shown, the student may find the perimeter to be (9 centimeters + 9 centimeters + 5 centimeters + 5 centimeters) + (9 centimeters + 9 centimeters = 3 centimeters + 3 centimeters) = 52 centimeters, when the correct answer is 9 centimeters + 14 centimeters + 3 centimeters + 9 centimeters + 6 centimeters + 5 centimeters = 46 centimeters.",,,,,,,,,,,
15339,MA.3.DP.1.1,3,Mathematics (B.E.S.T.),Data Analysis and Probability,"Collect, represent and interpret numerical and categorical data.","Collect and represent numerical and categorical data with whole-number values using tables, scaled pictographs, scaled bar graphs or line plots. Use appropriate titles, labels and units.",,State Board Approved,,"Clarification 1: Within this benchmark, the expectation is to complete a representation or construct a representation from a data set. | Clarification 2: Instruction includes the connection between multiplication and the number of data points represented by a bar in scaled bar graph or a scaled column in a pictograph. | Clarification 3: Data displays are represented both horizontally and vertically.",,,"Students may confuse which types of data (categorical or numerical) can be displayed with a data representation. In Grades 1 and 2, students graphed frequency of categorical data in pictographs and bar graphs. Representing frequency in numerical data graphed via line plots is a new expectation in Grade 3. During instruction, expect students to justify the representations they choose based on the data collected. | Students tend to count each square as one for intervals on bar graphs that are not single units.",,,,,,,,,,,
15340,MA.3.DP.1.2,3,Mathematics (B.E.S.T.),Data Analysis and Probability,"Collect, represent and interpret numerical and categorical data.","Interpret data with whole-number values represented with tables, scaled pictographs, circle graphs, scaled bar graphs or line plots by solving one- and two-step problems.",,State Board Approved,,Clarification 1: Problems include the use of data in informal comparisons between two data sets in the same units. | Clarification 2: Data displays can be represented both horizontally and vertically. | Clarification 3: Circle graphs are limited to showing the total values in each category.,,,Students may confuse the values in scaled pictographs and bar graphs. They should always utilize the given key when determining frequency of each category.,,,,,,,,,,,
15341,MA.4.NSO.1.1,4,Mathematics (B.E.S.T.),Number Sense and Operations,Understand place value for multi-digit numbers.,Express how the value of a digit in a multi-digit whole number changes if the digit moves one place to the left or right.,,State Board Approved,,,,,"Students may not understand that when the digit moves to the left that it has increased a place value which is the same as multiplying by 10 and when the digit moves to the right that it has decreased a place value, which is the same as dividing by 10. It is important to include models and discourse throughout instruction to reason why this is happening.",,,,,,,,,,,
15342,MA.4.NSO.1.2,4,Mathematics (B.E.S.T.),Number Sense and Operations,Understand place value for multi-digit numbers.,"Read and write multi-digit whole numbers from 0 to 1,000,000 using standard form, expanded form and word form.",,State Board Approved,,,,,"Students may have misconceptions when translating word form to standard form. Numbers like one thousand often do not cause a problem; however, a number like three thousand four can cause problems for students. Many students will understand the 3,000 and the 4 but then instead of placing the 4 in the ones place, students will write the numbers as they hear them, 30,004, not understanding that this number represents more than 3,004.",,,,,,,,,,,
15343,MA.4.NSO.1.3,4,Mathematics (B.E.S.T.),Number Sense and Operations,Understand place value for multi-digit numbers.,"Plot, order and compare multi-digit whole numbers up to 1,000,000.",,State Board Approved,,"Clarification 1: When comparing numbers, instruction includes using an appropriately scaled number line and using place values of the hundred thousands, ten thousands, thousands, hundreds, tens and ones digits. | Clarification 2: Scaled number lines must be provided and can be a representation of any range of numbers. | Clarification 3: Within this benchmark, the expectation is to use symbols (<, > or =).",,,"Students often assume that the first digit of a multi-digit number indicates the size of a number. The assumption is made that 864 is greater than 2,001 because students are focusing on the leading digit instead of the place values of the number. | Students may compare the place values from right to left because many algorithms add and subtract from right to left. Emphasize that the greatest place value is on the left, so they should compare from the largest to smallest place. Students may find it helpful to model the numbers using place-value blocks or a place-value chart to visualize comparisons.",,,,,,,,,,,
15344,MA.4.NSO.1.4,4,Mathematics (B.E.S.T.),Number Sense and Operations,Understand place value for multi-digit numbers.,"Round whole numbers from 0 to 10,000 to the nearest 10, 100 or 1,000.",,State Board Approved,,,,,"Teaching only rote procedures for rounding may lead to misconceptions about the magnitudes of numbers. Students may need to have a strong foundation of place value concepts before students may find success with rounding. The reliance on mnemonics, songs or rhymes during instruction can often confuse students further because they may lack the conceptual understanding as they begin to round decimals in Grade 5.",,,,,,,,,,,
15345,MA.4.NSO.1.5,4,Mathematics (B.E.S.T.),Number Sense and Operations,Understand place value for multi-digit numbers.,"Plot, order and compare decimals up to the hundredths.",,State Board Approved,,"Clarification 1: When comparing numbers, instruction includes using an appropriately scaled number line and using place values of the ones, tenths and hundredths digits. | Clarification 2: Within the benchmark, the expectation is to explain the reasoning for the comparison and use symbols (<, > or =). | Clarification 3: Scaled number lines must be provided and can be a representation of any range of numbers.",,,"Students treat decimals as whole numbers when making a comparison of two decimals. They think the longer the number, the greater the value.Students may be confused when comparing numbers that have the same number of digits (but different values). For example, they think that 0.04 is greater than 0.4. | For example, they think that 0.04 is greater than 0.4. | For example, when comparing 2.45 and 13.24, a student may not consider the magnitude of the numbers and only look at their digits. That student may claim that 2.45 is greater than 13.24 because the digit 2 is greater than the digit 1 (though they are actually comparing 2 and 10). | For example, when comparing 2.45 and 13.24, a student may not consider the magnitude of the numbers and only look at their digits. That student may claim that 2.45 is greater than 13.24 because the digit 2 is greater than the digit 1 (though they are actually comparing 2 and 10). | Students may compare the place values from right to left because many algorithms add and subtract from right to left. Emphasize that the greatest place value is on the left, so they should compare from the greatest place value to the least. Students may find it helpful to model the numbers using base-10 blocks or a place-value chart to visualize decimal place comparisons.",,,,,,,,,,,
15346,MA.4.NSO.2.1,4,Mathematics (B.E.S.T.),Number Sense and Operations,Build an understanding of operations with multi-digit numbers including decimals.,Recall multiplication facts with factors up to 12 and related division facts with automaticity.,,State Board Approved,,,,,"Many students have difficulty with multiplication and related division facts when teachers rely solely on memorization of facts. It is important that strategy work and conceptual understanding is the foundation of instruction for multiplication and division facts. It is important that conceptual understanding of multiplication and division, as well as repetition and practice connected to other mathematical concepts are included to facilitate the recall of facts.",,,,,,,,,,,
15347,MA.4.NSO.2.2,4,Mathematics (B.E.S.T.),Number Sense and Operations,Build an understanding of operations with multi-digit numbers including decimals.,"Multiply two whole numbers, up to three digits by up to two digits, with procedural reliability.",,State Board Approved,,Clarification 1: Instruction focuses on helping a student choose a method they can use reliably. | Clarification 2: Instruction includes the use of models or equations based on place value and the distributive property.,,,"Students that are taught a standard algorithm without any conceptual understanding will often make mistakes. For students to understand a standard algorithm or any other method, they need to be able to explain the process of the method they chose and why it works. This explanation may include pictures, properties of multiplication, decomposition, etc.",,,,,,,,,,,
15348,MA.4.NSO.2.3,4,Mathematics (B.E.S.T.),Number Sense and Operations,Build an understanding of operations with multi-digit numbers including decimals.,"Multiply two whole numbers, each up to two digits, including using a standard algorithm with procedural fluency.",,State Board Approved,,,,,"Students that are taught a standard algorithm without any conceptual understanding will often make mistakes. For students to understand a standard algorithm or any other method, they need to be able to explain the process of the method they chose and why it works. This explanation may include pictures, properties of multiplication, decomposition, etc. Students may make computational errors while using standard algorithms when they are unable to reason why their algorithms work. | Some students may struggle with this benchmark if they do not have a strong command of basic addition and multiplication facts.",,,,,,,,,,,
15349,MA.4.NSO.2.4,4,Mathematics (B.E.S.T.),Number Sense and Operations,Build an understanding of operations with multi-digit numbers including decimals.,Divide a whole number up to four digits by a one-digit whole number with procedural reliability. Represent remainders as fractional parts of the divisor.,,State Board Approved,,"Clarification 1: Instruction focuses on helping a student choose a method they can use reliably. | Clarification 2: Instruction includes the use of models based on place value, properties of operations or the relationship between multiplication and division.",,,"Many students are taught an algorithm for division and then tend to look at the digits within the number as single digits instead of thinking about the place value of each digit or thinking about the number as a whole. When asked if their solution is reasonable, students do not understand what is reasonable because they are unable to estimate since they do not see the number in its entirety, but rather, as individual digits. Students must have a solid understanding about place value and the properties of operations to make sense of division. | Along with using a standard algorithm, students should estimate reasonable solutions before solving. Estimation helps students anticipate possible answers and evaluate whether their solutions make sense after solving. | Some students may not understand that the remainder represents a fraction with the divisor as the denominator. For example, 7 ÷ 3 = 2r1 means that 7 ÷ 3 = 2 13. Students should have experience with equal sharing division problems that involve remainders (MA.4.AR.1.1).",,,,,,,,,,,
15350,MA.4.NSO.2.5,4,Mathematics (B.E.S.T.),Number Sense and Operations,Build an understanding of operations with multi-digit numbers including decimals.,"Explore the multiplication and division of multi-digit whole numbers using estimation, rounding and place value.",,State Board Approved,,"Clarification 1: Instruction focuses on previous understanding of multiplication with multiples of 10 and 100, and seeing division as a missing factor problem. | Clarification 2: Estimating quotients builds the foundation for division using a standard algorithm. | Clarification 3: When estimating the division of whole numbers, dividends are limited to up to four digits and divisors are limited to up to two digits.",,,Some students may not understand how an approximate answer can be useful. | Students may obsess over whether they got the same estimate as someone else. This can be resolved when the teacher explains that both estimates are useful and acceptable.,,,,,,,,,,,
15351,MA.4.NSO.2.6,4,Mathematics (B.E.S.T.),Number Sense and Operations,Build an understanding of operations with multi-digit numbers including decimals.,"Identify the number that is one-tenth more, one-tenth less, one-hundredth more and one-hundredth less than a given number.",,State Board Approved,,,,,"When using base-ten blocks, it is important to first identify the value of each block. Students may have preconceptions about relating units to ones, rods to tens, and flats to hundreds, which can be confusing when their values shift from whole numbers to decimals. Teachers should share the relationship between the blocks (each larger block is ten times larger than the next smaller block) so that students understand they can be used flexibly. | Students may struggle to understand that one-hundredth is smaller than one-tenth because of one hundred is larger than one ten. During instruction, emphasize that one-hundredth is smaller because it would require 100 hundredths to equal 1 whole and only 10-tenths to equal 1 whole.",,,,,,,,,,,
15352,MA.4.NSO.2.7,4,Mathematics (B.E.S.T.),Number Sense and Operations,Build an understanding of operations with multi-digit numbers including decimals.,Explore the addition and subtraction of multi-digit numbers with decimals to the hundredths.,,State Board Approved,,Clarification 1: Instruction includes the connection to money and the use of manipulatives and models based on place value.,,,"A common error that students make is to not add or subtract like place values, especially in an example such as 30.1 + 2.74. Instruction should relate decimals to methods used for whole numbers. When adding whole numbers, ones were added to ones, tens to tens, hundreds to hundreds, and so forth. When adding decimal numbers, like place values are combined, too. Like place values are subtracted, just as with whole numbers.",,,,,,,,,,,
15353,MA.4.FR.1.1,4,Mathematics (B.E.S.T.),Fractions,Develop an understanding of the relationship between different fractions and the relationship between fractions and decimals.,"Model and express a fraction, including mixed numbers and fractions greater than one, with the denominator 10 as an equivalent fraction with the denominator 100.",,State Board Approved,,"Clarification 1: Instruction emphasizes conceptual understanding through the use of manipulatives, visual models, number lines or equations.",,,Students often confuse decimals such as 6 10 and 6 100 . Students need to have conceptual understanding of the visual representations for tenths and hundredths. Students should use models and explain their reasoning to develop their understanding about the connections between fractions and decimals. | 6 10 | 6 100,,,,,,,,,,,
15354,MA.4.FR.1.2,4,Mathematics (B.E.S.T.),Fractions,Develop an understanding of the relationship between different fractions and the relationship between fractions and decimals.,"Use decimal notation to represent fractions with denominators of 10 or 100, including mixed numbers and fractions greater than 1, and use fractional notation with denominators of 10 or 100 to represent decimals.",,State Board Approved,,"Clarification 1: Instruction emphasizes conceptual understanding through the use of manipulatives visual models, number lines or equations. | Clarification 2: Instruction includes the understanding that a decimal and fraction that are equivalent represent the same point on the number line and that fractions with denominators of 10 or powers of 10 may be called decimal fractions.",,,"Students often confuse decimals such as 6 tenths and 6 hundredths. Students should use models and explain their reasoning to develop their understanding of the connections between fractions and decimals. | Some students may not understand that fractions and decimals are different presentations of the same thing. Number lines and other visual models will help students gain a better understanding of this concept. | Students need exposure to the whole number place value positions and their connection to decimal place value positions. Students may not understand that whole numbers and decimals are encompassed across the same place value continuum. | Some students may not understand that zero can be used as a place holder in decimal place value positions, | For example, seven tenths written in decimal notation is read 0.7, and is equivalent to seven hundredths, or 0.70. The decimal is renamed but the value remains equal.",,,,,,,,,,,
15355,MA.4.FR.1.3,4,Mathematics (B.E.S.T.),Fractions,Develop an understanding of the relationship between different fractions and the relationship between fractions and decimals.,"Identify and generate equivalent fractions, including fractions greater than one. Describe how the numerator and denominator are affected when the equivalent fraction is created.",,State Board Approved,,"Clarification 1: Instruction includes the use of manipulatives, visual models, number lines or equations. | Clarification 2: Instruction includes recognizing how the numerator and denominator are affected when equivalent fractions are generated.",,,"Students may think that when generating equivalent fractions, they need to multiply or divide only the numerator or only denominator, such as changing 3 4 to 3 8 .",,,,,,,,,,,
15356,MA.4.FR.1.4,4,Mathematics (B.E.S.T.),Fractions,Develop an understanding of the relationship between different fractions and the relationship between fractions and decimals.,"Plot, order and compare fractions, including mixed numbers and fractions greater than one, with different numerators and different denominators.",,State Board Approved,,"Clarification 1: When comparing fractions, instruction includes using an appropriately scaled number line and using reasoning about their size. | Clarification 2: Instruction includes using benchmark quantities, such as 0, , , and 1, to compare fractions. | Clarification 3: Denominators are limited to 2, 3, 4, 5, 6, 8, 10, 12, 16 and 100. | Clarification 4: Within this benchmark, the expectation is to use symbols (<, > or =).",,,The student may mistake the fraction with the larger numerator and denominator as the larger fraction. The student may not pay attention to the relationship between the numerator and denominator when estimating. | The student incorrectly judges that a mixed number like 1 3 4 is always greater than an improper fraction like 17 4 because of the whole number in front. | 17 4,,,,,,,,,,,
15357,MA.4.FR.2.1,4,Mathematics (B.E.S.T.),Fractions,"Build a foundation of addition, subtraction and multiplication operations with fractions.","Decompose a fraction, including mixed numbers and fractions greater than one, into a sum of fractions with the same denominator in multiple ways. Demonstrate each decomposition with objects, drawings and equations.",,State Board Approved,,"Clarification 1: Denominators are limited to 2, 3, 4, 5, 6, 8, 10, 12, 16 and 100.",,,"Students may have difficulty decomposing mixed numbers and fractions greater than one because of misunderstanding of flexible fraction representations (e.g., 4 4 is equivalent to 1). It is helpful when students’ expressions are accompanied by a model that justifies them.",,,,,,,,,,,
15358,MA.4.FR.2.2,4,Mathematics (B.E.S.T.),Fractions,"Build a foundation of addition, subtraction and multiplication operations with fractions.","Add and subtract fractions with like denominators, including mixed numbers and fractions greater than one, with procedural reliability.",,State Board Approved,,"Clarification 1: Instruction includes the use of word form, manipulatives, drawings, the properties of operations or number lines. | Clarification 2: Within this benchmark, the expectation is not to simplify or use lowest terms. | Clarification 3: Denominators are limited to 2, 3, 4, 5, 6, 8, 10, 12, 16 and 100.",,,"Some students may have difficulty understanding that when adding or subtracting fractions with like denominators, the denominator does not change. To help students understand why this happens, addition and subtraction should be accompanied by models to justify solutions.",,,,,,,,,,,
15359,MA.4.FR.2.3,4,Mathematics (B.E.S.T.),Fractions,"Build a foundation of addition, subtraction and multiplication operations with fractions.",Explore the addition of a fraction with denominator of 10 to a fraction with denominator of 100 using equivalent fractions.,,State Board Approved,,"Clarification 1: Instruction includes the use of visual models. | Clarification 2: Within this benchmark, the expectation is not to simplify or use lowest terms.",,,Students often will add the numerators and the denominators without finding the like denominator. Students will need visual models to understand what the like denominator means.,,,,,,,,,,,
15360,MA.4.FR.2.4,4,Mathematics (B.E.S.T.),Fractions,"Build a foundation of addition, subtraction and multiplication operations with fractions.",Extend previous understanding of multiplication to explore the multiplication of a fraction by a whole number or a whole number by a fraction.,,State Board Approved,,"Clarification 1: Instruction includes the use of visual models or number lines and the connection to the commutative property of multiplication. Refer to Properties of Operation, Equality and Inequality (Appendix D). | Clarification 2: Within this benchmark, the expectation is not to simplify or use lowest terms. | Clarification 3: Fractions multiplied by a whole number are limited to less than 1. All denominators are limited to 2, 3, 4, 5, 6, 8, 10, 12, 16, 100.",,,"Students may multiply both the numerator and the denominator by the whole number. It is important to provide students with visual models, manipulatives or context to model the computation. | Students may be confused by the fact that a fraction times a whole number often represents something quite different than a whole number times a fraction, even though the commutative property says the order does not affect the value. | Without a conceptual understanding of how fraction multiplication is modeled, students can be confused regarding why the denominator remains the same when multiplying a whole number by a fraction. During instruction, teachers should relate fraction multiplication to repeated addition to explain why only the numerator changes.",,,,,,,,,,,
15361,MA.4.AR.1.1,4,Mathematics (B.E.S.T.),Algebraic Reasoning,Represent and solve problems involving the four operations with whole numbers and fractions.,Solve real-world problems involving multiplication and division of whole numbers including problems in which remainders must be interpreted within the context.,,State Board Approved,,"Clarification 1: Problems involving multiplication include multiplicative comparisons. Refer to Situations Involving Operations with Numbers (Appendix A). | Clarification 2: Depending on the context, the solution of a division problem with a remainder may be the whole number part of the quotient, the whole number part of the quotient with the remainder, the whole number part of the quotient plus 1, or the remainder. | Clarification 3: Multiplication is limited to products of up to 3 digits by 2 digits. Division is limited to up to 4 digits divided by 1 digit.",,,"Students may apply a procedure that results in remainders that are expressed as r for ALL situations, even for those in which the result does not make sense. For example, when a student is asked to solve the following problem, the student responds to the problem—there are 52 students in a class field trip. They plan to have 10 students in each van. How many vans will they need so that everyone can participate? And the student answers “5??2 vans.” The student does not understand that the two remaining students need another van to go on the field trip. | For example, when a student is asked to solve the following problem, the student responds to the problem—there are 52 students in a class field trip. They plan to have 10 students in each van. How many vans will they need so that everyone can participate? And the student answers “5??2 vans.” The student does not understand that the two remaining students need another van to go on the field trip. | Students may not understand that the remainder represents a portion of something, rather than a whole number. Referring back to the previous example students may think r2 means two additional vans rather than a portion of an additional van. | Students may have trouble seeing the remainder as a fraction. For example, 7 ÷ 3 = 2r1 means that 7 ÷ 3 = 2 1 3 . If 7 cupcakes are divided among 3 people, then each person will get 2 and 1 3 | For example, 7 ÷ 3 = 2r1 means that 7 ÷ 3 = 2 1 3 . If 7 cupcakes are divided among 3 people, then each person will get 2 and 1 3 | cupcakes. | It is essential to guide students in tackling real-world problems that may provide a quotient with a remainder, where interpretation may be necessary. Teachers can create environments where students relate remainders back to the contexts of the problems.",,,,,,,,,,,
15362,MA.4.AR.1.2,4,Mathematics (B.E.S.T.),Algebraic Reasoning,Represent and solve problems involving the four operations with whole numbers and fractions.,"Solve real-world problems involving addition and subtraction of fractions with like denominators, including mixed numbers and fractions greater than one.",,State Board Approved,,"Clarification 1: Problems include creating real-world situations based on an equation or representing a real-world problem with a visual model or equation. | Clarification 2: Fractions within problems must reference the same whole. | Clarification 3: Within this benchmark, the expectation is not to simplify or use lowest terms. | Clarification 4: Denominators limited to 2, 3, 4, 5, 6, 8, 10, 12, 16 and 100.",,,"Students tend to have trouble with addition and subtraction because much instruction focuses only on procedures. Students need to know how to treat the numerator and denominator when following the procedures to add and subtract. It is important for students to use models, so they make sense of equations and real-world problems when they solve them.",,,,,,,,,,,
15363,MA.4.AR.1.3,4,Mathematics (B.E.S.T.),Algebraic Reasoning,Represent and solve problems involving the four operations with whole numbers and fractions.,Solve real-world problems involving multiplication of a fraction by a whole number or a whole number by a fraction.,,State Board Approved,,"Clarification 1: Problems include creating real-world situations based on an equation or representing a real-world problem with a visual model or equation. | Clarification 2: Fractions within problems must reference the same whole. | Clarification 3: Within this benchmark, the expectation is not to simplify or use lowest terms. | Clarification 4: Fractions limited to fractions less than one with denominators of 2, 3, 4, 5, 6, 8, 10, 12, 16 and 100.",,,"Students may not understand that fractions are numbers (just as whole numbers are numbers) and this misconception may at first be reinforced by the fact that the phrase “group size” works well with whole numbers, but not so well with fractions; therefore, special attention should be given with many different real-world examples. | Students may not understand what a fractional portion represents within the context of a real-world situation. | Students can have difficulty with word problems when determining which operation to use, and the stress of working with fractions makes this happen more often. Students need to apply what they already know about operations with fractions to create action plans to solve multi-step real-world problems involving fractions (MTR.7.1).",,,,,,,,,,,
15364,MA.4.AR.2.1,4,Mathematics (B.E.S.T.),Algebraic Reasoning,Demonstrate an understanding of equality and operations with whole numbers.,Determine and explain whether an equation involving any of the four operations with whole numbers is true or false.,,State Board Approved,,Clarification 1: Multiplication is limited to whole number factors within 12 and related division facts.,,,"Many students have difficulty understanding that the equal sign is a relational symbol. They believe that the equal sign makes the expression on the right side of the equation equal to the expression on the left side so that all equations would be true. Instead an equation with an equal sign can be true or false, depending on whether the expressions on each side of the equal sign are equal to each other or not. | While justifying whether equations are true or false, students should explain what makes the equation true.",,,,,,,,,,,
15365,MA.4.AR.2.2,4,Mathematics (B.E.S.T.),Algebraic Reasoning,Demonstrate an understanding of equality and operations with whole numbers.,"Given a mathematical or real-world context, write an equation involving multiplication or division to determine the unknown whole number with the unknown in any position.",,State Board Approved,,Clarification 1: Instruction extends the development of algebraic thinking skills where the symbolic representation of the unknown uses a letter. | Clarification 2: Problems include the unknown on either side of the equal sign. | Clarification 3: Multiplication is limited to factors within 12 and related division facts.,,,"Even though many students know their multiplication and related division facts with automaticity, students without a firm conceptual understanding of multiplication and division may have difficulty problem solving with multiplication and division and writing equations to model situations. Provide opportunities for students to explain their models and justify solutions. | When students have trouble comprehending contexts, they tend to just grab numbers from a given context and begin computing without justifying their arguments. Emphasis of instruction should be on the comprehension of problems through classroom discussion, sharing strategies, estimating reasonable solutions, and justifying equations and solutions (MTR.2.1).",,,,,,,,,,,
15366,MA.4.AR.3.1,4,Mathematics (B.E.S.T.),Algebraic Reasoning,"Recognize numerical patterns, including patterns that follow a given rule.","Determine factor pairs for a whole number from 0 to 144. Determine whether a whole number from 0 to 144 is prime, composite or neither.",,State Board Approved,,Clarification 1: Instruction includes the connection to the relationship between multiplication and division and patterns with divisibility rules. | Clarification 2: The numbers 0 and 1 are neither prime nor composite.,,,"Students may think of the number 1 as a prime number. It is neither prime nor composite. | Students may also think that all odd numbers are prime. | Some students may think that larger numbers have more factors. Have students share all factor pairs and how they found the factors. | Have students make connections with factors and number patterns. For example, 6 X 3 =18 . When 18 is doubled to 36, students can make connections that 36 has factors that include 3 and 6. | For example, 6 X 3 =18 . When 18 is doubled to 36, students can make connections that 36 has factors that include 3 and 6.",,,,,,,,,,,
15367,MA.4.AR.3.2,4,Mathematics (B.E.S.T.),Algebraic Reasoning,"Recognize numerical patterns, including patterns that follow a given rule.","Generate, describe and extend a numerical pattern that follows a given rule.",,State Board Approved,,Clarification 1: Instruction includes patterns within a mathematical or real-world context.,,,"Students often make mistakes due to lack of fluency with the four operations which hinders them from being able to extend the pattern according to the rule. | Students may focus on a rule that works for a single term and its corresponding term. Remind students that the rule must work for all terms in the pattern. For example, students may determine a rule based on the change in only the first two terms. During instruction, teachers should emphasize that a rule must work for the change in any two terms in a pattern. | For example, students may determine a rule based on the change in only the first two terms. During instruction, teachers should emphasize that a rule must work for the change in any two terms in a pattern.",,,,,,,,,,,
15368,MA.4.M.1.1,4,Mathematics (B.E.S.T.),Measurement,Measure the length of objects and solve problems involving measurement.,Select and use appropriate tools to measure attributes of objects.,,State Board Approved,,"Clarification 1: Attributes include length, volume, weight, mass and temperature. | Clarification 2: Instruction includes digital measurements and scales that are not linear in appearance. | Clarification 3: When recording measurements, use fractions and decimals where appropriate.",,,"Students who struggle to identify benchmarks on number lines can also struggle to measure units of length, liquid volume, weight, mass and temperature. To assist students with this misconception, during instruction teachers should allow students to measure often and provide feedback. Students can also complete error and reasoning analysis activities to identify this common measurement misconception.",,,,,,,,,,,
15369,MA.4.M.1.2,4,Mathematics (B.E.S.T.),Measurement,Measure the length of objects and solve problems involving measurement.,"Convert within a single system of measurement using the units: yards, feet, inches; kilometers, meters, centimeters, millimeters; pounds, ounces; kilograms, grams; gallons, quarts, pints, cups; liter, milliliter; and hours, minutes, seconds.",,State Board Approved,,"Clarification 1: Instruction includes the understanding of how to convert from smaller to larger units or from larger to smaller units. | Clarification 2: Within the benchmark, the expectation is not to convert from grams to kilograms, meters to kilometers or milliliters to liters. | Clarification 3: Problems involving fractions are limited to denominators of 2, 3, 4, 5, 6, 8, 10, 12, 16 and 100.",,,"Students can assume that converting from smaller units to larger units (e.g., ounces to pounds), that multiplication is used, and when converting from larger units to smaller units (e.g., pounds to ounces), that division is used. To assist students with this misconception, expect them to estimate reasonable solutions. Students will begin to acquire an understanding of conversion rules (e.g. multiply to change a larger unit to a smaller unit and divide to change a smaller unit to a larger unit), an extension of the work started in the previous benchmark MA.4.M.1.1.",,,,,,,,,,,
15370,MA.4.M.2.1,4,Mathematics (B.E.S.T.),Measurement,Solve problems involving time and money.,Solve two-step real-world problems involving distances and intervals of time using any combination of the four operations.,,State Board Approved,,Clarification 1: Problems involving fractions will include addition and subtraction with like denominators and multiplication of a fraction by a whole number or a whole number by a fraction.,,,"Students need to spend time solving problems crossing between a.m. and p.m., and vice-versa. | Students should also have a firm understanding of the terms quarter hour (15 minutes) and half hour (30 minutes).",,,,,,,,,,,
15371,MA.4.M.2.2,4,Mathematics (B.E.S.T.),Measurement,Solve problems involving time and money.,Solve one- and two-step addition and subtraction real-world problems involving money using decimal notation.,,State Board Approved,,,,,Students can add and subtract incorrectly when they do not add or subtract like place values.,,,,,,,,,,,
15372,MA.4.GR.1.1,4,Mathematics (B.E.S.T.),Geometric Reasoning,"Draw, classify and measure angles.","Informally explore angles as an attribute of two-dimensional figures. Identify and classify angles as acute, right, obtuse, straight or reflex.",,State Board Approved,,"Clarification 1: Instruction includes classifying angles using benchmark angles of 90° and 180° in two-dimensional figures. | Clarification 2: When identifying angles, the expectation includes two-dimensional figures and real-world pictures.",,,"Students believe a wide angle with short sides may seem smaller than a narrow angle with long sides. Students can compare two angles by tracing one and placing it over the other. Students will then realize that the length of the sides does not determine whether one angle is larger or smaller than another angle. The measure of the angle does not change. | Students may struggle to identify examples of points, lines, line segments, rays, intersecting lines, perpendicular lines and parallel lines and acute, obtuse, reflex, right and straight angles in real-world examples. Classroom instruction should include many examples for students to explore.",,,,,,,,,,,
15373,MA.4.GR.1.2,4,Mathematics (B.E.S.T.),Geometric Reasoning,"Draw, classify and measure angles.","Estimate angle measures. Using a protractor, measure angles in whole-number degrees and draw angles of specified measure in whole-number degrees. Demonstrate that angle measure is additive.",,State Board Approved,,"Clarification 1: Instruction includes measuring given angles and drawing angles using protractors. | Clarification 2: Instruction includes estimating angle measures using benchmark angles (30°, 45°, 60°, 90° and 180°). | Clarification 3: Instruction focuses on the understanding that angles can be decomposed into non-overlapping angles whose measures sum to the measure of the original angle.",,,"Students that have difficulty using a protractor to measure. Assist students with this misconception as they may: use the centimeter ruler or inch ruler instead of the baseline when measuring the angles. measure the length of each ray and find the sum of the lengths. not correctly line up the angle to be measured on the protractor. | use the centimeter ruler or inch ruler instead of the baseline when measuring the angles. | measure the length of each ray and find the sum of the lengths. | not correctly line up the angle to be measured on the protractor. | To assist students with these misconceptions, opportunities should be provided for students to use the protractor to measure angles while the teacher provides feedback. Students can also use angle estimation to determine accuracy of their angle measurement.",,,,,,,,,,,
15374,MA.4.GR.1.3,4,Mathematics (B.E.S.T.),Geometric Reasoning,"Draw, classify and measure angles.",Solve real-world and mathematical problems involving unknown whole-number angle measures. Write an equation to represent the unknown.,,State Board Approved,,Clarification 1: Instruction includes the connection to angle measure as being additive.,,,"Students may make errors when writing equations used to solve angle measurement problems. During instruction, expect students to justify their equations and solutions. | Students may not understand that straight lines, even if intersected, measure 180°.",,,,,,,,,,,
15375,MA.4.GR.2.1,4,Mathematics (B.E.S.T.),Geometric Reasoning,Solve problems involving the perimeter and area of rectangles.,"Solve perimeter and area mathematical and real-world problems, including problems with unknown sides, for rectangles with whole-number side lengths.",,State Board Approved,,Clarification 1: Instruction extends the development of algebraic thinking where the symbolic representation of the unknown uses a letter. | Clarification 2: Problems involving multiplication are limited to products of up to 3 digits by 2 digits. Problems involving division are limited to up to 4 digits divided by 1 digit. | Clarification 3: Responses include the appropriate units in word form.,,,Students frequently confuse area and perimeter. Instruction should provide lots of opportunity for students to work with both measures on the same object and have them explain which measure is area and which is perimeter and why. Instruction should also focus on naming the units properly.,,,,,,,,,,,
15376,MA.4.GR.2.2,4,Mathematics (B.E.S.T.),Geometric Reasoning,Solve problems involving the perimeter and area of rectangles.,Solve problems involving rectangles with the same perimeter and different areas or with the same area and different perimeters.,,State Board Approved,,"Clarification 1: Instruction focuses on the conceptual understanding of the relationship between perimeter and area. | Clarification 2: Within this benchmark, rectangles are limited to having whole-number side lengths. | Clarification 3: Problems involving multiplication are limited to products of up to 3 digits by 2 digits. Problems involving division are limited to up to 4 digits divided by 1 digit. | Clarification 4: Responses include the appropriate units in word form.",,,Students may believe that a rectangle with a large perimeter must also have a large area.,,,,,,,,,,,
15377,MA.4.DP.1.1,4,Mathematics (B.E.S.T.),Data Analysis and Probability,"Collect, represent and interpret data and find the mode, median and range of a data set.","Collect and represent numerical data, including fractional values, using tables, stem-and-leaf plots or line plots.",,State Board Approved,,"Clarification 1: Denominators are limited to 2, 3, 4, 5, 6, 8, 10, 12, 16 and 100.",,,"For line plots, students may misread a number line and have difficulty because they use whole-number names when counting fractional parts on a number line instead of the fraction name. Students also count the tick marks on the number line to determine the fraction, rather than looking at the “distance” or “space” between the marks. | For stem-and-leaf plots, students may read they key incorrectly. Some students may try to represent numerical data in a stem-and-leaf plot without first arranging the leaves for each stem in order.",,,,,,,,,,,
15378,MA.4.DP.1.2,4,Mathematics (B.E.S.T.),Data Analysis and Probability,"Collect, represent and interpret data and find the mode, median and range of a data set.","Determine the mode, median or range to interpret numerical data including fractional values, represented with tables, stem-and-leaf plots or line plots.",,State Board Approved,,"Clarification 1: Instruction includes interpreting data within a real-world context. | Clarification 2: Instruction includes recognizing that data sets can have one mode, no mode or more than one mode. | Clarification 3: Within this benchmark, data sets are limited to an odd number when calculating the median. | Clarification 4: Denominators are limited to 2, 3, 4, 5, 6, 8, 10, 12, 16 and 100.",,,Students sometimes have difficulty understanding that there may be no mode or more than one mode of a data set. Examples should be given to explicitly teach this concept. | Students may confuse the range with the number of data points.,,,,,,,,,,,
15379,MA.4.DP.1.3,4,Mathematics (B.E.S.T.),Data Analysis and Probability,"Collect, represent and interpret data and find the mode, median and range of a data set.",Solve real-world problems involving numerical data.,,State Board Approved,,"Clarification 1: Instruction includes using any of the four operations to solve problems. | Clarification 2: Data involving fractions with like denominators are limited to 2, 3, 4, 5, 6, 8, 10, 12, 16 and 100. Fractions can be greater than one. | Clarification 3: Data involving decimals are limited to hundredths.",,,"Students can make errors when writing equations used to solve problems with numerical data. During instruction, expect students to justify their equations and solutions.",,,,,,,,,,,
15380,MA.5.NSO.1.1,5,Mathematics (B.E.S.T.),Number Sense and Operations,Understand the place value of multi-digit numbers with decimals to the thousandths place.,Express how the value of a digit in a multi-digit number with decimals to the thousandths changes if the digit moves one or more places to the left or right.,,State Board Approved,,,,,"Students who use either rule “move the decimal point” or “shift the digits” without understanding when multiplying by a power of ten can easily make errors. Students need to understand that from either point of view, the position of the decimal point marks the transition between the ones and the tenths place. Instruction includes the language that the “digits shift” relative to the position of the decimal point as long as there is an accompanying explanation. An instructional strategy that helps students see this is by putting digits on sticky notes or cards and showing how the values shift (or the decimal point moves) when multiplying by a power of ten. | Students may not understand that when the digit moves to the left that it has increased a place value which is the same thing as multiplying by 10 and when the digit moves to the right that is has decreased a place value, which is the same thing as dividing by 10. It is important to have math discourse throughout instruction about why this is happening. | Students may not understand that the value of a digit is 10 times the value of the digit to its right only if the digits are the same. | Students can misunderstand what “110of” a number represents. Teachers can connect of 110 of to “ten times less” or “dividing by 10” to help students connect 110 of a number to 10 times greater.",,,,,,,,,,,
15381,MA.5.NSO.1.2,5,Mathematics (B.E.S.T.),Number Sense and Operations,Understand the place value of multi-digit numbers with decimals to the thousandths place.,"Read and write multi-digit numbers with decimals to the thousandths using standard form, word form and expanded form.",,State Board Approved,,,,,"Students may incorrectly read and write from expanded form if one of the digits is 0, like in the number 67.03 as used in the benchmark example. A common mistake that students make is to name the number as 67.3 because they do not see that 3 is the value of hundredths.",,,,,,,,,,,
15382,MA.5.NSO.1.3,5,Mathematics (B.E.S.T.),Number Sense and Operations,Understand the place value of multi-digit numbers with decimals to the thousandths place.,"Compose and decompose multi-digit numbers with decimals to the thousandths in multiple ways using the values of the digits in each place. Demonstrate the compositions or decompositions using objects, drawings and expressions or equations.",,State Board Approved,,,,,"Students may assume that the value of base ten blocks are fixed based on their previous experiences with whole numbers (e.g., units are ones, rods are tens, flats are hundreds). During instruction, teachers should name a base ten block for each example so students can relate the other blocks. (For example, “Show 2.4. Allow 1 rod to represent 1 tenth.”)",,,,,,,,,,,
15383,MA.5.NSO.1.4,5,Mathematics (B.E.S.T.),Number Sense and Operations,Understand the place value of multi-digit numbers with decimals to the thousandths place.,"Plot, order and compare multi-digit numbers with decimals up to the thousandths.",,State Board Approved,,"Clarification 1: When comparing numbers, instruction includes using an appropriately scaled number line and using place values of digits. | Clarification 2: Scaled number lines must be provided and can be a representation of any range of numbers. | Clarification 3: Within this benchmark, the expectation is to use symbols (<, > or =).",,,"Students may be confused when comparing numbers that have the same digits (but different values). For example, when comparing 2.459 and 13.24, a student may not consider the magnitude of the numbers and only look at their digits. That student may claim that 2.459 is greater than 13.24 because the digit 2 is greater than the digit 1 (though they are actually comparing 2 and 10). | For example, when comparing 2.459 and 13.24, a student may not consider the magnitude of the numbers and only look at their digits. That student may claim that 2.459 is greater than 13.24 because the digit 2 is greater than the digit 1 (though they are actually comparing 2 and 10).",,,,,,,,,,,
15384,MA.5.NSO.1.5,5,Mathematics (B.E.S.T.),Number Sense and Operations,Understand the place value of multi-digit numbers with decimals to the thousandths place.,"Round multi-digit numbers with decimals to the thousandths to the nearest hundredth, tenth or whole number.",,State Board Approved,,,,,"Students may confuse benchmarks by which numbers can round. For example, when rounding 29.834 to the nearest tenth, they may confuse that the benchmarks are 29.8 and 29.9. The reliance on mnemonics, songs or rhymes during instruction can often confuse students further because it may replace their motivation to think about the benchmark numbers. | For example, when rounding 29.834 to the nearest tenth, they may confuse that the benchmarks are 29.8 and 29.9. The reliance on mnemonics, songs or rhymes during instruction can often confuse students further because it may replace their motivation to think about the benchmark numbers.",,,,,,,,,,,
15385,MA.5.NSO.2.1,5,Mathematics (B.E.S.T.),Number Sense and Operations,"Add, subtract, multiply and divide multi-digit numbers.",Multiply multi-digit whole numbers including using a standard algorithm with procedural fluency.,,State Board Approved,,,,,"Students can make computational errors while using standard algorithms when they cannot reason why their algorithms work. In addition, they can struggle to determine where or why that computational mistake occurred because they did not estimate reasonable values for intermediate outcomes as well as for the final outcome. During instruction, teachers should expect students to justify their work while using their chosen algorithms and engage in error analysis activities to connect their understanding to the algorithm.",,,,,,,,,,,
15386,MA.5.NSO.2.2,5,Mathematics (B.E.S.T.),Number Sense and Operations,"Add, subtract, multiply and divide multi-digit numbers.","Divide multi-digit whole numbers, up to five digits by two digits, including using a standard algorithm with procedural fluency. Represent remainders as fractions.",,State Board Approved,,"Clarification 1: Within this benchmark, the expectation is not to use simplest form for fractions.",,,"Students can make computational errors while using standard algorithms when they cannot reason why their algorithms work. In addition, they can struggle to determine where or why that computational mistake occurred because they did not estimate reasonable values for intermediate outcomes as well as for the final outcome. During instruction, teachers should expect students to justify their work while using their chosen algorithms and engage in error analysis activities to connect their understanding to the algorithm.",,,,,,,,,,,
15387,MA.5.NSO.2.3,5,Mathematics (B.E.S.T.),Number Sense and Operations,"Add, subtract, multiply and divide multi-digit numbers.","Add and subtract multi-digit numbers with decimals to the thousandths, including using a standard algorithm with procedural fluency.",,State Board Approved,,,,,"Students can make computational errors while using standard algorithms when they cannot reason why their algorithms work. In addition, they can struggle to determine where or why that computational mistake occurred because they did not estimate reasonable values for intermediate outcomes as well as for the final outcome. During instruction, teachers should expect students to justify their work while using their chosen algorithms and engage in error analysis activities to connect their understanding to the algorithm.",,,,,,,,,,,
15388,MA.5.NSO.2.4,5,Mathematics (B.E.S.T.),Number Sense and Operations,"Add, subtract, multiply and divide multi-digit numbers.","Explore the multiplication and division of multi-digit numbers with decimals to the hundredths using estimation, rounding and place value.",,State Board Approved,,Clarification 1: Estimating quotients builds the foundation for division using a standard algorithm. | Clarification 2: Instruction includes the use of models based on place value and the properties of operations.,,,"Students may not understand the reasoning behind the placement of the decimal point in the product. Modeling and exploring the relationships between place value will help students gain understanding. | Students can confuse that multiplication always results in a larger product, and that division always results in a smaller quotient. Through classroom discussion, estimation and modeling, classroom work should address this misconception.",,,,,,,,,,,
15389,MA.5.NSO.2.5,5,Mathematics (B.E.S.T.),Number Sense and Operations,"Add, subtract, multiply and divide multi-digit numbers.",Multiply and divide a multi-digit number with decimals to the tenths by one-tenth and one-hundredth with procedural reliability.,,State Board Approved,,Clarification 1: Instruction focuses on the place value of the digit when multiplying or dividing.,,,"Students can confuse that multiplication always results in a larger product, and that division always results in a smaller quotient. Through classroom discussion, estimation and modeling, classroom work should address this misconception.",,,,,,,,,,,
15390,MA.5.FR.1.1,5,Mathematics (B.E.S.T.),Fractions,Interpret a fraction as an answer to a division problem.,"Given a mathematical or real-world problem, represent the division of two whole numbers as a fraction.",,State Board Approved,,"Clarification 1: Instruction includes making a connection between fractions and division by understanding that fractions can also represent division of a numerator by a denominator. | Clarification 2: Within this benchmark, the expectation is not to simplify or use lowest terms. | Clarification 3: Fractions can include fractions greater than one.",,,"Students can believe that the fraction bar represents subtraction in lieu of understanding that the fraction bar represents division. | Students can have the misconception that division always results in a smaller number. | Students can presume that dividends must always be greater than divisors and, thus, reorder when representing a division expression as a fraction. Show students examples of fractions with greater numerators and greater denominators to create a division equation.",,,,,,,,,,,
15391,MA.5.FR.2.1,5,Mathematics (B.E.S.T.),Fractions,Perform operations with fractions.,"Add and subtract fractions with unlike denominators, including mixed numbers and fractions greater than 1, with procedural reliability.",,State Board Approved,,"Clarification 1: Instruction includes the use of estimation, manipulatives, drawings or the properties of operations. | Clarification 2: Instruction builds on the understanding from previous grades of factors up to 12 and their multiples.",,,"Students can carry misconceptions from grade 4 about adding and subtracting fractions and understanding why the denominator remains the same. Emphasize the use of area and number line models, and present expressions in numeral-word form to help understand that the denominator is the unit. For example, “5 eighths + 9 eighths is equal to how many eighths?” | For example, “5 eighths + 9 eighths is equal to how many eighths?” | Students often try to use different models when adding, subtracting or comparing fractions. For example, they may use a circle for thirds and a rectangle for fourths, when comparing fractions with thirds and fourths. | For example, they may use a circle for thirds and a rectangle for fourths, when comparing fractions with thirds and fourths. | Remind students that the representations need to be from the same whole models with the same shape and same size. In a real-world problem, this often looks like same units. For example, “Trey has 1 34 cups of water and Rachel has 2 56 cups of water. How many cups of water do they have?” | For example, “Trey has 1 34 cups of water and Rachel has 2 56 cups of water. How many cups of water do they have?”",,,,,,,,,,,
15392,MA.5.FR.2.2,5,Mathematics (B.E.S.T.),Fractions,Perform operations with fractions.,"Extend previous understanding of multiplication to multiply a fraction by a fraction, including mixed numbers and fractions greater than 1, with procedural reliability.",,State Board Approved,,"Clarification 1: Instruction includes the use of manipulatives, drawings or the properties of operations. | Clarification 2: Denominators limited to whole numbers up to 20.",,,"Students may believe that multiplication always results in a larger number. Using models when multiplying with fractions will enable students to generalize about multiplication algorithms that are based on conceptual understanding (MTR.5.1). | Students can have difficulty with word problems when determining which operation to use, and the stress of working with fractions makes this happen more often. For example, “Mark has 34 yards of rope and he gives a third of the rope to a friend. How much rope does Mark have left?” expects students to first find 13 of 34, or multiply 13 x 34, and then to find the difference to find how much Mark has left. On the other hand, ""Mark has 34 yards of rope to a friend. How much rope does Mark have left?” only requires finding the difference 34 - 13. | For example, “Mark has 34 yards of rope and he gives a third of the rope to a friend. How much rope does Mark have left?” expects students to first find 13 of 34, or multiply 13 x 34, and then to find the difference to find how much Mark has left. On the other hand, ""Mark has 34 yards of rope to a friend. How much rope does Mark have left?” only requires finding the difference 34 - 13.",,,,,,,,,,,
15393,MA.5.FR.2.3,5,Mathematics (B.E.S.T.),Fractions,Perform operations with fractions.,"When multiplying a given number by a fraction less than 1 or a fraction greater than 1, predict and explain the relative size of the product to the given number without calculating.",,State Board Approved,,"Clarification 1: Instruction focuses on the connection to decimals, estimation and assessing the reasonableness of an answer.",,,"Students may believe that multiplication always results in a larger number. This is why it is imperative to include models during instruction when multiplying fractions so students can see and experience the results and begin to make generalizations that are based on their understanding. Ultimately, allowing students to begin to understand that multiplying by a fraction less than one will result in a lesser product, but when multiplying by a fraction greater than one will result in a greater product.",,,,,,,,,,,
15394,MA.5.FR.2.4,5,Mathematics (B.E.S.T.),Fractions,Perform operations with fractions.,Extend previous understanding of division to explore the division of a unit fraction by a whole number and a whole number by a unit fraction.,,State Board Approved,,"Clarification 1: Instruction includes the use of manipulatives, drawings or the properties of operations. | Clarification 2: Refer to Situations Involving Operations with Numbers (Appendix A).",,,"Students may believe that division always results in a smaller number, which is true when dividing a fraction by a whole number, but not when dividing a whole number by a fraction. Using models will help students develop the understanding needed for computation with fractions.",,,,,,,,,,,
15395,MA.5.AR.1.1,5,Mathematics (B.E.S.T.),Algebraic Reasoning,Solve problems involving the four operations with whole numbers and fractions.,"Solve multi-step real-world problems involving any combination of the four operations with whole numbers, including problems in which remainders must be interpreted within the context.",,State Board Approved,,"Clarification 1: Depending on the context, the solution of a division problem with a remainder may be the whole number part of the quotient, the whole number part of the quotient with the remainder, the whole number part of the quotient plus 1, or the remainder.",,,"Students may apply a procedure that results in remainders that are expressed as r for ALL situations, even for those in which the result does not make sense. For example, when a student is asked to solve the following problem: “There are 34 students in a class bowling tournament. They plan to have 3 students in each bowling lane. How many bowling lanes will they need so that everyone can participate?” the student response is “11 r 1 bowling lanes,” without any further understanding of how many bowling lanes are needed and how the students may be divided among the last 1 or 2 lanes. To assist students with this misconception, pose the question “What does the quotient mean?”It is essential to guide students in tackling real-world problems that may provide a quotient with a remainder, where interpretation may be necessary. Teachers can create environments where students relate remainders back to the contexts of the problems. For example, prompt students to consider whether it is plausible to have half of a person/object or if the problem is seeking complete groups. Remind students that interpreting remainders is contingent upon the problem's context and the specific information the problem aims to reveal. Encourage critical thinking and application of mathematical concepts in practical scenarios | For example, when a student is asked to solve the following problem: “There are 34 students in a class bowling tournament. They plan to have 3 students in each bowling lane. How many bowling lanes will they need so that everyone can participate?” the student response is “11 r 1 bowling lanes,” without any further understanding of how many bowling lanes are needed and how the students may be divided among the last 1 or 2 lanes. To assist students with this misconception, pose the question “What does the quotient mean?” | It is essential to guide students in tackling real-world problems that may provide a quotient with a remainder, where interpretation may be necessary. Teachers can create environments where students relate remainders back to the contexts of the problems. For example, prompt students to consider whether it is plausible to have half of a person/object or if the problem is seeking complete groups. Remind students that interpreting remainders is contingent upon the problem's context and the specific information the problem aims to reveal. Encourage critical thinking and application of mathematical concepts in practical scenarios",,,,,,,,,,,
15396,MA.5.AR.1.2,5,Mathematics (B.E.S.T.),Algebraic Reasoning,Solve problems involving the four operations with whole numbers and fractions.,"Solve real-world problems involving the addition, subtraction or multiplication of fractions, including mixed numbers and fractions greater than 1.",,State Board Approved,,Clarification 1: Instruction includes the use of visual models and equations to represent the problem.,,,"When solving real-world problems, students can often confuse contexts that require subtraction and multiplication of fractions. For example, “Mark has 34 yards of rope and he gives half of the rope to a friend. How much rope does Mark have left?” expects students to find 12 of 34, or multiply 12 × 34 to find the product that represents how much is given to the friend. On the other hand, “Mark has 34 yards of rope and gives 12 yard of rope to a friend. How much rope does Mark have left?” expects students to take 12 yard from 34 yard, or subtract 34 − 12 to find the difference. Encourage students to look for the units in the problem (e.g., 12 yard versus 12of the whole rope) to determine the appropriate operation. | For example, “Mark has 34 yards of rope and he gives half of the rope to a friend. How much rope does Mark have left?” expects students to find 12 of 34, or multiply 12 × 34 to find the product that represents how much is given to the friend. On the other hand, “Mark has 34 yards of rope and gives 12 yard of rope to a friend. How much rope does Mark have left?” expects students to take 12 yard from 34 yard, or subtract 34 − 12 to find the difference. Encourage students to look for the units in the problem (e.g., 12 yard versus 12of the whole rope) to determine the appropriate operation. | Students may believe that multiplication always results in a larger number. Using models when multiplying with fractions will enable students to generalize about multiplication algorithms that are based on conceptual understanding (MTR.5.1). Encourage students to use their number sense when determining the size of a product (connecting to MA.5.FR.2.3). The teacher can ask students what they know about multiplying fractions to determine how the numbers in the problem are related. | Students can have difficulty with word problems when determining which operation to use, and the stress of working with fractions makes this happen more often. Students need to apply what they already know about operations with fractions to create action plans to solve multi-step real-world problems involving fractions. For example, “Mark has 34 yards of rope and he gives a third of the rope to a friend. How much rope does Mark have left?” expects students to first find 13 of 34, or multiply 1/3 × 34, and then to find the difference to find how much Mark has left. On the other hand, ""Mark has 34 yards of rope and gives 13 yard of rope to a friend. How much rope does Mark have left?” only requires finding the difference 34 − 13.With guiding questions, teachers can ask students what operation will be needed to solve the problem. Prompt students to indicate what the first action step will be before they solve. If students struggle to find the first step of the problem, encourage them to create a visual model while rereading. | For example, “Mark has 34 yards of rope and he gives a third of the rope to a friend. How much rope does Mark have left?” expects students to first find 13 of 34, or multiply 1/3 × 34, and then to find the difference to find how much Mark has left. On the other hand, ""Mark has 34 yards of rope and gives 13 yard of rope to a friend. How much rope does Mark have left?” only requires finding the difference 34 − 13. | With guiding questions, teachers can ask students what operation will be needed to solve the problem. Prompt students to indicate what the first action step will be before they solve. If students struggle to find the first step of the problem, encourage them to create a visual model while rereading.",,,,,,,,,,,
15397,MA.5.AR.1.3,5,Mathematics (B.E.S.T.),Algebraic Reasoning,Solve problems involving the four operations with whole numbers and fractions.,Solve real-world problems involving division of a unit fraction by a whole number and a whole number by a unit fraction.,,State Board Approved,,Clarification 1: Instruction includes the use of visual models and equations to represent the problem.,,,"Students may believe that division always results in a smaller number, which is true when dividing a fraction by a whole number, but not when dividing a whole number by a fraction. Using models will help students develop the understanding needed for computation with fractions.",,,,,,,,,,,
15398,MA.5.AR.2.1,5,Mathematics (B.E.S.T.),Algebraic Reasoning,"Demonstrate an understanding of equality, the order of operations and equivalent numerical expressions.",Translate written real-world and mathematical descriptions into numerical expressions and numerical expressions into written mathematical descriptions.,,State Board Approved,,"Clarification 1: Expressions are limited to any combination of the arithmetic operations, including parentheses, with whole numbers, decimals and fractions. | Clarification 2: Within this benchmark, the expectation is not to include exponents or nested grouping symbols.",,,"Students can misrepresent decimal and fraction numbers in words. This benchmark helps students practice naming numbers according to place value. | Some students can confuse the difference between what is expected in the expressions 5(9 + 3) and 5 + (9 + 3). Students need practice naming the former as multiplication (e.g., 5 times the sum of 9 and 3) and understanding that in that expression, both 5 and 9 + 3 are factors. | Students may have confusion with parentheses. Misplacement or omission of parentheses can lead to incorrect interpretations of expressions. Students might forget to use parentheses where necessary or include unnecessary ones, altering the meaning of the expression. | Additional misinterpretations include misunderstanding the order of operations, where a student mistakenly performs an operation over another (e.g. addition before multiplication with no parentheses present).",,,,,,,,,,,
15399,MA.5.AR.2.2,5,Mathematics (B.E.S.T.),Algebraic Reasoning,"Demonstrate an understanding of equality, the order of operations and equivalent numerical expressions.",Evaluate multi-step numerical expressions using order of operations.,,State Board Approved,,"Clarification 1: Multi-step expressions are limited to any combination of arithmetic operations, including parentheses, with whole numbers, decimals and fractions. | Clarification 2: Within this benchmark, the expectation is not to include exponents or nested grouping symbols. | Clarification 3: Decimals are limited to hundredths. Expressions cannot include division of a fraction by a fraction.",,,"When students learn mnemonics like PEMDAS to perform the order of operations, they can confuse that multiplication must always be performed before division, and likewise addition before subtraction. Students should have experiences solving expressions with multiple instances of procedural operations and their inverse, such as addition and subtraction, so they learn how to solve them left to right.For example, when given the expression 6-(3×2)+4, guide students to follow the order of operations and simplify the parentheses first. Next, students should recognize that subtraction and addition are the remaining operations, and the expression should be solved reading left to right. | For example, when given the expression 6-(3×2)+4, guide students to follow the order of operations and simplify the parentheses first. Next, students should recognize that subtraction and addition are the remaining operations, and the expression should be solved reading left to right. | Students may understand the order in which to perform operations, but they may have difficulty keeping track of the numbers they have already operated with.",,,,,,,,,,,
15400,MA.5.AR.2.3,5,Mathematics (B.E.S.T.),Algebraic Reasoning,"Demonstrate an understanding of equality, the order of operations and equivalent numerical expressions.",Determine and explain whether an equation involving any of the four operations is true or false.,,State Board Approved,,Clarification 1: Problem types include equations that include parenthesis but not nested parentheses. | Clarification 2: Instruction focuses on the connection between properties of equality and order of operations.,,,"Some students may not understand that the equal sign is a relational symbol showing expressions on both sides that are the same. While justifying whether equations are true or false, students should explain what makes the equation true.",,,,,,,,,,,
15401,MA.5.AR.2.4,5,Mathematics (B.E.S.T.),Algebraic Reasoning,"Demonstrate an understanding of equality, the order of operations and equivalent numerical expressions.","Given a mathematical or real-world context, write an equation involving any of the four operations to determine the unknown whole number with the unknown in any position.",,State Board Approved,,Clarification 1: Instruction extends the development of algebraic thinking where the unknown letter is recognized as a variable. | Clarification 2: Problems include the unknown and different operations on either side of the equal sign,,,"When students have trouble comprehending contexts, they tend to just grab numbers from a given context and begin computing without justifying their arguments. Emphasis of instruction should be on the comprehension of problems through classroom discussion, sharing strategies, estimating reasonable solutions, and justifying equations and solutions.",,,,,,,,,,,
15402,MA.5.AR.3.1,5,Mathematics (B.E.S.T.),Algebraic Reasoning,Analyze patterns and relationships between inputs and outputs.,"Given a numerical pattern, identify and write a rule that can describe the pattern as an expression.",,State Board Approved,,Clarification 1: Rules are limited to one or two operations using whole numbers.,,,"A common mistake that students make is to determine a rule based on the change in only the first two terms. During instruction, teachers should emphasize that a rule must work for the change in any two terms in a pattern.",,,,,,,,,,,
15403,MA.5.AR.3.2,5,Mathematics (B.E.S.T.),Algebraic Reasoning,Analyze patterns and relationships between inputs and outputs.,"Given a rule for a numerical pattern, use a two-column table to record the inputs and outputs.",,State Board Approved,,Clarification 1: Instruction builds a foundation for proportional and linear relationships in later grades. | Clarification 2: Rules are limited to one or two operations using whole numbers.,,,Students may make computational errors when calculating the output for a given rule and input. | Students may confuse input and output values when recording the values in a two- column table.,,,,,,,,,,,
15404,MA.5.M.1.1,5,Mathematics (B.E.S.T.),Measurement,Convert measurement units to solve multi-step problems.,Solve multi-step real-world problems that involve converting measurement units to equivalent measurements within a single system of measurement.,,State Board Approved,,"Clarification 1: Within the benchmark, the expectation is not to memorize the conversions. | Clarification 2: Conversions include length, time, volume and capacity represented as whole numbers, fractions and decimals.",,,"Students confuse renaming units of measurement with the renaming that they do with whole numbers and place value. For example, when subtracting 6 inches from 3 feet, they get 2 feet 4 inches because they think of subtracting 6 inches from 30 inches. Students need to pay attention to the unit of measurement which dictates the renaming (inches in this example) and the number to use (12 inches in a foot instead of 10 inches in a foot). | For example, when subtracting 6 inches from 3 feet, they get 2 feet 4 inches because they think of subtracting 6 inches from 30 inches. Students need to pay attention to the unit of measurement which dictates the renaming (inches in this example) and the number to use (12 inches in a foot instead of 10 inches in a foot). | Students confuse renaming units of measurements when converting mixed customary measures because, unlike metric measurement, the customary measurements are not expressed using the base-ten system. For example, when adding 3 feet 5 inches to 4 feet 9 inches, they get 7 feet 14 inches. Students may not understand that 14 inches can be converted into 1 foot 2 inches, for an overall answer of 8 feet 2 inches. | For example, when adding 3 feet 5 inches to 4 feet 9 inches, they get 7 feet 14 inches. Students may not understand that 14 inches can be converted into 1 foot 2 inches, for an overall answer of 8 feet 2 inches. | Students may not know which operation to use when converting measurements. During instruction, teachers can use manipulatives and a real-world approach so that students make connections to units. For example, teachers can use containers that equal cups, pints, quarts, and gallons when giving explicit instruction on units of liquid capacity. Real- world application allows students to have a deeper understanding of the relative size of units that may be abstract. | A common mistake that students may make when encountering word problems is when problems contain information in different units. Students should convert different units to one common unit before calculating.",,,,,,,,,,,
15405,MA.5.M.2.1,5,Mathematics (B.E.S.T.),Measurement,Solve problems involving money.,Solve multi-step real-world problems involving money using decimal notation.,,State Board Approved,,,,,Students can misinterpret multi-step word problems and only complete one of the steps. Encourage students to estimate reasonable solutions and justify models to solve before computing. | Students may get confused when reading word problems. Teachers should encourage students to draw and label diagrams with monetary value as a visual aid.,,,,,,,,,,,
15406,MA.5.GR.1.1,5,Mathematics (B.E.S.T.),Geometric Reasoning,Classify two-dimensional figures and three-dimensional figures based on defining attributes.,Classify triangles or quadrilaterals into different categories based on shared defining attributes. Explain why a triangle or quadrilateral would or would not belong to a category.,,State Board Approved,,"Clarification 1: Triangles include scalene, isosceles, equilateral, acute, obtuse and right; quadrilaterals include parallelograms, rhombi, rectangles, squares and trapezoids.",,,"Students may think that when describing and classifying geometric shapes and placing them in subcategories, the last subcategory is the only classification that can be used. | Students may think that a geometric figure can only be classified in one way. For example, a square (a shape with 4 congruent sides and 4 congruent angles) can also be a parallelogram because it contains 2 pairs of sides that are congruent and parallel. | For example, a square (a shape with 4 congruent sides and 4 congruent angles) can also be a parallelogram because it contains 2 pairs of sides that are congruent and parallel.",,,,,,,,,,,
15407,MA.5.GR.1.2,5,Mathematics (B.E.S.T.),Geometric Reasoning,Classify two-dimensional figures and three-dimensional figures based on defining attributes.,"Identify and classify three-dimensional figures into categories based on their defining attributes. Figures are limited to right pyramids, right prisms, right circular cylinders, right circular cones and spheres.",,State Board Approved,,"Clarification 1: Defining attributes include the number and shape of faces, number and shape of bases, whether or not there is an apex, curved or straight edges and curved or flat faces.",,,Students may believe that the orientation of a figure changes the three-dimensional shape.,,,,,,,,,,,
15408,MA.5.GR.2.1,5,Mathematics (B.E.S.T.),Geometric Reasoning,Find the perimeter and area of rectangles with fractional or decimal side lengths.,Find the perimeter and area of a rectangle with fractional or decimal side lengths using visual models and formulas.,,State Board Approved,,Clarification 1: Instruction includes finding the area of a rectangle with fractional side lengths by tiling it with squares having unit fraction side lengths and showing that the area is the same as would be found by multiplying the side lengths. | Clarification 2: Responses include the appropriate units in word form.,,,Students may believe that multiplication always results in a larger number. Working with area provides them with concrete situations where this is not true. For example a city block that is 110 mile by 110 mile has an area of 100 of a square mile. | For example a city block that is 110 mile by 110 mile has an area of 100 of a square mile. | Students may have difficulty connecting visual models to the symbolic representation using equations. Use concrete visuals to represent problems.,,,,,,,,,,,
15409,MA.5.GR.3.1,5,Mathematics (B.E.S.T.),Geometric Reasoning,Solve problems involving the volume of right rectangular prisms.,Explore volume as an attribute of three-dimensional figures by packing them with unit cubes without gaps. Find the volume of a right rectangular prism with whole-number side lengths by counting unit cubes.,,State Board Approved,,"Clarification 1: Instruction emphasizes the conceptual understanding that volume is an attribute that can be measured for a three-dimensional figure. The measurement unit for volume is the volume of a unit cube, which is a cube with edge length of 1 unit.",,,Students may incorrectly fill figures to find volume with cubes. Students need to ensure there is no empty space included and that unit cubes are equally-sized and packed tightly in without overlaps.,,,,,,,,,,,
15410,MA.5.GR.3.2,5,Mathematics (B.E.S.T.),Geometric Reasoning,Solve problems involving the volume of right rectangular prisms.,Find the volume of a right rectangular prism with whole-number side lengths using a visual model and a formula.,,State Board Approved,,"Clarification 1: Instruction includes finding the volume of right rectangular prisms by packing the figure with unit cubes, using a visual model or applying a multiplication formula. | Clarification 2: Right rectangular prisms cannot exceed two-digit edge lengths and responses include the appropriate units in word form.",,,"Students may confuse the difference between b in the area formula A= b X h and B in the volume formula V = B × h. When building understanding of the volume formula for right rectangular prisms, teachers and students should include a visual model to justify their calculations. | Students may make computational errors when calculating volume. Encourage them to estimate reasonable solutions before calculating and justify their solutions after. Instruction can also encourage students to find efficient ways to use the formula.For example, when calculating the volume of a rectangular prism using the formula V = 45 × 12 × 2, students may find calculating easier if they multiply 45 × 2 (90) first, instead of 45 × 12. During class discussions, teachers should encourage students to share their strategies so they can build efficiency. | For example, when calculating the volume of a rectangular prism using the formula V = 45 × 12 × 2, students may find calculating easier if they multiply 45 × 2 (90) first, instead of 45 × 12. During class discussions, teachers should encourage students to share their strategies so they can build efficiency.",,,,,,,,,,,
15411,MA.5.GR.3.3,5,Mathematics (B.E.S.T.),Geometric Reasoning,Solve problems involving the volume of right rectangular prisms.,"Solve real-world problems involving the volume of right rectangular prisms, including problems with an unknown edge length, with whole-number edge lengths using a visual model or a formula. Write an equation with a variable for the unknown to represent the problem.",,State Board Approved,,"Clarification 1: Instruction progresses from right rectangular prisms to composite figures composed of right rectangular prisms. | Clarification 2: When finding the volume of composite figures composed of right rectangular prisms, recognize volume as additive by adding the volume of non-overlapping parts. | Clarification 3: Responses include the appropriate units in word form.",,,"Students may confuse the difference between b in the area formula A = b X h and B in the volume formula V = B × h. When building understanding of the volume formula for right rectangular prisms, teachers and students should include a visual model to use to justify their calculations. | Students may make computational errors when calculating volume. Encourage them to estimate reasonable solutions before calculating and justify their solutions after. Instruction can also encourage students to find efficient ways to use the formula.For example, when calculating the volume of a rectangular prism using the formula, V = 45 × 12 × 2, students may find calculating easier if they first multiply 45 × 2 (which equals 90), instead of 45 × 12. During class discussions, teachers should encourage students to share their strategies so they can build efficiency. | For example, when calculating the volume of a rectangular prism using the formula, V = 45 × 12 × 2, students may find calculating easier if they first multiply 45 × 2 (which equals 90), instead of 45 × 12. During class discussions, teachers should encourage students to share their strategies so they can build efficiency.",,,,,,,,,,,
15412,MA.5.GR.4.1,5,Mathematics (B.E.S.T.),Geometric Reasoning,Plot points and represent problems on the coordinate plane,Identify the origin and axes in the coordinate system. Plot and label ordered pairs in the first quadrant of the coordinate plane.,,State Board Approved,,Clarification 1: Instruction includes the connection between two-column tables and coordinates on a coordinate plane. | Clarification 2: Instruction focuses on the connection of the number line to the x- and y-axis. | Clarification 3: Coordinate planes include axes scaled by whole numbers. Ordered pairs contain only whole numbers.,,,"Students can confuse the x- and y-values in an ordered pair and move vertically along the y-axis before moving horizontally along the x-axis. | For example, they may mean to plot and label the ordered pair (2, 4), but plot and label (4, 2) instead. To assist students with this misconception, have students practice with creating directions for their student peers to follow to allow them to gain a better understanding of the direction and distance on the coordinate plane. | Some students may not understand what an x- or y-coordinate value of 0 represents. During instruction, students should justify why ordered pairs with a 0 will plot on the x- axis or y-axis.",,,,,,,,,,,
15413,MA.5.GR.4.2,5,Mathematics (B.E.S.T.),Geometric Reasoning,Plot points and represent problems on the coordinate plane,Represent mathematical and real-world problems by plotting points in the first quadrant of the coordinate plane and interpret coordinate values of points in the context of the situation.,,State Board Approved,,Clarification 1: Coordinate planes include axes scaled by whole numbers. Ordered pairs contain only whole numbers.,,,"Students can confuse the x- and y-values in an ordered pair and move vertically along the y-axis before moving horizontally along the x-axis. For example, they may mean to plot and label the ordered pair (2, 4), but plot and label (4, 2) instead. | For example, they may mean to plot and label the ordered pair (2, 4), but plot and label (4, 2) instead. | Some students may not understand what an x- or y-coordinate value of 0 represents. During instruction, students should justify why ordered pairs with a 0 will plot on the x- axis or y-axis.",,,,,,,,,,,
15414,MA.5.DP.1.1,5,Mathematics (B.E.S.T.),Data Analysis and Probability,"Collect, represent and interpret data and find the mean, mode, median or range of a data set.","Collect and represent numerical data, including fractional and decimal values, using tables, line graphs or line plots.",,State Board Approved,,"Clarification 1: Within this benchmark, the expectation is for an estimation of fractional and decimal heights on line graphs. | Clarification 2: Decimal values are limited to hundredths. Denominators are limited to 1, 2, 3 and 4. Fractions can be greater than one.",,,"For line plots, students may misread a number line and have difficulty because they use whole-number names when counting fractional parts on a number line instead of the fraction name.",,,,,,,,,,,
15415,MA.5.DP.1.2,5,Mathematics (B.E.S.T.),Data Analysis and Probability,"Collect, represent and interpret data and find the mean, mode, median or range of a data set.","Interpret numerical data, with whole-number values, represented with tables or line plots by determining the mean, mode, median or range.",,State Board Approved,,"Clarification 1: Instruction includes interpreting the mean in real-world problems as a leveling out, a balance point or an equal share.",,,"Students may confuse the mean and median of a data set. During instruction, teachers should provide students with examples where the median and mean of a data set are not close in value.",,,,,,,,,,,
15416,MA.6.NSO.1.1,6,Mathematics (B.E.S.T.),Number Sense and Operations,Extend knowledge of numbers to negative numbers and develop an understanding of absolute value.,"Extend previous understanding of numbers to define rational numbers. Plot, order and compare rational numbers.",,State Board Approved,,"Clarification 1: Within this benchmark, the expectation is to plot, order and compare positive and negative rational numbers when given in the same form and to plot, order and compare positive rational numbers when given in different forms (fraction, decimal, percentage). | Clarification 2: Within this benchmark, the expectation is to use symbols (<, > or =).",,,"Students may think if a positive number is larger than a second positive number that the relationship will hold true given the negative or opposite of the given numbers. For example, if given 6.75 > 6.71, then a student may think that – 6.75 > −6.71. Using a number line (vertical or horizontal) can help students to see the relationship with whole numbers, meaning the greater value is always to the right (horizontal) or above (vertical). | For example, if given 6.75 > 6.71, then a student may think that – 6.75 > −6.71. Using a number line (vertical or horizontal) can help students to see the relationship with whole numbers, meaning the greater value is always to the right (horizontal) or above (vertical). | Students may think that rational numbers cannot be compared unless they are in the same form (i.e., only fractions can be compared to fractions). Instruction should showcase how to make comparisons using benchmark values for plotting numbers without converting between forms.",,,,,,,,,,,
15417,MA.6.NSO.1.2,6,Mathematics (B.E.S.T.),Number Sense and Operations,Extend knowledge of numbers to negative numbers and develop an understanding of absolute value.,"Given a mathematical or real-world context, represent quantities that have opposite direction using rational numbers. Compare them on a number line and explain the meaning of zero within its context.",,State Board Approved,,"Clarification 1: Instruction includes vertical and horizontal number lines, context referring to distances, temperatures and finances and using informal verbal comparisons, such as, lower, warmer or more in debt. | Clarification 2: Within this benchmark, the expectation is to compare positive and negative rational numbers when given in the same form.",,,"Students may incorrectly assign double negatives when describing relationships that are below zero.For example, they may say the temperature is – 3 degrees below zero when they mean it is – 3 degrees from zero or it is 3 degrees below zero. In this same context, it is important for students to understand that identifying a value as negative indicates the position as being lower or colder than the neutral position of 0. | For example, they may say the temperature is – 3 degrees below zero when they mean it is – 3 degrees from zero or it is 3 degrees below zero. In this same context, it is important for students to understand that identifying a value as negative indicates the position as being lower or colder than the neutral position of 0. | Instruction provides many opportunities for students to share verbal descriptions (in written and oral forms) to better develop this skill (MTR.4.1, MTR.7.1). | Students may experience difficulty when trying to create a number line and determining the meaning of 0 within the context. Instruction showcases drawing a picture of the context first and then connect it to the building of a number line.",,,,,,,,,,,
15418,MA.6.NSO.1.3,6,Mathematics (B.E.S.T.),Number Sense and Operations,Extend knowledge of numbers to negative numbers and develop an understanding of absolute value.,"Given a mathematical or real-world context, interpret the absolute value of a number as the distance from zero on a number line. Find the absolute value of rational numbers.",,State Board Approved,,"Clarification 1: Instruction includes the connection of absolute value to mirror images about zero and to opposites. | Clarification 2: Instruction includes vertical and horizontal number lines and context referring to distances, temperature and finances.",,,"Students may incorrectly state the absolute value of a negative number has a negative value. Students need to understand the total distance you traveled is not dependent on which direction you travel. To help address this misconception, instruction includes students talking about absolute value as distance and asking students questions such as:Would you describe how far you traveled with a negative number?If your parent drives a car in reverse, does the odometer show how far the car traveled by counting backwards? f your parent drives a car backwards, does the odometer show how far the car traveled by counting backwards?If you walk from your desk to the door backwards (your back is facing the door), did you walk a negative distance? You stand in line for a ride at an amusement park. You walk forward 10 feet in line, then the line makes a U-turn and you walk 30 feet. A U-turn happens in the line again and you travel an additional 16 feet before boarding the ride. How do you determine the distance you traveled while traveling in line? | Would you describe how far you traveled with a negative number? | If your parent drives a car in reverse, does the odometer show how far the car traveled by counting backwards? f your parent drives a car backwards, does the odometer show how far the car traveled by counting backwards? | If you walk from your desk to the door backwards (your back is facing the door), did you walk a negative distance? | You stand in line for a ride at an amusement park. You walk forward 10 feet in line, then the line makes a U-turn and you walk 30 feet. A U-turn happens in the line again and you travel an additional 16 feet before boarding the ride. How do you determine the distance you traveled while traveling in line?",,,,,,,,,,,
15419,MA.6.NSO.1.4,6,Mathematics (B.E.S.T.),Number Sense and Operations,Extend knowledge of numbers to negative numbers and develop an understanding of absolute value.,"Solve mathematical and real-world problems involving absolute value, including the comparison of absolute value.",,State Board Approved,,"Clarification 1: Absolute value situations include distances, temperatures and finances. | Clarification 2: Problems involving calculations with absolute value are limited to two or fewer operations. | Clarification 3: Within this benchmark, the expectation is to use integers only.",,,"Students may incorrectly state the absolute value of a negative number has a negative value. Instruction includes opportunities for students to talk about absolute value as distance in real-world scenarios (MTR.7.1).For example, the odometer on my car reads 92,500 miles when I leave my house to drive 89 miles to Grandma’s house. When I get to Grandma’s house, the odometer reads 92,589 miles. When I turn around and drive home, which is the opposite direction, will my odometer count backwards and read 92,500 again when I get home, or will it read 92,678 miles? | For example, the odometer on my car reads 92,500 miles when I leave my house to drive 89 miles to Grandma’s house. When I get to Grandma’s house, the odometer reads 92,589 miles. When I turn around and drive home, which is the opposite direction, will my odometer count backwards and read 92,500 again when I get home, or will it read 92,678 miles? | Students may incorrectly assume distance is only referring to physically traveling between locations, such as walking, biking or driving. However, if we plot two values on a number line, this can also represent distance because we are determining how far away two points or values are from each other (MTR.3.1).",,,,,,,,,,,
15420,MA.6.NSO.2.1,6,Mathematics (B.E.S.T.),Number Sense and Operations,"Add, subtract, multiply and divide positive rational numbers.","Multiply and divide positive multi-digit numbers with decimals to the thousandths, including using a standard algorithm with procedural fluency.",,State Board Approved,,Clarification 1: Multi-digit decimals are limited to no more than 5 total digits.,,,"Students may incorrectly apply rules for adding or subtracting decimals to multiplication of decimals, believing place values must be aligned. | Students may confuse the lining up of place values when multiplying or dividing vertically by omitting or forgetting to include zeros as place holders in the partial products or quotients.",,,,,,,,,,,
15421,MA.6.NSO.2.2,6,Mathematics (B.E.S.T.),Number Sense and Operations,"Add, subtract, multiply and divide positive rational numbers.","Extend previous understanding of multiplication and division to compute products and quotients of positive fractions by positive fractions, including mixed numbers, with procedural fluency.",,State Board Approved,,"Clarification 1: Instruction focuses on making connections between visual models, the relationship between multiplication and division, reciprocals and algorithms.",,,Students may forget that common denominators are not necessary for multiplying or dividing fractions. | Students may incorrectly assume that multiplication results in a product that is larger than the two factors. Instruction continues with students assessing the reasonableness of their answers by determining if the product will be greater or less than the factors within the given context. | Students may incorrectly assume that division results in a quotient that is smaller than the dividend. Instruction continues with students assessing the reasonableness of their answers by determining if the quotient will be greater or less than the dividend within the given context.,,,,,,,,,,,
15422,MA.6.NSO.2.3,6,Mathematics (B.E.S.T.),Number Sense and Operations,"Add, subtract, multiply and divide positive rational numbers.","Solve multi-step real-world problems involving any of the four operations with positive multi-digit decimals or positive fractions, including mixed numbers.",,State Board Approved,,"Clarification 1: Within this benchmark, it is not the expectation to include both decimals and fractions within a single problem.",,,"Students may incorrectly oversimplify a problem by mechanically circling the numbers, underlining the question, and boxing in key words and then jumping to an answer, or procedure, without taking the time to comprehend the context or situation (MTR.2.1, MTR.4.1, MTR.5.1, MTR.7.1). | Students may incorrectly apply rules for adding or subtracting decimals to multiplication of decimals, believing place values must be aligned. | Students may confuse the lining up of place values when multiplying or dividing vertically by omitting or forgetting to include zeros as place holders in the partial products or quotients. | Students may forget that common denominators are not necessary for multiplying or dividing fractions. | Students may incorrectly assume that multiplication results in a product that is larger than the two factors. Instruction continues with students assessing the reasonableness of their answers by determining if the product will be greater or less than the factors within the given context. | Students may incorrectly assume that division results in a quotient that is smaller than the dividend. Instruction continues with students assessing the reasonableness of their answers by determining if the quotient will be greater or less than the dividend within the given context.",,,,,,,,,,,
15423,MA.6.NSO.3.1,6,Mathematics (B.E.S.T.),Number Sense and Operations,Apply properties of operations to rewrite numbers in equivalent forms.,"Given a mathematical or real-world context, find the greatest common factor and least common multiple of two whole numbers.",,State Board Approved,,"Clarification 1: Within this benchmark, expectations include finding greatest common factor within 1,000 and least common multiple with factors to 25. | Clarification 2: Instruction includes finding the greatest common factor of the numerator and denominator of a fraction to simplify a fraction.",,,"Greatest common factor and least common multiple are often mixed up or confused by students. Stressing the academic vocabulary of what is a factor versus what is a multiple can help students keep the two straight in their minds. | Students may incorrectly think that the greatest common factor of two numbers cannot be 1. However, if given two prime numbers, the greatest common factor will always be 1. | Students may incorrectly think that if one of the numbers is prime, the greatest common factor must be 1. However, the greatest common factor is not 1 if one of the numbers is a prime number and that prime number is a factor of the second number. | Students may incorrectly think the least common multiple has to be larger than both of the given numbers. Provide examples to showcase the least common multiple being the same as one of the given whole numbers.For example, the LCM of 12 and 24 is 24. | For example, the LCM of 12 and 24 is 24. | Students may incorrectly think the least common multiple can be found by multiplying the two numbers. Provide examples where this is not the case, such as the LCM of 4 and 6 is 12 not 24.",,,,,,,,,,,
15424,MA.6.NSO.3.2,6,Mathematics (B.E.S.T.),Number Sense and Operations,Apply properties of operations to rewrite numbers in equivalent forms.,"Rewrite the sum of two composite whole numbers having a common factor, as a common factor multiplied by the sum of two whole numbers.",,State Board Approved,,Clarification 1: Instruction includes using the distributive property to generate equivalent expressions.,,,"When working with the distributive property, some students may incorrectly multiply only the common factor by only one of the terms inside the parenthesis. Students need to make sure to multiply the common factor by both terms in the parentheses. | Students may incorrectly think that they always must factor out the greatest common factor. | Students must read the task or question carefully to determine if any common factor is allowable or if it must be the greatest common factor.",,,,,,,,,,,
15425,MA.6.NSO.3.3,6,Mathematics (B.E.S.T.),Number Sense and Operations,Apply properties of operations to rewrite numbers in equivalent forms.,Evaluate positive rational numbers and integers with natural number exponents.,,State Board Approved,,"Clarification 1: Within this benchmark, expectations include using natural number exponents up to 5.",,,"Students may multiply the base by the exponent instead of multiplying the base by itself as many times as directed by the exponent. t. Instruction includes students using expanded form to represent the multiplication.For example, 1.2583 written in expanded form is (1.258)(1.258)(1.258). | For example, 1.2583 written in expanded form is (1.258)(1.258)(1.258). | Some students may incorrectly apply or use incorrect notation when exponents are applied to negative integers. If a negative integer has an exponent, the negative base must be in parentheses and the exponent is on the outside of the parentheses (MTR.5.1).For example, (−12)4 = (−12)(−12)(−12)(−12) is not the same as −124 = −(12)(12)(12)(12). | For example, (−12)4 = (−12)(−12)(−12)(−12) is not the same as −124 = −(12)(12)(12)(12).",,,,,,,,,,,
15426,MA.6.NSO.3.4,6,Mathematics (B.E.S.T.),Number Sense and Operations,Apply properties of operations to rewrite numbers in equivalent forms.,Express composite whole numbers as a product of prime factors with natural number exponents.,,State Board Approved,,,,,"Students may incorrectly think when creating branches on a factor tree, one of the branches of each factor pair has to have a prime number. | Students may incorrectly think the prime factorization of a number will change if different factors are selected for constructing the prime factorization model. | Students may incorrectly write the prime factorization from a factor tree because they do not take all of the factors into their solution. | Students may incorrectly think 2 is a composite number because it is even. Have students list the factor pairs that produce a product of 2 for them to conclude that 2 must be prime because it has exactly 2 factors: 1 and itself. | Students may incorrectly think most odd numbers, like 91, are prime. It can be helpful to, within problem contexts, incorporate divisibility rules, especially those for 2, 3, 5, 6, 9 and 10, to help students identify factors quickly. If students believe a number is prime, students should try to find a number that can produce the one’s digit and try numbers that end with that digit. For example, 91 ends in a 1. If you multiply 7 by 3 you get a number that ends in a 1, and when the division is done, 7 is a factor of 91 with 13 being the second factor. | For example, 91 ends in a 1. If you multiply 7 by 3 you get a number that ends in a 1, and when the division is done, 7 is a factor of 91 with 13 being the second factor. | Students may confuse finding factors with finding multiples of a number. It is important to use the academic vocabulary of factor and multiple within the contexts of problems and tasks.",,,,,,,,,,,
15427,MA.6.NSO.3.5,6,Mathematics (B.E.S.T.),Number Sense and Operations,Apply properties of operations to rewrite numbers in equivalent forms.,"Rewrite positive rational numbers in different but equivalent forms including fractions, terminating decimals and percentages.",,State Board Approved,,Clarification 1: Rational numbers include decimal equivalence up to the thousandths place.,,,"Students may incorrectly think that, when dividing, the larger value is divided by the smaller value. This is a common overgeneralization because most of their experience in elementary school is dividing larger values by smaller values. | Students may misplace the decimal when converting from fraction to decimal form because they forget to place the decimal after the whole number in the dividend if the numbers do not divide evenly or do not place the decimal in the aligned place value of the quotient. It is helpful for some students to use graph paper when dividing with decimals to help students keep place values accurately aligned. | Students may incorrectly think that the decimal value and the percent are exactly the same, not realizing that the percent is 100 times the decimal value. | Students may incorrectly convert from fraction to decimal form because of their lack of place value knowledge. Instruction includes students using expanded form of the numbers by adding a decimal and zeros in aligned place values until the decimal terminates. Practice includes multiple opportunities for students to work with fractions that require students to add zeros. | Students may incorrectly move the decimal direction when converting between decimals and percentages because they do not understand what happens to the decimal when a number is multiplied or divided by a power of 10.",,,,,,,,,,,
15428,MA.6.NSO.4.1,6,Mathematics (B.E.S.T.),Number Sense and Operations,Extend understanding of operations with integers.,Apply and extend previous understandings of operations with whole numbers to add and subtract integers with procedural fluency.,,State Board Approved,,"Clarification 1: Instruction begins with the use of manipulatives, models and number lines working towards becoming procedurally fluent by the end of grade 6. | Clarification 2: Instruction focuses on the inverse relationship between the operations of addition and subtraction. If p and q are integers, then p-q=p+(-q) and p+q=p-(-q).",,,"Some students may misunderstand when adding and subtracting integers, the sign of the “bigger number” is kept. | For example, in the expression –8 + 4, the sum will be negative because –8 is the “bigger number.” Instead, it can be thought of as there are more negatives than positives being combined, so the result will be negative value. | For example, in the expression –8 + 4, the sum will be negative because –8 is the “bigger number.” Instead, it can be thought of as there are more negatives than positives being combined, so the result will be negative value. | Students may confuse zero for being a negative number because it is less than a whole. However, 0 is a neutral number; it is neither positive nor negative. | Students may incorrectly believe that the number with the larger absolute value will always be the minuend (the first term in a subtraction expression) or that the positive number must always be the minuend. This may stem from an overgeneralization of the common pattern in elementary mathematics that “the larger number always goes first in subtraction.”",,,,,,,,,,,
15429,MA.6.NSO.4.2,6,Mathematics (B.E.S.T.),Number Sense and Operations,Extend understanding of operations with integers.,Apply and extend previous understandings of operations with whole numbers to multiply and divide integers with procedural fluency.,,State Board Approved,,"Clarification 1: Instruction includes the use of models and number lines and the inverse relationship between multiplication and division, working towards becoming procedurally fluent by the end of grade 6. | Clarification 2: Instruction focuses on the understanding that integers can be divided, provided that the divisor is not zero, and every quotient of integers (with non-zero divisor) is a rational number. If p and q are integers where q≠0, then , and .",,,"Students may incorrectly apply rules to multiplication and division of integers without experiencing models to provide concrete understanding. Using algebra tiles or two-colored counters, have students flip over the tiles every time they encounter a negative. This allows students to see a pattern and see negatives as “the opposite of” (MTR.2.1, MTR.5.1). | Students may incorrectly believe the sign of the product or quotient is determined by the integer that is further from zero because they are confusing the pattern or rules for adding and subtracting integers with multiplying and dividing integers. | Students may incorrectly conclude if an expression begins with a positive integer, the value of the expression is positive or if it begins with a negative integer, the value of the expression is negative. | Students may incorrectly assume if division is written as a negative fraction, both the numerator and denominator are negative values. This can be addressed by modeling with algebra tiles or two-colored counters. | Students may confuse zero for being a negative number because it is less than a whole number. However, 0 is a neutral number; it is neither positive nor negative. | Students may say that a value divided by itself is zero because they subtract instead of divide. Students should remember that any number divided by itself is equal to 1. | Students may make the common mistake of dividing the numbers but not remembering to pay attention to the negative sign. It may help students to write or highlight their negative signs in color to make them stand out visually.",,,,,,,,,,,
15430,MA.6.AR.1.1,6,Mathematics (B.E.S.T.),Algebraic Reasoning,Apply previous understanding of arithmetic expressions to algebraic expressions.,"Given a mathematical or real-world context, translate written descriptions into algebraic expressions and translate algebraic expressions into written descriptions.",,State Board Approved,,,,,"Students may incorrectly assume that there is not a coefficient in front of a variable if there is not a number explicitly written to indicate a coefficient (MTR.2.1).x is the same as 1x | x is the same as 1x | Students may incorrectly think that terms that are being combined using addition and subtraction have to be written in a specific order and not realize that the term being subtracted can come first in the form of a negative number (MTR.2.1).x −3 is the same as −3 + 2x | x −3 is the same as −3 + 2x | Students may oversimplify a problem by using the process of circling the numbers, underlining the question, boxing in keywords, and trying to eliminate information without considering the context (MTR.2.1, MTR.4.1, MTR.5.1, MTR.7.1). | What do you know from the problem? | What is the problem asking you to find? | Are you putting groups together? Taking groups apart? Or both? | Are the groups you are working with the same sizes or different sizes? | Can you create a visual model to help you understand or see patterns in your problem?",,,,,,,,,,,
15431,MA.6.AR.1.2,6,Mathematics (B.E.S.T.),Algebraic Reasoning,Apply previous understanding of arithmetic expressions to algebraic expressions.,"Translate a real-world written description into an algebraic inequality in the form of x>a, x<a, x&ge;aor x&le;a. Represent the inequality on a number line.",,State Board Approved,,Clarification 1: Variables may be on the left or right side of the inequality symbol.,,,"Students may incorrectly think that the variable must always be written on the left-hand side of the inequality symbol. It is important that students be able to read and understand the context regardless of the side of the inequality that the variable is placed. | Students may incorrectly shade the solution set of an inequality on a number line. Using verbal descriptions acknowledging the relationship between the number and the variable can support students in identifying the solution set. Students should test numbers on each side of the value to determine if they are true statements.For example, if the relationship is x > 3, have students replace the x with −5 and 5 to see which one creates a true statement. | For example, if the relationship is x > 3, have students replace the x with −5 and 5 to see which one creates a true statement. | Students may not understand the difference between inclusive and non-inclusive solutions sets on a number line. Students can benefit from reasoning within a real-world context.",,,,,,,,,,,
15432,MA.6.AR.1.3,6,Mathematics (B.E.S.T.),Algebraic Reasoning,Apply previous understanding of arithmetic expressions to algebraic expressions.,Evaluate algebraic expressions using substitution and order of operations.,,State Board Approved,,"Clarification 1: Within this benchmark, the expectation is to perform all operations with integers. | Clarification 2: Refer to Properties of Operations, Equality and Inequality (Appendix D).",,,"Students may incorrectly use the order of operations when generating equivalent expressions. | If more than one variable is present in a given expression, students may incorrectly substitute one value in for all given variables or apply the wrong value to each of the variables. To address this misconception, students can use colors (pens, pencils, markers) to keep track of which variable and location correspond to each given value. | If students try to generate an equivalent expression before substituting integer values, they may try to combine unlike terms (constants with variables or unlike variable terms). | Students may substitute without using the correct operation of multiplication.For example, 3c, where c is 2; a student may write 32 instead of 3(2) or 3 · 2. | For example, 3c, where c is 2; a student may write 32 instead of 3(2) or 3 · 2.",,,,,,,,,,,
15433,MA.6.AR.1.4,6,Mathematics (B.E.S.T.),Algebraic Reasoning,Apply previous understanding of arithmetic expressions to algebraic expressions.,Apply the properties of operations to generate equivalent algebraic expressions with integer coefficients.,,State Board Approved,,"Clarification 1: Properties include associative, commutative and distributive. | Clarification 2: Refer to Properties of Operations, Equality and Inequality (Appendix D).",,,Students may incorrectly think there is only one right answer or equivalent value. | Students may incorrectly perform operations involving nested grouping symbols. | Students can be taught or reminded that each grouping symbol is treated similarly to parentheses.,,,,,,,,,,,
15434,MA.6.AR.2.1,6,Mathematics (B.E.S.T.),Algebraic Reasoning,Develop an understanding for solving equations and inequalities. Write and solve one-step equations in one variable.,"Given an equation or inequality and a specified set of integer values, determine which values make the equation or inequality true or false.",,State Board Approved,,Clarification 1: Problems include the variable in multiple terms or on either side of the equal sign or inequality symbol.,,,"Some students may incorrectly believe only one value can make an inequality true. Inequalities describe a relationship between expressions where more than one value can satisfy the statement. | If more than one operation is present, students may incorrectly think there is only one way to accurately evaluate it. For example, if students are asked if the value of x = 8 is true given the equation 2x −3(x −4) = 4, students could accurately solve using order of operations and properties of operations in more than one way. | For example, if students are asked if the value of x = 8 is true given the equation 2x −3(x −4) = 4, students could accurately solve using order of operations and properties of operations in more than one way.",,,,,,,,,,,
15435,MA.6.AR.2.2,6,Mathematics (B.E.S.T.),Algebraic Reasoning,Develop an understanding for solving equations and inequalities. Write and solve one-step equations in one variable.,"Write and solve one-step equations in one variable within a mathematical or real-world context using addition and subtraction, where all terms and solutions are integers.",,State Board Approved,,"Clarification 1: Instruction includes using manipulatives, drawings, number lines and inverse operations. | Clarification 2: Instruction includes equations in the forms x+p=q and p+x=q, where x,p and q are any integer. | Clarification 3: Problems include equations where the variable may be on either side of the equal sign.",,,"Students may incorrectly apply an operation to a single side of an equation. | Students may incorrectly use the addition and subtraction properties of equality on the same side of the equal sign while solving an equation. To address this misconception, use manipulatives such as balances, algebra tiles, or bar diagrams to show the balance between the two sides of an equation (MTR.2.1).",,,,,,,,,,,
15436,MA.6.AR.2.3,6,Mathematics (B.E.S.T.),Algebraic Reasoning,Develop an understanding for solving equations and inequalities. Write and solve one-step equations in one variable.,"Write and solve one-step equations in one variable within a mathematical or real-world context using multiplication and division, where all terms and solutions are integers.",,State Board Approved,,"Clarification 1: Instruction includes using manipulatives, drawings, number lines and inverse operations. | Clarification 2: Instruction includes equations in the forms x/p = q, where p ≠ 0, and px = q. | Clarification 3: Problems include equations where the variable may be on either side of the equal sign.",,,"Students may incorrectly apply an operation to a single side of an equation. | Students may incorrectly use the multiplication and division properties of equality on the same side of the equal sign while solving an equation. To address this misconception, use manipulatives such as, algebra tiles, number lines or bar diagrams to show the balance between the two sides of an equation (MTR.2.1).",,,,,,,,,,,
15437,MA.6.AR.2.4,6,Mathematics (B.E.S.T.),Algebraic Reasoning,Develop an understanding for solving equations and inequalities. Write and solve one-step equations in one variable.,"Determine the unknown decimal or fraction in an equation involving any of the four operations, relating three numbers, with the unknown in any position.",,State Board Approved,,"Clarification 1: Instruction focuses on using algebraic reasoning, drawings, and mental math to determine unknowns. | Clarification 2: Problems include the unknown and different operations on either side of the equal sign. All terms and solutions are limited to positive rational numbers.",,,Students may not see the connection to mental mathematics within the benchmark and may need to apply procedures when finding an unknown quantity.,,,,,,,,,,,
15438,MA.6.AR.3.1,6,Mathematics (B.E.S.T.),Algebraic Reasoning,Understand ratio and unit rate concepts and use them to solve problems.,"Given a real-world context, write and interpret ratios to show the relative sizes of two quantities using appropriate notation: , a to b, or a:b where b &ne; 0.",,State Board Approved,,"Clarification 1: Instruction focuses on the understanding that a ratio can be described as a comparison of two quantities in either the same or different units. | Clarification 2: Instruction includes using manipulatives, drawings, models and words to interpret part-to-part ratios and part-to-whole ratios. | Clarification 3: The values of a and b are limited to whole numbers.",,,"Students may incorrectly reverse the order of a ratio when a question does specify the order. To address this misconception, students can color code or write the order of the description before assigning the numbers to the ratio. | Students may not recognize simplified forms of ratios. It is not required that students determine the simplified version of a ratio, but when comparing the ratios with other students and seeing different numbers, students should become more adept at seeing both ratios as representing the same relationship. The student should be reminded of the connection to equivalent fractions.",,,,,,,,,,,
15439,MA.6.AR.3.2,6,Mathematics (B.E.S.T.),Algebraic Reasoning,Understand ratio and unit rate concepts and use them to solve problems.,"Given a real-world context, determine a rate for a ratio of quantities with different units. Calculate and interpret the corresponding unit rate.",,State Board Approved,,"Clarification 1: Instruction includes using manipulatives, drawings, models and words and making connections between ratios, rates and unit rates. | Clarification 2: Problems will not include conversions between customary and metric systems.",,,"Students may incorrectly identify what is being compared or the order of quantities being compared by the rate. | Students may have difficulty connecting a unit rate, which is represented by a single number, to a ratio or non-unit rate, which may be represented by two numbers.",,,,,,,,,,,
15440,MA.6.AR.3.3,6,Mathematics (B.E.S.T.),Algebraic Reasoning,Understand ratio and unit rate concepts and use them to solve problems.,Extend previous understanding of fractions and numerical patterns to generate or complete a two- or three-column table to display equivalent part-to-part ratios and part-to-part-to-whole ratios.,,State Board Approved,,"Clarification 1: Instruction includes using two-column tables (e.g., a relationship between two variables) and three-column tables (e.g., part-to-part-to-whole relationship) to generate conversion charts and mixture charts.",,,Students may be looking for arithmetic or counting patterns within the table and not seeing multiplicative patterns between the ratio values.,,,,,,,,,,,
15441,MA.6.AR.3.4,6,Mathematics (B.E.S.T.),Algebraic Reasoning,Understand ratio and unit rate concepts and use them to solve problems.,Apply ratio relationships to solve mathematical and real-world problems involving percentages using the relationship between two quantities.,,State Board Approved,,"Clarification 1: Instruction includes the comparison of to in order to determine the percent, the part or the whole.",,,"Students may not understand the difference between an additive relationship and a multiplicative relationship. | Students may incorrectly set up ratios because of a misunderstanding of the part and the whole addressed in the situation. | Students may not recognize simplified forms of ratios in order to find equivalent ratios to determine the percentage, the whole or the part.",,,,,,,,,,,
15442,MA.6.GR.1.1,6,Mathematics (B.E.S.T.),Geometric Reasoning,Apply previous understanding of the coordinate plane to solve problems.,Extend previous understanding of the coordinate plane to plot rational number ordered pairs in all four quadrants and on both axes. Identify the x- or y-axis as the line of reflection when two ordered pairs have an opposite x- or y-coordinate.,,State Board Approved,,,,,"Students may switch the location of the x-coordinate and the y-coordinate in the ordered pair. | Students may not recognize that a point on an axis has at least one coordinate of zero. For example, the location of the point on the graph identified as (3,0) may be incorrectly identified as (3,3) or just 3. | For example, the location of the point on the graph identified as (3,0) may be incorrectly identified as (3,3) or just 3. | Students may not understand the numbering of the four quadrants (upper right in a counter-clockwise rotation) as well as which coordinate is positive and which coordinate is negative. | Students may incorrectly label the scale of the axes.",,,,,,,,,,,
15443,MA.6.GR.1.2,6,Mathematics (B.E.S.T.),Geometric Reasoning,Apply previous understanding of the coordinate plane to solve problems.,"Find distances between ordered pairs, limited to the same x-coordinate or the same y-coordinate, represented on the coordinate plane.",,State Board Approved,,,,,"Students may have trouble finding the distance across either of the axes.For example, find the distance between (−4, 3) and (5, 3). It may appear that the “difference” between −4 and 5 is 1. However, the distance from −4 to 0 is 4 units and from 0 to 5 is 5 units. Therefore, the distance between the two points is 9 units. | For example, find the distance between (−4, 3) and (5, 3). It may appear that the “difference” between −4 and 5 is 1. However, the distance from −4 to 0 is 4 units and from 0 to 5 is 5 units. Therefore, the distance between the two points is 9 units. | Students may misunderstand that a point on an axis has at least one coordinate of zero.For example, the points (0, 8) and (4, 0) are graphed on the coordinate plane.Some students may incorrectly believe that the points represent (8,8) and (4,4) or just (8) and (4). | For example, the points (0, 8) and (4, 0) are graphed on the coordinate plane. | Some students may incorrectly believe that the points represent (8,8) and (4,4) or just (8) and (4).",,,,,,,,,,,
15444,MA.6.GR.1.3,6,Mathematics (B.E.S.T.),Geometric Reasoning,Apply previous understanding of the coordinate plane to solve problems.,"Solve mathematical and real-world problems by plotting points on a coordinate plane, including finding the perimeter or area of a rectangle.",,State Board Approved,,"Clarification 1: Instruction includes finding distances between points, computing dimensions of a rectangle or determining a fourth vertex of a rectangle. | Clarification 2: Problems involving rectangles are limited to cases where the sides are parallel to the axes.",,,Students may switch the location of the x-coordinate and the y-coordinate in an ordered pair. | Students may confuse perimeter (distance around a figure) with area (the total measure of the inside region of a closed two-dimensional figure).,,,,,,,,,,,
15445,MA.6.GR.2.1,6,Mathematics (B.E.S.T.),Geometric Reasoning,Model and solve problems involving two-dimensional figures and three-dimensional figures.,Derive a formula for the area of a right triangle using a rectangle. Apply a formula to find the area of a triangle.,,State Board Approved,,"Clarification 1: Instruction focuses on the relationship between the area of a rectangle and the area of a right triangle. | Clarification 2: Within this benchmark, the expectation is to know from memory a formula for the area of a triangle.",,,Students may forget that multiplying by and dividing by 12 are the same operation. | Students may neglect to apply the 12 when finding the area of a triangle. | Students may incorrectly identify a side measurement as the height of a triangle. | Students may incorrectly measure with a ruler.,,,,,,,,,,,
15446,MA.6.GR.2.2,6,Mathematics (B.E.S.T.),Geometric Reasoning,Model and solve problems involving two-dimensional figures and three-dimensional figures.,Solve mathematical and real-world problems involving the area of quadrilaterals and composite figures by decomposing them into triangles or rectangles.,,State Board Approved,,"Clarification 1: Problem types include finding area of composite shapes and determining missing dimensions. | Clarification 2: Within this benchmark, the expectation is to know from memory a formula for the area of a rectangle and triangle. | Clarification 3: Dimensions are limited to positive rational numbers.",,,Students may iinvert the perimeter and area formulas. | Students may incorrectly label all sides of the figure. | Students may incorrectly identify a side of a triangle as the height. | Students may overlook an unlabeled side.,,,,,,,,,,,
15447,MA.6.GR.2.3,6,Mathematics (B.E.S.T.),Geometric Reasoning,Model and solve problems involving two-dimensional figures and three-dimensional figures.,Solve mathematical and real-world problems involving the volume of right rectangular prisms with positive rational number edge lengths using a visual model and a formula.,,State Board Approved,,Clarification 1: Problem types include finding the volume or a missing dimension of a rectangular prism.,,,"Students may invert the formulas for surface area and volume. | Students incorrectly identify the units for volume. For example, use square inches to represent volume instead of cubic inches. | Students often confuse the vocabulary terms base, length, height, “B” (base area), when moving between two- and three-dimensional figures.",,,,,,,,,,,
15448,MA.6.GR.2.4,6,Mathematics (B.E.S.T.),Geometric Reasoning,Model and solve problems involving two-dimensional figures and three-dimensional figures.,"Given a mathematical or real-world context, find the surface area of right rectangular prisms and right rectangular pyramids using the figure&rsquo;s net.",,State Board Approved,,"Clarification 1: Instruction focuses on representing a right rectangular prism and right rectangular pyramid with its net and on the connection between the surface area of a figure and its net. | Clarification 2: Within this benchmark, the expectation is to find the surface area when given a net or when given a three-dimensional figure. | Clarification 3: Problems involving right rectangular pyramids are limited to cases where the heights of triangles are given. | Clarification 4: Dimensions are limited to positive rational numbers.",,,Students may not be able to determine the different two-dimensional figures that make up the net of the three-dimensional figure. | Students may invert the formulas for surface area and volume. | Students may confuse rectangular prisms and right rectangular pyramids.,,,,,,,,,,,
15449,MA.6.DP.1.1,6,Mathematics (B.E.S.T.),Data Analysis and Probability,Develop an understanding of statistics and determine measures of center and measures of variability. Summarize statistical distributions graphically and numerically.,Recognize and formulate a statistical question that would generate numerical data.,,State Board Approved,,,,,Students may believe that all the questions that they write are statistical questions. Students need to understand that a statistical question must have a range of numerical answers. They will need to have sample questions and practice writing their own.,,,,,,,,,,,
15450,MA.6.DP.1.2,6,Mathematics (B.E.S.T.),Data Analysis and Probability,Develop an understanding of statistics and determine measures of center and measures of variability. Summarize statistical distributions graphically and numerically.,"Given a numerical data set within a real-world context, find and interpret mean, median, mode and range.",,State Board Approved,,Clarification 1: Numerical data is limited to positive rational numbers.,,,"Students may incorrectly believe that “average” only represents the mean of a data set. Statisticians prefer to use the term “mean” rather than “average” since the term “average” is often used to refer to “typical” or “in the middle”. | Students may confuse mean, median, mode and range. | Students may neglect to order the numbers in the data set from least to greatest when finding the median or range.",,,,,,,,,,,
15451,MA.6.DP.1.3,6,Mathematics (B.E.S.T.),Data Analysis and Probability,Develop an understanding of statistics and determine measures of center and measures of variability. Summarize statistical distributions graphically and numerically.,"Given a box plot within a real-world context, determine the minimum, the lower quartile, the median, the upper quartile and the maximum. Use this summary of the data to describe the spread and distribution of the data.",,State Board Approved,,"Clarification 1: Instruction includes describing range, interquartile range, halves and quarters of the data.",,,"Students may have difficulty remembering what percentage of data is above or below the specific quartile (e.g., 25% below LQ, 50% below/above median, 25% above UQ, etc.) | Students may have difficulty determining the median of an even set of data. | Students may incorrectly believe the median always splits the box portion of a box plot in half.",,,,,,,,,,,
15452,MA.6.DP.1.4,6,Mathematics (B.E.S.T.),Data Analysis and Probability,Develop an understanding of statistics and determine measures of center and measures of variability. Summarize statistical distributions graphically and numerically.,"Given a histogram or line plot within a real-world context, qualitatively describe and interpret the spread and distribution of the data, including any symmetry, skewness, gaps, clusters, outliers and the range.",,State Board Approved,,Clarification 1: Refer to K-12 Mathematics Glossary (Appendix C).,,,Students may confuse bar graphs (categorical data) and histograms (numerical data). | Students have difficulty understanding skewness and how that relates to data and its interpretation.,,,,,,,,,,,
15453,MA.6.DP.1.5,6,Mathematics (B.E.S.T.),Data Analysis and Probability,Develop an understanding of statistics and determine measures of center and measures of variability. Summarize statistical distributions graphically and numerically.,Create box plots and histograms to represent sets of numerical data within real-world contexts.,,State Board Approved,,"Clarification 1: Instruction includes collecting data and discussing ways to collect truthful data to construct graphical representations. | Clarification 2: Within this benchmark, it is the expectation to use appropriate titles, labels, scales and units when constructing graphical representations. | Clarification 3: Numerical data is limited to positive rational numbers.",,,"Students may choose bin sizes that do not effectively show the distribution of the data.For example, students gathered gas mileage (in miles per gallon) data for 50 cars as shown in the histograms below. Histogram A easily shows the gas mileage for the majority of cars, and a much smaller count being above 40 miles per gallon. Histogram B uses very small bins which leads the consumer to believe that there is more variability in the data than truly exists. | For example, students gathered gas mileage (in miles per gallon) data for 50 cars as shown in the histograms below. Histogram A easily shows the gas mileage for the majority of cars, and a much smaller count being above 40 miles per gallon. Histogram B uses very small bins which leads the consumer to believe that there is more variability in the data than truly exists. | Students may incorrectly include the same number in 2 bins. For example, if bins are 010, 10-20, 20-30, etc., they must decide whether 10 is included in the first bin or if numbers greater than 0, but less than 10 are included in the first bin. | Students may incorrectly calculate the median given a data set with an even number of values. | Students may incorrectly believe more data will create a larger box in a box plot. | Students may neglect to order values from least to greatest when creating a box plot. | Students may neglect to include titles and labels in the graphical representations.",,,,,,,,,,,
15454,MA.6.DP.1.6,6,Mathematics (B.E.S.T.),Data Analysis and Probability,Develop an understanding of statistics and determine measures of center and measures of variability. Summarize statistical distributions graphically and numerically.,"Given a real-world scenario, determine and describe how changes in data values impact measures of center and variation.",,State Board Approved,,Clarification 1: Instruction includes choosing the measure of center or measure of variation depending on the scenario. | Clarification 2: The measures of center are limited to mean and median. The measures of variation are limited to range and interquartile range. | Clarification 3: Numerical data is limited to positive rational numbers.,,,"Students may incorrectly categorize the data measures (mean, median, range, interquartile range) as measures of center or measures of variability. It can be helpful to frequently refer back to the purpose of a type of measure and how it relates to the center of the data or the variation of the data. | Students may incorrectly try to determine the change by calculating the mean, median, range or interquartile range for the changed data set instead of calculating for both the initial and the changed sets before comparing.",,,,,,,,,,,
15455,MA.7.NSO.1.1,7,Mathematics (B.E.S.T.),Number Sense and Operations,Rewrite numbers in equivalent forms.,"Know and apply the Laws of Exponents to evaluate numerical expressions and generate equivalent numerical expressions, limited to whole-number exponents and rational number bases.",,State Board Approved,,Clarification 1: Instruction focuses on building the Laws of Exponents from specific examples. Refer to the K-12 Formulas (Appendix E) for the Laws of Exponents. | Clarification 2: Problems in the form must result in a whole-number value for p.,,,"Students may incorrectly conclude that squaring a number means to multiply by 2. Likewise, cubing may be mistaken as multiplying by 3. Use length to show doubling and area of a square to show an exponent of 2. Use of two-dimensional and three-dimensional manipulatives (MTR.2.1) may also help to emphasize squares and cubes versus increasing length. | When finding the product or quotient of powers, students may incorrectly multiply or divide the bases, rather than only manipulating the exponents. Use full expansion of the exponential expression (MTR.2.1) to develop the laws. | Students may incorrectly invert the product of powers and power of a power laws, wanting to multiply in the first and add in the latter.",,,,,,,,,,,
15456,MA.7.NSO.1.2,7,Mathematics (B.E.S.T.),Number Sense and Operations,Rewrite numbers in equivalent forms.,"Rewrite rational numbers in different but equivalent forms including fractions, mixed numbers, repeating decimals and percentages to solve mathematical and real-world problems.",,State Board Approved,,,,,"Students may not differentiate between terminating decimals, repeating decimals and rounded decimals, and they may not use them appropriately within the given contexts. | Students may incorrectly truncate repeating decimals when problem solving. | Students may incorrectly divide when the quotient is not a whole number.For example, students may use the remainder of a problem as a decimal representation. | For example, students may use the remainder of a problem as a decimal representation.",,,,,,,,,,,
15457,MA.7.NSO.2.1,7,Mathematics (B.E.S.T.),Number Sense and Operations,"Add, subtract, multiply and divide rational numbers.","Solve mathematical problems using multi-step order of operations with rational numbers including grouping symbols, whole-number exponents and absolute value.",,State Board Approved,,Clarification 1: Multi-step expressions are limited to 6 or fewer steps.,,,"Students may confuse when parentheses are used for grouping or multiplication. | Some students may incorrectly apply the order of operations. In order to support students in moving beyond this misconception, be sure to review operations with rational numbers and order of operations.",,,,,,,,,,,
15458,MA.7.NSO.2.2,7,Mathematics (B.E.S.T.),Number Sense and Operations,"Add, subtract, multiply and divide rational numbers.","Add, subtract, multiply and divide rational numbers with procedural fluency.",,State Board Approved,,,,,Students may think the product of a fraction and another fraction is greater than either factor. Use manipulatives or models referenced in previous grade levels to support conceptual understanding (MTR.2.1). | Students may incorrectly believe that dividing by 12 is the same as dividing by 2. | Students may incorrectly solve complex fractions by multiplying the two fractions.,,,,,,,,,,,
15459,MA.7.NSO.2.3,7,Mathematics (B.E.S.T.),Number Sense and Operations,"Add, subtract, multiply and divide rational numbers.",Solve real-world problems involving any of the four operations with rational numbers.,,State Board Approved,,Clarification 1: Instruction includes using one or more operations to solve problems.,,,"Students may incorrectly perform operations with the numbers in the problem based on what has recently been taught, rather than what is most appropriate for a solution. To overcome this misconception, have students estimate or predict solutions prior to solving them and then compare those predictions to their actual solution to see if it is reasonable (MTR.6.1). | Students may incorrectly oversimplify a problem by circling the numbers, underlining the question, boxing in key words, and eliminating contextual information that is needed for the solution. This process can cause students to not be able to comprehend the context or the situation (MTR.2.1, MTR.4.1, MTR.5.1, MTR.7.1).",,,,,,,,,,,
15460,MA.7.AR.1.1,7,Mathematics (B.E.S.T.),Algebraic Reasoning,Rewrite algebraic expressions in equivalent forms.,Apply properties of operations to add and subtract linear expressions with rational coefficients.,,State Board Approved,,"Clarification 1: Instruction includes linear expressions in the form ax±b or b±ax, where a and b are rational numbers. | Clarification 2: Refer to Properties of Operations, Equality and Inequality (Appendix D).",,,"Students may incorrectly add and subtract terms that are unlike. To address this misconception, begin with a sorting activity to organize terms into groups before performing operations with those terms (MTR.2.1). Have students verbalize the criteria for being considered like terms to ensure they are focused on the correct similarities. | Students may incorrectly distribute the negative sign when subtracting a linear expression with more than one term.For example, 3 − (2x + 7) may be incorrectly rewritten as 3 − 2x + 7. To address this misconception, use algebra tiles or other manipulatives to physically show the removal or subtraction of an expression. | For example, 3 − (2x + 7) may be incorrectly rewritten as 3 − 2x + 7. To address this misconception, use algebra tiles or other manipulatives to physically show the removal or subtraction of an expression.",,,,,,,,,,,
15461,MA.7.AR.1.2,7,Mathematics (B.E.S.T.),Algebraic Reasoning,Rewrite algebraic expressions in equivalent forms.,Determine whether two linear expressions are equivalent.,,State Board Approved,,"Clarification 1: Instruction includes using properties of operations accurately and efficiently. | Clarification 2: Instruction includes linear expressions in any form with rational coefficients. | Clarification 3: Refer to Properties of Operations, Equality and Inequality (Appendix D).",,,"Students may incorrectly add and subtract terms that are unlike. To address this misconception, begin with a sorting activity to organize terms into groups before performing operations with those terms (MTR.2.1). Have students verbalize the criteria for being considered like terms to ensure they are focused on the correct similarities. | Students may incorrectly distribute the negative sign when subtracting a linear expression with more than one term.For example, 13 − (2x + 73) may be incorrectly rewritten as 13 − 2x + 73 and concludes that it is equivalent to 83 − 2x. | For example, 13 − (2x + 73) may be incorrectly rewritten as 13 − 2x + 73 and concludes that it is equivalent to 83 − 2x.",,,,,,,,,,,
15462,MA.7.AR.2.1,7,Mathematics (B.E.S.T.),Algebraic Reasoning,Write and solve equations and inequalities in one variable.,Write and solve one-step inequalities in one variable within a mathematical context and represent solutions algebraically or graphically.,,State Board Approved,,"Clarification 1: Instruction focuses on the properties of inequality. Refer to Properties of Operations, Equality and Inequality (Appendix D). | Clarification 2: Instruction includes inequalities in the forms ;; x±p>q and p±x>q, where p and q are specific rational numbers and any inequality symbol can be represented. | Clarification 3: Problems include inequalities where the variable may be on either side of the inequality symbol.",,,"Students may confuse when to use an open versus closed circle when graphing an inequality. Emphasize the inclusion (≤ and ≥) versus non-inclusion (< and >) of that value as a viable solution and provide problems that motivate reasoning with different ranges of possible values for the variable. | Some students are unable to see the difference between the division property of equality and the division property of inequality. | Students may mistakenly think that the direction the inequality symbol is pointing is always the direction they shade on the number line. To address this misconception, emphasize reading the inequality sentence aloud and use numerical examples to test for viable solutions (MTR.6.1).",,,,,,,,,,,
15463,MA.7.AR.2.2,7,Mathematics (B.E.S.T.),Algebraic Reasoning,Write and solve equations and inequalities in one variable.,"Write and solve two-step equations in one variable within a mathematical or real-world context, where all terms are rational numbers.",,State Board Approved,,"Clarification 1: Instruction focuses the application of the properties of equality. Refer to Properties of Operations, Equality and Inequality (Appendix D). | Clarification 2: Instruction includes equations in the forms px±q=r and p(x±q)=r, where p, q and r are specific rational numbers. | Clarification 3: Problems include linear equations where the variable may be on either side of the equal sign.",,,,,,,,,,,,,,
15464,MA.7.AR.3.1,7,Mathematics (B.E.S.T.),Algebraic Reasoning,Use percentages and proportional reasoning to solve problems.,Apply previous understanding of percentages and ratios to solve multi-step real-world percent problems.,,State Board Approved,,"Clarification 1: Instruction includes discounts, markups, simple interest, tax, tips, fees, percent increase, percent decrease and percent error.",,,"Students may incorrectly place the decimal point when calculating with percentages. If students have discovered the shortcut of moving the decimal point twice, instruction includes understanding of how a percent relates to fractions and decimals. Refer to MA.7.NSO.1.2 to emphasize equivalent forms. | Students may forget to change the percent amount into decimal form (divide the percent by 100) when setting up an equation (MTR.3.1). | Students may incorrectly believe all percentages must be between 1 and 100%. To address this misconception, provide examples of percentages below 1% and over 100%. | Students may incorrectly believe a percent containing a decimal is already in decimal form.For example, emphasize that 43.5% is 43.5 out of 100 and dividing by 100 will provide the decimal form. | For example, emphasize that 43.5% is 43.5 out of 100 and dividing by 100 will provide the decimal form. | In multiple discount problems, students may incorrectly combine the discounts instead of working them sequentially (MTR.5.1).For example, 25% off, then 10% off could incorrectly lead to 35% off rather than finding 25% off before calculating the additional 10% off. | For example, 25% off, then 10% off could incorrectly lead to 35% off rather than finding 25% off before calculating the additional 10% off. | Students may incorrectly invert the part and the whole in the percent problem. To address this misconception, students should use bar models to help visualize and make sense of the problem (MTR.2.1).",,,,,,,,,,,
15465,MA.7.AR.3.2,7,Mathematics (B.E.S.T.),Algebraic Reasoning,Use percentages and proportional reasoning to solve problems.,Apply previous understanding of ratios to solve real-world problems involving proportions.,,State Board Approved,,,,,"Students may not understand the difference between an additive relationship and a multiplicative relationship. To help address this misconception, instruction includes the understanding that proportions are multiplicative relationships. | Students may incorrectly set up proportions with one of the ratios having incorrect numbers in the numerator and denominator. | Students may not recognize simplified forms of ratios in order to find equivalent ratios.",,,,,,,,,,,
15466,MA.7.AR.3.3,7,Mathematics (B.E.S.T.),Algebraic Reasoning,Use percentages and proportional reasoning to solve problems.,Solve mathematical and real-world problems involving the conversion of units across different measurement systems.,,State Board Approved,,"Clarification 1: Problem types are limited to length, area, weight, mass, volume and money.",,,"Students may incorrectly place the values in a conversion ratio. To address this misconception, have students estimate values prior to calculations using the conversion ratio (MTR.6.1).",,,,,,,,,,,
15467,MA.7.AR.4.1,7,Mathematics (B.E.S.T.),Algebraic Reasoning,Analyze and represent two-variable proportional relationships.,"Determine whether two quantities have a proportional relationship by examining a table, graph or written description.",,State Board Approved,,"Clarification 1: Instruction focuses on the connection to ratios and on the constant of proportionality, which is the ratio between two quantities in a proportional relationship.",,,"Using cross products as a strategy to test for equivalent ratios may lead to errors and misconceptions solving more complex equations in the future. To address this misconception, instruction focuses on testing equivalent ratios using tables or graphs to ensure students understand that two quantities are proportional to each other when each quantity in a ratio, multiplied by a constant, gives the corresponding quantity in the second ratio (MTR.3.1).For example, provide students with the relationship between feet and yards. Students can discuss how the relationship 6 feet = 2 yards connects to the relationship 1.5 feet = 0.5 yard. | For example, provide students with the relationship between feet and yards. Students can discuss how the relationship 6 feet = 2 yards connects to the relationship 1.5 feet = 0.5 yard. | Students may incorrectly believe the relationship is not proportional if the origin is not visible in the graph or given in the table. Help students extend the graph or table, using the pattern between points, until it reaches the origin. | Students may incorrectly believe all graphs that are straight lines represent proportional relationships. To address this misconception, instruction focuses on the understanding that proportional relationships have a constant ratio between the two coordinates of each point and pass through the origin. | Students reverse the position of the variables when writing equations. Students may find it useful to use letters for the variables that are specifically related to the quantities. | Students may neglect to test all values when given a table.",,,,,,,,,,,
15468,MA.7.AR.4.2,7,Mathematics (B.E.S.T.),Algebraic Reasoning,Analyze and represent two-variable proportional relationships.,"Determine the constant of proportionality within a mathematical or real-world context given a table, graph or written description of a proportional relationship.",,State Board Approved,,,,,"Some students reverse the order of the ratio between the two quantities in a proportional relationship. | Students may neglect the scale(s) of the axes on a graph. To address this misconception, have students interpret the constant of proportionality in context and evaluate the reasonableness of the answer. This may prompt students to revisit the graphical representation for better details. | Students may incorrectly believe any line represents a proportional relationship. To address this misconception, revisit the development of the equation y = px and be sure students see all proportional relationships have the origin as a common point.",,,,,,,,,,,
15469,MA.7.AR.4.3,7,Mathematics (B.E.S.T.),Algebraic Reasoning,Analyze and represent two-variable proportional relationships.,"Given a mathematical or real-world context, graph proportional relationships from a table, equation or a written description.",,State Board Approved,,"Clarification 1: Instruction includes equations of proportional relationships in the form of y=px, where p is the constant of proportionality.",,,"Students may confuse the dependent and independent variables when graphing. To address this conception, instruction includes the understanding that the independent variable depends on the given context. Additionally, independent variables are not always the x-axis and the dependent variables are not always the y-axis. | In grade 7, it is not the expectation that students define independent and dependent variables. Students may have experience with these terms from other content areas. | Students may confuse the x-and y-axis. | Students may not recognize the appropriate axis scale to graph the given scenario efficiently.For example, if a situation involves fractional numbers, using a scale of 1 may not be appropriate. Instead, students should consider using a scale with a fractional value. | For example, if a situation involves fractional numbers, using a scale of 1 may not be appropriate. Instead, students should consider using a scale with a fractional value.",,,,,,,,,,,
15470,MA.7.AR.4.4,7,Mathematics (B.E.S.T.),Algebraic Reasoning,Analyze and represent two-variable proportional relationships.,"Given any representation of a proportional relationship, translate the representation to a written description, table or equation.",,State Board Approved,,"Clarification 1: Given representations are limited to a written description, graph, table or equation. | Clarification 2: Instruction includes equations of proportional relationships in the form of y=px, where p is the constant of proportionality.",,,"Students may neglect the scales on the axes when calculating and interpreting the constant of proportionality. | Students may not be able to approximate the constant of proportionality from the graphs. To address this misconception, begin with graphs having easily identifiable points before moving toward problems that need approximations. | Students may not see the connection between the constant of proportionality and the steepness of the graph. To address this misconception, provide a variety of graphs with various steepness and ask students to organize them based on increasing order of the constants of proportionality.",,,,,,,,,,,
15471,MA.7.AR.4.5,7,Mathematics (B.E.S.T.),Algebraic Reasoning,Analyze and represent two-variable proportional relationships.,Solve real-world problems involving proportional relationships.,,State Board Approved,,,,,Students may invert values when setting up proportions.,,,,,,,,,,,
15472,MA.7.GR.1.1,7,Mathematics (B.E.S.T.),Geometric Reasoning,"Solve problems involving two-dimensional figures, including circles.","Apply formulas to find the areas of trapezoids, parallelograms and rhombi.",,State Board Approved,,"Clarification 1: Instruction focuses on the connection from the areas of trapezoids, parallelograms and rhombi to the areas of rectangles or triangles. | Clarification 2: Within this benchmark, the expectation is not to memorize area formulas for trapezoids, parallelograms and rhombi.",,,"Students may incorrectly identify a side length as a height rather than using the perpendicular distance between the bases. To address this misconception, use cutouts or measuring tools to show that these distances are not the same; consider using physical objects that are not square or rectangular to make sense of finding the correct height. | Students may not properly locate the height or base(s) when using figures in various orientations. To address this misconception, provide multiple orientations of objects and figures. Note that parallelograms are like rectangles, in that any side can be considered a base, so there are two possible heights.",,,,,,,,,,,
15473,MA.7.GR.1.2,7,Mathematics (B.E.S.T.),Geometric Reasoning,"Solve problems involving two-dimensional figures, including circles.",Solve mathematical or real-world problems involving the area of polygons or composite figures by decomposing them into triangles or quadrilaterals.,,State Board Approved,,"Clarification 1: Within this benchmark, the expectation is not to find areas of figures on the coordinate plane or to find missing dimensions.",,,"Students may neglect to add the areas of the decomposed figures to find the total area of the composite figure. Students may also incorrectly add one (or more) of the decomposed figures more than once. To address misconceptions, have students mark or color the figures as they add them to the total to keep track of their work (MTR.3.1). | Students may not decompose the figure into the most basic figures. To address this misconception, ask students if they can find the area of each of the pieces they have, or if they can break any of them down further to find a more familiar figure (MTR.5.1).",,,,,,,,,,,
15474,MA.7.GR.1.3,7,Mathematics (B.E.S.T.),Geometric Reasoning,"Solve problems involving two-dimensional figures, including circles.",Explore the proportional relationship between circumferences and diameters of circles. Apply a formula for the circumference of a circle to solve mathematical and real-world problems.,,State Board Approved,,Clarification 1: Instruction includes the exploration and analysis of circular objects to examine the proportional relationship between circumference and diameter and arrive at an approximation of pi (π) as the constant of proportionality. | Clarification 2: Solutions may be represented in terms of pi (π) or approximately.,,,"Students may invert the terms radius and diameter. To address this misconception, review parts of a circle including radii, diameters and chords. | Students may incorrectly believe pi is a variable, rather than a constant for every circle. | Students may confuse circumference and area. To address this misconception, help students connect circumference as perimeter of a circle.",,,,,,,,,,,
15475,MA.7.GR.1.4,7,Mathematics (B.E.S.T.),Geometric Reasoning,"Solve problems involving two-dimensional figures, including circles.",Explore and apply a formula to find the area of a circle to solve mathematical and real-world problems.,,State Board Approved,,Clarification 1: Instruction focuses on the connection between formulas for the area of a rectangle and the area of a circle. | Clarification 2: Problem types include finding areas of fractional parts of a circle. | Clarification 3: Solutions may be represented in terms of pi (π) or approximately.,,,"Students may invert the terms radius and diameter. To address this misconception, review parts of a circle including radii, diameters and chords. | Students may incorrectly believe pi (π) is a variable, rather than a constant that does not change from one circle to the next. Review the development of pi in MA.7.GR.1.3. | Students may confuse circumference and area. To address this misconception, help students connect area of a circle to area of a rectangle. | Students may incorrectly double the radius (finding diameter), rather than squaring it, when finding an area. To address this misconception, review exponent rules from MA.6.NSO.3.3 and MA.7.NSO.1.1.",,,,,,,,,,,
15476,MA.7.GR.1.5,7,Mathematics (B.E.S.T.),Geometric Reasoning,"Solve problems involving two-dimensional figures, including circles.","Solve mathematical and real-world problems involving dimensions and areas of geometric figures, including scale drawings and scale factors.",,State Board Approved,,"Clarification 1: Instruction focuses on seeing the scale factor as a constant of proportionality between corresponding lengths in the scale drawing and the original object. | Clarification 2: Instruction includes the understanding that if the scaling factor is k, then the constant of proportionality between corresponding areas is k² . | Clarification 3: Problem types include finding the scale factor given a set of dimensions as well as finding dimensions when given a scale factor.",,,"Students may not understand how to read a map. To address this misconception, practice map reading skills, using familiar areas when possible. | Students may incorrectly scale area in the same way they scale side length. To address this misconception, have students calculate areas of similar figures prior to determining the scale factor between the figures, then make comparisons. Interactive software can also be used to demonstrate. | Students may incorrectly set up their proportions. | Students may believe the scale factor is always greater than 1.For example, students may respond the scale factor is 2 when it is 12. | For example, students may respond the scale factor is 2 when it is 12.",,,,,,,,,,,
15477,MA.7.GR.2.1,7,Mathematics (B.E.S.T.),Geometric Reasoning,"Solve problems involving three-dimensional figures, including right circular cylinders.","Given a mathematical or real-world context, find the surface area of a right circular cylinder using the figure&rsquo;s net.",,State Board Approved,,"Clarification 1: Instruction focuses on representing a right circular cylinder with its net and on the connection between surface area of a figure and its net. | Clarification 2: Within this benchmark, the expectation is to find the surface area when given a net or when given a three-dimensional figure. | Clarification 3: Within this benchmark, the expectation is not to memorize the surface area formula for a right circular cylinder. | Clarification 4: Solutions may be represented in terms of pi (π) or approximately.",,,"Students often confuse the vocabulary base, length, height and “B” (base area), when moving between two- and three-dimensional figures. To address this misconception, continue to use the parts of the net to calculate the surface area, rather than focusing on the formula. | Students may incorrectly invert the height and base of a cylinder when the cylinder is presented horizontally. To address this misconception, remind students that while a cylinder may lay on its side, the bases are the parallel circles. | Students may incorrectly apply the formulas for area, surface area and volume. To address this misconception, use these concepts in context, or a manner in which they understand the meaning behind the terms to foster their conceptual development (MTR.7.1).",,,,,,,,,,,
15478,MA.7.GR.2.2,7,Mathematics (B.E.S.T.),Geometric Reasoning,"Solve problems involving three-dimensional figures, including right circular cylinders.",Solve real-world problems involving surface area of right circular cylinders.,,State Board Approved,,"Clarification 1: Within this benchmark, the expectation is not to memorize the surface area formula for a right circular cylinder or to find radius as a missing dimension. | Clarification 2: Solutions may be represented in terms of pi (π) or approximately.",,,"Students often confuse the vocabulary base, length, height and “B” (base area), when moving between two- and three-dimensional figures. To address this misconception, continue to use the parts of the net to calculate the surface area, rather than focusing on the formula. | Students may incorrectly invert the height and base of a cylinder when the cylinder is presented horizontally. To address this misconception, remind students that while a cylinder may lay on its side, the bases are the parallel circles. | Students may incorrectly apply the formulas for area, surface area and volume. To address this misconception, use these concepts in context, or a manner in which they understand the meaning behind the terms to foster their conceptual development (MTR.7.1).",,,,,,,,,,,
15479,MA.7.GR.2.3,7,Mathematics (B.E.S.T.),Geometric Reasoning,"Solve problems involving three-dimensional figures, including right circular cylinders.",Solve mathematical and real-world problems involving volume of right circular cylinders.,,State Board Approved,,"Clarification 1: Within this benchmark, the expectation is not to memorize the volume formula for a right circular cylinder or to find radius as a missing dimension. | Clarification 2: Solutions may be represented in terms of pi (π) or approximately.",,,"Students often confuse the vocabulary base, length, height and “B” (base area), when moving between two-and three-dimensional figures. To address this misconception, continue to use the parts of the net to calculate the surface area, rather than focusing on the formula. | Students may incorrectly believe that whatever is lying flat is the base of the figure. To address this misconception, remind students that while a cylinder may lay on its side, the bases are the parallel circles with the height being the perpendicular distance between them. Provide multiple orientations of objects and continue to break them down to their nets. | Students may incorrectly invert the height and base of a cylinder when the cylinder is presented horizontally. To address this misconception, remind students that while a cylinder may lay on its side, the bases are the parallel circles. | Students may incorrectly apply the formulas for area, surface area and volume. To address this misconception, use these concepts in context, or a manner in which they understand the meaning behind the terms to foster their conceptual development (MTR.7.1).",,,,,,,,,,,
15480,MA.7.DP.1.1,7,Mathematics (B.E.S.T.),Data Analysis and Probability,Represent and interpret numerical and categorical data.,"Determine an appropriate measure of center or measure of variation to summarize numerical data, represented numerically or graphically, taking into consideration the context and any outliers.",,State Board Approved,,"Clarification 1: Instruction includes recognizing whether a measure of center or measure of variation is appropriate and can be justified based on the given context or the statistical purpose. | Clarification 2: Graphical representations are limited to histograms, line plots, box plots and stem-and-leaf plots. | Clarification 3: The measure of center is limited to mean and median. The measure of variation is limited to range and interquartile range.",,,"Some students may incorrectly calculate the measures of center and variation. | Students may incorrectly believe all graphical displays are symmetrical. To address this misconception, students should use graphs of various shapes, including those with outliers, which will show this to be false. Start with small data sets related to familiar contexts to discuss how the data should be represented and to show how extreme values can alter the measures. | Students may incorrectly identify data points as outliers.",,,,,,,,,,,
15481,MA.7.DP.1.2,7,Mathematics (B.E.S.T.),Data Analysis and Probability,Represent and interpret numerical and categorical data.,"Given two numerical or graphical representations of data, use the measure(s) of center and measure(s) of variability to make comparisons, interpret results and draw conclusions about the two populations.",,State Board Approved,,"Clarification 1: Graphical representations are limited to histograms, line plots, box plots and stem-and-leaf plots. | Clarification 2: The measure of center is limited to mean and median. The measure of variation is limited to range and interquartile range.",,,"Some students may incorrectly believe a histogram with greater variability in the heights of the bars indicates greater variability of the data set. | Students may not recognize when to use a stem-and-leaf plot or may not be able to read a two-sided stem-and-leaf plot. | Students may not be able to explain their choice of the most appropriate measures of center and variability based on the given data. | Students may think that the presence of one or more outliers leads to an automatic choice (median, IQR) for the measures of center and variation.",,,,,,,,,,,
15482,MA.7.DP.1.3,7,Mathematics (B.E.S.T.),Data Analysis and Probability,Represent and interpret numerical and categorical data.,"Given categorical data from a random sample, use proportional relationships to make predictions about a population.",,State Board Approved,,,,,"Students may mistake part to total as part to part, which would give an incorrect ratio when setting up their proportion. To address this misconception, use percentages or counts out of 100 to help illustrate this more clearly. | Students may not understand what random sampling is or why it is important. To address this misconception, allow students to collect random samples and make comparisons across groups to show they are not exact, but representative, of the larger population.",,,,,,,,,,,
15483,MA.7.DP.1.4,7,Mathematics (B.E.S.T.),Data Analysis and Probability,Represent and interpret numerical and categorical data.,"Use proportional reasoning to construct, display and interpret data in circle graphs.",,State Board Approved,,Clarification 1: Data is limited to no more than 6 categories.,,,"Students may incorrectly use the percent of a category for the central angle degrees instead of finding the degrees by using a proportion. | Students may incorrectly round or make other errors in calculations that will lead to the circle graph sections not totaling 100%. | Students may incorrectly use a protractor. To address this issue, provide students with a circle and allow them to measure sections and then find the percent.",,,,,,,,,,,
15484,MA.7.DP.1.5,7,Mathematics (B.E.S.T.),Data Analysis and Probability,Represent and interpret numerical and categorical data.,"Given a real-world numerical or categorical data set, choose and create an appropriate graphical representation.",,State Board Approved,,"Clarification 1: Graphical representations are limited to histograms, bar charts, circle graphs, line plots, box plots and stem-and-leaf plots.",,,"Students may not distinguish between histograms (numerical data) and bar charts, also called bar graphs (categorical data).",,,,,,,,,,,
15485,MA.7.DP.2.1,7,Mathematics (B.E.S.T.),Data Analysis and Probability,Develop an understanding of probability. Find and compare experimental and theoretical probabilities.,Determine the sample space for a simple experiment.,,State Board Approved,,"Clarification 1: Simple experiments include tossing a fair coin, rolling a fair die, picking a card randomly from a deck, picking marbles randomly from a bag and spinning a fair spinner.",,,"Students may incorrectly list more outcomes than the experiment merits. To address this misconception, ensure students can explain the experiment in their own words to then verify what is listed in their sample space.",,,,,,,,,,,
15486,MA.7.DP.2.2,7,Mathematics (B.E.S.T.),Data Analysis and Probability,Develop an understanding of probability. Find and compare experimental and theoretical probabilities.,"Given the probability of a chance event, interpret the likelihood of it occurring. Compare the probabilities of chance events.",,State Board Approved,,"Clarification 1: Instruction includes representing probability as a fraction, percentage or decimal between 0 and 1 with probabilities close to 1 corresponding to highly likely events and probabilities close to 0 corresponding to highly unlikely events. | Clarification 2: Instruction includes P(event) notation. | Clarification 3: Instruction includes representing probability as a fraction, percentage or decimal.",,,"Students may incorrectly assume that an event is only possible in an experiment and interchange the meaning of an event and an experiment. | Students may confuse the mathematical meaning of a word like “event” with the everyday meaning. | Students may may incorrectly convert forms of probability between fractions and percentages. To address this misconception, scaffold with more familiar values initially to facilitate the interpretation. | Students may incorrectly interpret a value with a negative sign as a possible probability. For example, −12 cannot represent a probability since negative values are less than 0. | For example, −12 cannot represent a probability since negative values are less than 0.",,,,,,,,,,,
15487,MA.7.DP.2.3,7,Mathematics (B.E.S.T.),Data Analysis and Probability,Develop an understanding of probability. Find and compare experimental and theoretical probabilities.,Find the theoretical probability of an event related to a simple experiment.,,State Board Approved,,"Clarification 1: Instruction includes representing probability as a fraction, percentage or decimal. | Clarification 2: Simple experiments include tossing a fair coin, rolling a fair die, picking a card randomly from a deck, picking marbles randomly from a bag and spinning a fair spinner.",,,"Students may incorrectly convert forms of probability between fractions and percentages. To address this misconception, scaffold with more familiar values initially to facilitate the interpretation. | Students may incorrectly count outcomes when one outcome appears more than once in the sample space.For example, if the sample space is {red, red, blue} and one wants to find P(red), a student may incorrectly state 12 or 13 instead of 23. | For example, if the sample space is {red, red, blue} and one wants to find P(red), a student may incorrectly state 12 or 13 instead of 23.",,,,,,,,,,,
15488,MA.7.DP.2.4,7,Mathematics (B.E.S.T.),Data Analysis and Probability,Develop an understanding of probability. Find and compare experimental and theoretical probabilities.,Use a simulation of a simple experiment to find experimental probabilities and compare them to theoretical probabilities.,,State Board Approved,,"Clarification 1: Instruction includes representing probability as a fraction, percentage or decimal. | Clarification 2: Instruction includes recognizing that experimental probabilities may differ from theoretical probabilities due to random variation. As the number of repetitions increases experimental probabilities will typically better approximate the theoretical probabilities. | Clarification 3: Experiments include tossing a fair coin, rolling a fair die, picking a card randomly from a deck, picking marbles randomly from a bag and spinning a fair spinner.",,,"Students may incorrectly assume the theoretical and experimental probabilities of the same experiment will always be the same. To address this misconception, provide multiple opportunities for students to experience simulations of different situations, with physical or virtual manipulatives, in order to find and compare the experimental and theoretical probabilities. | Students may incorrectly expect to see every possible outcome occur during a simulation. While all may occur in a simulation, it is not certain to happen. Students may inadvertently let their own experience with an experiment affect their response. For example, during an experiment if a student never draws an ace from a standard deck of cards, they could incorrectly assume it could never happen. | For example, during an experiment if a student never draws an ace from a standard deck of cards, they could incorrectly assume it could never happen.",,,,,,,,,,,
15489,MA.8.NSO.1.1,8,Mathematics (B.E.S.T.),Number Sense and Operations,"Solve problems involving rational numbers, including numbers in scientific notation, and extend the understanding of rational numbers to irrational numbers.",Extend previous understanding of rational numbers to define irrational numbers within the real number system. Locate an approximate value of a numerical expression involving irrational numbers on a number line.,,State Board Approved,,"Clarification 1: Instruction includes the use of number line and rational number approximations, and recognizing pi (π) as an irrational number. | Clarification 2: Within this benchmark, the expectation is to approximate numerical expressions involving one arithmetic operation and estimating square roots or pi (π).",,,"Students may incorrectly believe that pi (π) is a rational number since they have only been introduced to a decimal approximation and a fraction approximation. To address this misconception, instruction includes looking further at the decimal representation of pi (π) so that students will notice that a pattern will not emerge. In fact, a pattern never emerges, therefore, pi is irrational. | Students may incorrectly think that the number line only has the numbers that are labeled. | Students may incorrectly think a numerical expression that includes addition or subtraction cannot be placed on a number line.For example, 2 + 3 can be placed on a number line at approximately 3.73. | For example, 2 + 3 can be placed on a number line at approximately 3.73.",,,,,,,,,,,
15490,MA.8.NSO.1.2,8,Mathematics (B.E.S.T.),Number Sense and Operations,"Solve problems involving rational numbers, including numbers in scientific notation, and extend the understanding of rational numbers to irrational numbers.","Plot, order and compare rational and irrational numbers, represented in various forms.",,State Board Approved,,"Clarification 1: Within this benchmark, it is not the expectation to work with the number e. | Clarification 2: Within this benchmark, the expectation is to plot, order and compare square roots and cube roots. | Clarification 3: Within this benchmark, the expectation is to use symbols (<, > or =).",,,Students may not understand that square and cube roots can be plotted on a number line.,,,,,,,,,,,
15491,MA.8.NSO.1.3,8,Mathematics (B.E.S.T.),Number Sense and Operations,"Solve problems involving rational numbers, including numbers in scientific notation, and extend the understanding of rational numbers to irrational numbers.","Extend previous understanding of the Laws of Exponents to include integer exponents. Apply the Laws of Exponents to evaluate numerical expressions and generate equivalent numerical expressions, limited to integer exponents and rational number bases, with procedural fluency.",,State Board Approved,,Clarification 1: Refer to the K-12 Formulas (Appendix E) for the Laws of Exponents.,,,"When working with negative exponents, students may not understand the connection to fractions and values in the denominator. To address this misconception, use expanded notation to show how to simplify to help support the understanding of exponents and values in the denominator of a fraction.For example, (54)−3 can be rewritten as ((54)−1)−3 which can be rewritten as (154)³ which can be rewritten as (45)³ which can be rewritten as (45) (45) (45) which is equivalent to 64125. | For example, (54)−3 can be rewritten as ((54)−1)−3 which can be rewritten as (154)³ which can be rewritten as (45)³ which can be rewritten as (45) (45) (45) which is equivalent to 64125.",,,,,,,,,,,
15492,MA.8.NSO.1.4,8,Mathematics (B.E.S.T.),Number Sense and Operations,"Solve problems involving rational numbers, including numbers in scientific notation, and extend the understanding of rational numbers to irrational numbers.",Express numbers in scientific notation to represent and approximate very large or very small quantities. Determine how many times larger or smaller one number is compared to a second number.,,State Board Approved,,,,,"Students often confuse the meaning of the exponent and the value of the number in scientific notation. | Some students misrepresent scientific notation by not expressing the number as a product of a power of 10 and a number that is at least 1 and less than 10. | Students may incorrectly interpret the “E” on a calculator display as an error message. | Students may interpret the comparison of two numbers in scientific notation incorrectly.For example, if students were asked what is 3 times larger than 3 × 10³, they may respond with 9 × 109 instead of the correct response of 9 × 10³.For example, if a student determines the first number is 104 times bigger than the second number, they may incorrectly believe the first number is 4 times as big as the second number instead of 10,000 times bigger. | For example, if students were asked what is 3 times larger than 3 × 10³, they may respond with 9 × 109 instead of the correct response of 9 × 10³. | For example, if a student determines the first number is 104 times bigger than the second number, they may incorrectly believe the first number is 4 times as big as the second number instead of 10,000 times bigger.",,,,,,,,,,,
15493,MA.8.NSO.1.5,8,Mathematics (B.E.S.T.),Number Sense and Operations,"Solve problems involving rational numbers, including numbers in scientific notation, and extend the understanding of rational numbers to irrational numbers.","Add, subtract, multiply and divide numbers expressed in scientific notation with procedural fluency.",,State Board Approved,,"Clarification 1: Within this benchmark, for addition and subtraction with numbers expressed in scientific notation, exponents are limited to within 2 of each other.",,,"Some students may incorrectly apply addition and subtraction across a problem.For example, students may miscalculate (1.3 × 10³) + (3.4 × 105) as 4.7 × 108. | For example, students may miscalculate (1.3 × 10³) + (3.4 × 105) as 4.7 × 108. | Some students may incorrectly apply multiplication across a problem.For example, students may miscalculate (2 × 104)(3 × 105) as 6 × 1020. | For example, students may miscalculate (2 × 104)(3 × 105) as 6 × 1020. | Some students may incorrectly represent their final answer not in scientific notation.For example, students may write (2 × 104)(6 × 105) as 12 × 109 instead of 1.2 × 1010. | For example, students may write (2 × 104)(6 × 105) as 12 × 109 instead of 1.2 × 1010.",,,,,,,,,,,
15494,MA.8.NSO.1.6,8,Mathematics (B.E.S.T.),Number Sense and Operations,"Solve problems involving rational numbers, including numbers in scientific notation, and extend the understanding of rational numbers to irrational numbers.",Solve real-world problems involving operations with numbers expressed in scientific notation.,,State Board Approved,,"Clarification 1: Instruction includes recognizing the importance of significant digits when physical measurements are involved. | Clarification 2: Within this benchmark, for addition and subtraction with numbers expressed in scientific notation, exponents are limited to within 2 of each other.",,,"Students may incorrectly identify zeros as significant digits. | Some students may incorrectly apply addition and subtraction across a problem.For example, students may miscalculate (1.3 × 103) + (3.4 × 105) as 4.7 × 108. | For example, students may miscalculate (1.3 × 103) + (3.4 × 105) as 4.7 × 108. | Some students may incorrectly apply multiplication across a problem. | For example, students may miscalculate (2 × 104)(3 × 105) as 6 × 1020. | Some students may incorrectly represent their final answer not in scientific notation.For example, students may write (2.0 × 104)(6.0 × 105) as 12.0 × 109 instead of 1.2× 1010. | For example, students may write (2.0 × 104)(6.0 × 105) as 12.0 × 109 instead of 1.2× 1010.",,,,,,,,,,,
15495,MA.8.NSO.1.7,8,Mathematics (B.E.S.T.),Number Sense and Operations,"Solve problems involving rational numbers, including numbers in scientific notation, and extend the understanding of rational numbers to irrational numbers.",Solve multi-step mathematical and real-world problems involving the order of operations with rational numbers including exponents and radicals.,,State Board Approved,,"Clarification 1: Multi-step expressions are limited to 6 or fewer steps. | Clarification 2: Within this benchmark, the expectation is to simplify radicals by factoring square roots of perfect squares up to 225 and cube roots of perfect cubes from -125 to 125.",,,"Students may confuse square roots with cube roots. | Some students may incorrectly apply the order of operations. To address this misconception, be sure to review operations with rational numbers and order of operations. | Students may incorrectly perform operations with the numbers in the problem based on what has recently been taught, rather than what is most appropriate for a solution. To address this misconception, have students estimate or predict solutions prior to solving and then compare those predictions to their actual solution to see if it is reasonable (MTR.6.1). | Students may incorrectly oversimplify a problem by circling the numbers, underlining the question, boxing in key words, and eliminating important contextual information that may seem unimportant. This process can cause students to not be able to comprehend the context or the situation (MTR.2.1, MTR.4.1, MTR.5.1, MTR.7.1). Teachers and students should engage in questions such as:What do you know from the problem?What is the problem asking you to find?Are you putting groups together? Taking groups apart? Or both?Are the groups you are working with the same sizes or different sizes?Can you create a visual model to help you understand or see patterns in your problem?” | What do you know from the problem? | What is the problem asking you to find? | Are you putting groups together? Taking groups apart? Or both? | Are the groups you are working with the same sizes or different sizes? | Can you create a visual model to help you understand or see patterns in your problem?”",,,,,,,,,,,
15496,MA.8.AR.1.1,8,Mathematics (B.E.S.T.),Algebraic Reasoning,Generate equivalent algebraic expressions.,"Apply the Laws of Exponents to generate equivalent algebraic expressions, limited to integer exponents and monomial bases.",,State Board Approved,,Clarification 1: Refer to the K-12 Formulas (Appendix E) for the Laws of Exponents.,,,"When working with negative exponents, students may not understand the connection to fractions and values in the denominator. | Students may incorrectly multiply the exponent with the base number.",,,,,,,,,,,
15497,MA.8.AR.1.2,8,Mathematics (B.E.S.T.),Algebraic Reasoning,Generate equivalent algebraic expressions.,Apply properties of operations to multiply two linear expressions with rational coefficients.,,State Board Approved,,"Clarification 1: Problems are limited to products where at least one of the factors is a monomial. | Clarification 2: Refer to Properties of Operations, Equality and Inequality (Appendix D).",,,"Students may incorrectly apply the distributive property by multiplying the monomial to only one of the terms in the parentheses. To address this misconception, emphasize that it is the distributive property (multiplication to all terms) to help support student understanding. | Students may incorrectly apply the rules of integers as they distribute. Students may incorrectly change the degree of the variable to simplify terms. | Students may incorrectly change the degree of the variable in order to simplify terms.",,,,,,,,,,,
15498,MA.8.AR.1.3,8,Mathematics (B.E.S.T.),Algebraic Reasoning,Generate equivalent algebraic expressions.,Rewrite the sum of two algebraic expressions having a common monomial factor as a common factor multiplied by the sum of two algebraic expressions.,,State Board Approved,,,,,"Students may incorrectly apply integer operations. | Students may incorrectly apply the Laws of Exponents. | Students may incorrectly change the degree of a variable in order to simplify terms. | Students may incorrectly factor out only one of the terms from the parentheses.For example, in 18xy³ + 3xy², students may incorrectly factor the first term only resulting in 3xy²(6y + 3xy²). | For example, in 18xy³ + 3xy², students may incorrectly factor the first term only resulting in 3xy²(6y + 3xy²). | Students may incorrectly combine terms.",,,,,,,,,,,
15499,MA.8.AR.2.1,8,Mathematics (B.E.S.T.),Algebraic Reasoning,Solve multi-step one-variable equations and inequalities.,"Solve multi-step linear equations in one variable, with rational number coefficients. Include equations with variables on both sides.",,State Board Approved,,"Clarification 1: Problem types include examples of one-variable linear equations that generate one solution, infinitely many solutions or no solution.",,,"Students may incorrectly apply the distributive property by multiplying the monomial to only one of the terms in the parentheses. To address this misconception, emphasize that it is the distributive property of multiplication over addition to help support student understanding. | Students may incorrectly apply the rules of integer arithmetic as they distribute when working with the operations of negative numbers and applying the distributive property of multiplication over addition. | Students may incorrectly think that you always need a constant as a solution when given a variable. To address this misconception, provide examples that show a constant equal to a variable as a solution, a constant equal to a constant or a false equality statement.",,,,,,,,,,,
15500,MA.8.AR.2.2,8,Mathematics (B.E.S.T.),Algebraic Reasoning,Solve multi-step one-variable equations and inequalities.,Solve two-step linear inequalities in one variable and represent solutions algebraically and graphically.,,State Board Approved,,"Clarification 1: Instruction includes inequalities in the forms px±q>r and p(x±q)>r, where p, q and r are specific rational numbers and where any inequality symbol can be represented. | Clarification 2: Problems include inequalities where the variable may be on either side of the inequality.",,,"Students may confuse when to use an open versus closed circle when graphing an inequality. Emphasize the inclusion (≤ and ≥) versus non-inclusion (< and >) of that value as a viable solution and provide problems that motivate reasoning with different ranges of possible values for the variable. | Some students are unable to see the difference between the multiplication or division property of equality and the multiplication or division property of inequality. | Students may misunderstand the direction the inequality symbol is pointing is always the direction they shade on the number line. To address this misconception, emphasize reading the inequality sentence aloud and use numerical examples to test for viable solutions (MTR.6.1).",,,,,,,,,,,
15501,MA.8.AR.2.3,8,Mathematics (B.E.S.T.),Algebraic Reasoning,Solve multi-step one-variable equations and inequalities.,"Given an equation in the form of x&sup2;=p and x&sup3;=q, where p is a whole number and q is an integer, determine the real solutions.",,State Board Approved,,"Clarification 1: Instruction focuses on understanding that when solving x²=p, there is both a positive and negative solution. | Clarification 2: Within this benchmark, the expectation is to calculate square roots of perfect squares up to 225 and cube roots of perfect cubes from -125 to 125.",,,"Students may incorrectly conclude that squaring a number means to multiply by 2. Likewise, cubing may be mistaken as multiplying by 3. Use length to show doubling and area of a square to show an exponent of 2. Use of two-dimensional and three-dimensional manipulatives (MTR.2.1) may also help to emphasize squares and cubes versus increasing length. | Students may think that since a negative number has no square root in the real number system, then a negative number has no cube root in the real number system.",,,,,,,,,,,
15502,MA.8.AR.3.1,8,Mathematics (B.E.S.T.),Algebraic Reasoning,Extend understanding of proportional relationships to two-variable linear equations.,Determine if a linear relationship is also a proportional relationship.,,State Board Approved,,"Clarification 1: Instruction focuses on the understanding that proportional relationships are linear relationships whose graph passes through the origin. | Clarification 2: Instruction includes the representation of relationships using tables, graphs, equations and written descriptions.",,,Students may incorrectly state a relationship is not proportional if the origin is not visible in the graph or given in the table. | Students may incorrectly think all linear relationships are proportional. Some students find a constant rate of change and confuse this with a constant ratio. Help students understand that a constant ratio is only possible if the relationship passes through the origin.,,,,,,,,,,,
15503,MA.8.AR.3.2,8,Mathematics (B.E.S.T.),Algebraic Reasoning,Extend understanding of proportional relationships to two-variable linear equations.,"Given a table, graph or written description of a linear relationship, determine the slope.",,State Board Approved,,Clarification 1: Problem types include cases where two points are given to determine the slope. | Clarification 2: Instruction includes making connections of slope to the constant of proportionality and to similar triangles represented on the coordinate plane.,,,"Students may invert the x-and y-values when calculating slope. To address this misconception, students should represent the relationship visually.",,,,,,,,,,,
15504,MA.8.AR.3.3,8,Mathematics (B.E.S.T.),Algebraic Reasoning,Extend understanding of proportional relationships to two-variable linear equations.,"Given a table, graph or written description of a linear relationship, write an equation in slope-intercept form.",,State Board Approved,,,,,Students may incorrectly identify the values for the slope and y-intercept. | Students may incorrectly calculate the slope with a common error of inverting the change in y and the change in x.,,,,,,,,,,,
15505,MA.8.AR.3.4,8,Mathematics (B.E.S.T.),Algebraic Reasoning,Extend understanding of proportional relationships to two-variable linear equations.,"Given a mathematical or real-world context, graph a two-variable linear equation from a written description, a table or an equation in slope-intercept form.",,State Board Approved,,,,,"Students may incorrectly identify the slope and y-intercept. | When graphing, students may incorrectly graph the line by inverting the directions of the slope values. For example, if the slope is 23, a student may think that 2 represents the change in the horizontal direction rather than the vertical direction. | For example, if the slope is 23, a student may think that 2 represents the change in the horizontal direction rather than the vertical direction.",,,,,,,,,,,
15506,MA.8.AR.3.5,8,Mathematics (B.E.S.T.),Algebraic Reasoning,Extend understanding of proportional relationships to two-variable linear equations.,"Given a real-world context, determine and interpret the slope and y-intercept of a two-variable linear equation from a written description, a table, a graph or an equation in slope-intercept form.",,State Board Approved,,Clarification 1: Problems include conversions with temperature and equations of lines of fit in scatter plots.,,,"Students may incorrectly identify the slope and y-intercept. | Students may incorrectly interpret the slope and y-intercept. | The misconceptions of this benchmark may develop for some students based on the real-world context of the problems presented. To address this misconception, scaffold questions to help students understand the context.",,,,,,,,,,,
15507,MA.8.AR.4.1,8,Mathematics (B.E.S.T.),Algebraic Reasoning,Develop an understanding of two-variable systems of equations.,"Given a system of two linear equations and a specified set of possible solutions, determine which ordered pairs satisfy the system of linear equations.",,State Board Approved,,Clarification 1: Instruction focuses on the understanding that a solution to a system of equations satisfies both linear equations simultaneously.,,,"Students may incorrectly substitute solutions into the equations. To address this misconception, remediate work with integers. | Students may not understand how a pair of values can be a single solution to a pair of equations. Emphasize the connection between the two variables in the equations and the two coordinates of the point on the coordinate plane.",,,,,,,,,,,
15508,MA.8.AR.4.2,8,Mathematics (B.E.S.T.),Algebraic Reasoning,Develop an understanding of two-variable systems of equations.,"Given a system of two linear equations represented graphically on the same coordinate plane, determine whether there is one solution, no solution or infinitely many solutions.",,State Board Approved,,,,,"Students may incorrectly interpret the solution when the lines are the same and have an infinite number of solutions. To address this misconception, provide multiple examples to show how the equations and graphs will be the same line on the coordinate plane.",,,,,,,,,,,
15509,MA.8.AR.4.3,8,Mathematics (B.E.S.T.),Algebraic Reasoning,Develop an understanding of two-variable systems of equations.,"Given a mathematical or real-world context, solve systems of two linear equations by graphing.",,State Board Approved,,"Clarification 1: Instruction includes approximating non-integer solutions. | Clarification 2: Within this benchmark, it is the expectation to represent systems of linear equations in slope-intercept form only. | Clarification 3: Instruction includes recognizing that parallel lines have the same slope.",,,"Students make errors in plotting points and graphing lines on the coordinate plane, leading to incorrect solutions. To address this misconception, use graph paper, a printed coordinate plane or an online tool for graphing. | Students incorrectly identify the solution to equations of the same line by stating only the graphed points are the solution set. For example, in the system below with the infinitely many solutions, students may incorrectly not identify (7, 9) as a solution because it is not a point graphed on the coordinate plane. | For example, in the system below with the infinitely many solutions, students may incorrectly not identify (7, 9) as a solution because it is not a point graphed on the coordinate plane.",,,,,,,,,,,
15510,MA.8.F.1.1,8,Mathematics (B.E.S.T.),Functions,"Define, evaluate and compare functions.","Given a set of ordered pairs, a table, a graph or mapping diagram, determine whether the relationship is a function. Identify the domain and range of the relation.",,State Board Approved,,"Clarification 1: Instruction includes referring to the input as the independent variable and the output as the dependent variable. | Clarification 2: Within this benchmark, it is the expectation to represent domain and range as a list of numbers or as an inequality.",,,"Students may invert the terms independent and dependent variable. To address this misconception, focus on the vocabulary and relationship to the input and output.",,,,,,,,,,,
15511,MA.8.F.1.2,8,Mathematics (B.E.S.T.),Functions,"Define, evaluate and compare functions.","Given a function defined by a graph or an equation, determine whether the function is a linear function. Given an input-output table, determine whether it could represent a linear function.",,State Board Approved,,Clarification 1: Instruction includes recognizing that a table may not determine a function.,,,"Students may not understand the connection from a table to the visual of a graph of the same function. To address this misconception, provide opportunities for students to make connections and see the graph and table side by side.",,,,,,,,,,,
15512,MA.8.F.1.3,8,Mathematics (B.E.S.T.),Functions,"Define, evaluate and compare functions.","Analyze a real-world written description or graphical representation of a functional relationship between two quantities and identify where the function is increasing, decreasing or constant.",,State Board Approved,,Clarification 1: Problem types are limited to continuous functions. | Clarification 2: Analysis includes writing a description of a graphical representation or sketching a graph from a written description.,,,"Students may invert domain and range. | Students may incorrectly describe increasing, decreasing or constant intervals using elements outside of the domain.",,,,,,,,,,,
15513,MA.8.GR.1.1,8,Mathematics (B.E.S.T.),Geometric Reasoning,Develop an understanding of the Pythagorean Theorem and angle relationships involving triangles.,Apply the Pythagorean Theorem to solve mathematical and real-world problems involving unknown side lengths in right triangles.,,State Board Approved,,"Clarification 1: Instruction includes exploring right triangles with natural-number side lengths to illustrate the Pythagorean Theorem. | Clarification 2: Within this benchmark, the expectation is to memorize the Pythagorean Theorem. | Clarification 3: Radicands are limited to whole numbers up to 225.",,,"Students may make errors in calculations when using the Pythagorean Theorem and finding square roots. | Students may not be able to spatially visualize triangles within the real-world problems. To address this misconception, instruction includes models for these problems with triangles and drawings to help students orient the ideas within the tasks. | Students may misidentify the side lengths and hypotenuse when connecting to the formula of a² + b² = c². To support students as they are developing the conceptual understanding of this benchmark, using the idea of leg² + leg² = hypotenuse² as a transition to using the formula.",,,,,,,,,,,
15514,MA.8.GR.1.2,8,Mathematics (B.E.S.T.),Geometric Reasoning,Develop an understanding of the Pythagorean Theorem and angle relationships involving triangles.,Apply the Pythagorean Theorem to solve mathematical and real-world problems involving the distance between two points in a coordinate plane.,,State Board Approved,,"Clarification 1: Instruction includes making connections between distance on the coordinate plane and right triangles. | Clarification 2: Within this benchmark, the expectation is to memorize the Pythagorean Theorem. It is not the expectation to use the distance formula. | Clarification 3: Radicands are limited to whole numbers up to 225.",,,"Students may have the misconception that the Pythagorean Theorem will apply to any triangle. | Students may invert the x- and y-value of the point. | When finding distances that cross over an axis students may incorrectly use operations with integers. For example, if given the points (−2, 0) and (3, 0), students may calculate the distance as 1 unit instead of 5 units. | For example, if given the points (−2, 0) and (3, 0), students may calculate the distance as 1 unit instead of 5 units.",,,,,,,,,,,
15515,MA.8.GR.1.3,8,Mathematics (B.E.S.T.),Geometric Reasoning,Develop an understanding of the Pythagorean Theorem and angle relationships involving triangles.,Use the Triangle Inequality Theorem to determine if a triangle can be formed from a given set of sides. Use the converse of the Pythagorean Theorem to determine if a right triangle can be formed from a given set of sides.,,State Board Approved,,,,,"Students may incorrectly think that the Triangle Inequality Theorem only applies to right triangles due to the work with the Pythagorean Theorem. Discussion of the two theorems and examples will help with this misconception. | Students may incorrectly believe endpoints of the sides of the triangle do not have to meet at a vertex. For example, students will attempt to make a triangle such as the example below. | For example, students will attempt to make a triangle such as the example below.",,,,,,,,,,,
15516,MA.8.GR.1.4,8,Mathematics (B.E.S.T.),Geometric Reasoning,Develop an understanding of the Pythagorean Theorem and angle relationships involving triangles.,"Solve mathematical problems involving the relationships between supplementary, complementary, vertical or adjacent angles.",,State Board Approved,,,,,Students may invert the definition of complementary and supplementary.,,,,,,,,,,,
15517,MA.8.GR.1.5,8,Mathematics (B.E.S.T.),Geometric Reasoning,Develop an understanding of the Pythagorean Theorem and angle relationships involving triangles.,Solve problems involving the relationships of interior and exterior angles of a triangle.,,State Board Approved,,Clarification 1: Problems include using the Triangle Sum Theorem and representing angle measures as algebraic expressions.,,,Students may incorrectly think that the exterior angle is the whole reflex angle of the interior angle. | Students may not recognize that there are two exterior angles for each interior angle and that the exterior angles are congruent.,,,,,,,,,,,
15518,MA.8.GR.1.6,8,Mathematics (B.E.S.T.),Geometric Reasoning,Develop an understanding of the Pythagorean Theorem and angle relationships involving triangles.,Develop and use formulas for the sums of the interior angles of regular polygons by decomposing them into triangles.,,State Board Approved,,Clarification 1: Problems include representing angle measures as algebraic expressions.,,,Students may incorrectly draw additional lines from the vertex to create additional triangles.,,,,,,,,,,,
15519,MA.8.GR.2.1,8,Mathematics (B.E.S.T.),Geometric Reasoning,Understand similarity and congruence using models and transformations.,"Given a preimage and image generated by a single transformation, identify the transformation that describes the relationship.",,State Board Approved,,"Clarification 1: Within this benchmark, transformations are limited to reflections, translations or rotations of images. | Clarification 2: Instruction focuses on the preservation of congruence so that a figure maps onto a copy of itself.",,,"Students may incorrectly visualize the movement of a figure. To support instruction, students may need manipulatives such as tangrams and tessellations to help with physically moving the figures to understand the transformations.",,,,,,,,,,,
15520,MA.8.GR.2.2,8,Mathematics (B.E.S.T.),Geometric Reasoning,Understand similarity and congruence using models and transformations.,"Given a preimage and image generated by a single dilation, identify the scale factor that describes the relationship.",,State Board Approved,,"Clarification 1: Instruction includes the connection to scale drawings and proportions. | Clarification 2: Instruction focuses on the preservation of similarity and the lack of preservation of congruence when a figure maps onto a scaled copy of itself, unless the scaling factor is 1.",,,"Students may incorrectly visualize the images with scale factors. To address this misconception, include practice in visualizing the reduction and enlargement based on the scale factors.",,,,,,,,,,,
15521,MA.8.GR.2.3,8,Mathematics (B.E.S.T.),Geometric Reasoning,Understand similarity and congruence using models and transformations.,Describe and apply the effect of a single transformation on two-dimensional figures using coordinates and the coordinate plane.,,State Board Approved,,"Clarification 1: Within this benchmark, transformations are limited to reflections, translations, rotations or dilations of images. | Clarification 2: Lines of reflection are limited to the x-axis, y-axis or lines parallel to the axes. | Clarification 3: Rotations must be about the origin and are limited to 90°, 180°, 270° or 360°. | Clarification 4: Dilations must be centered at the origin.",,,"Students may incorrectly visualize transformation on the coordinate plane. To address this misconception, provide students with manipulatives. | Students may incorrectly apply rules for transformations. To address this misconception, students should generate examples and non-examples of given transformations. | Students may invert clockwise and counterclockwise.",,,,,,,,,,,
15522,MA.8.GR.2.4,8,Mathematics (B.E.S.T.),Geometric Reasoning,Understand similarity and congruence using models and transformations.,Solve mathematical and real-world problems involving proportional relationships between similar triangles.,,State Board Approved,,,,,"Students may incorrectly assume the sides and angles of similar triangles must be equivalent. To address this misconception, show a variety of examples of sizes of triangles that are similar. | When checking to see if the triangles are proportional, students may incorrectly make connections to corresponding sides. For example, when triangles have been turned to a different orientation, students may incorrectly match the sides to check for proportionality. | For example, when triangles have been turned to a different orientation, students may incorrectly match the sides to check for proportionality.",,,,,,,,,,,
15523,MA.8.DP.1.1,8,Mathematics (B.E.S.T.),Data Analysis and Probability,Represent and investigate numerical bivariate data.,"Given a set of real-world bivariate numerical data, construct a scatter plot or a line graph as appropriate for the context.",,State Board Approved,,"Clarification 1: Instruction includes recognizing similarities and differences between scatter plots and line graphs, and on determining which is more appropriate as a representation of the data based on the context. | Clarification 2: Sets of data are limited to 20 points.",,,"When discussing and interpreting the data, students may incorrectly identify an association when the scatter plot shows no association. To address this misconception, provide examples for students that would help them understand that some data will not have association. For example, the height of a person and their number of pets. | For example, the height of a person and their number of pets. | Students may confuse the dependent and independent variables when creating line graphs. | Students may incorrectly believe bivariate data can only be displayed as a scatter plot.",,,,,,,,,,,
15524,MA.8.DP.1.2,8,Mathematics (B.E.S.T.),Data Analysis and Probability,Represent and investigate numerical bivariate data.,"Given a scatter plot within a real-world context, describe patterns of association.",,State Board Approved,,Clarification 1: Descriptions include outliers; positive or negative association; linear or nonlinear association; strong or weak association.,,,"Students may invert positive and negative correlations. | Students may incorrectly assume that associations can only have one descriptor. For example, students may only say that the correlation is a positive association instead of describing it as a strong, positive linear association. | For example, students may only say that the correlation is a positive association instead of describing it as a strong, positive linear association. | Students may misinterpret an outlier and why it may occur in a set of data.",,,,,,,,,,,
15525,MA.8.DP.1.3,8,Mathematics (B.E.S.T.),Data Analysis and Probability,Represent and investigate numerical bivariate data.,"Given a scatter plot with a linear association, informally fit a straight line.",,State Board Approved,,"Clarification 1: Instruction focuses on the connection to linear functions. | Clarification 2: Instruction includes using a variety of tools, including a ruler, to draw a line with approximately the same number of points above and below the line.",,,"Students may incorrectly believe the line of fit should go through all the data points. To address this misconception, provide examples to students to show some lines that do go through data points and examples that may go through very few or no data points. | Students may incorrectly think the line of fit should go through the first and last data point on the scatter plot. To address this misconception, provide examples to students to show some lines that do not go through the first and last data point.",,,,,,,,,,,
15526,MA.8.DP.2.1,8,Mathematics (B.E.S.T.),Data Analysis and Probability,Represent and find probabilities of repeated experiments.,Determine the sample space for a repeated experiment.,,State Board Approved,,"Clarification 1: Instruction includes recording sample spaces for repeated experiments using organized lists, tables or tree diagrams. | Clarification 2: Experiments to be repeated are limited to tossing a fair coin, rolling a fair die, picking a card randomly from a deck with replacement, picking marbles randomly from a bag with replacement and spinning a fair spinner. | Clarification 3: Repetition of experiments is limited to two times except for tossing a coin.",,,"Students may incorrectly organize the data using tables or tree diagrams. To address this misconception, start with a small sample space first to ensure students understand the process.",,,,,,,,,,,
15527,MA.8.DP.2.2,8,Mathematics (B.E.S.T.),Data Analysis and Probability,Represent and find probabilities of repeated experiments.,Find the theoretical probability of an event related to a repeated experiment.,,State Board Approved,,"Clarification 1: Instruction includes representing probability as a fraction, percentage or decimal. | Clarification 2: Experiments to be repeated are limited to tossing a fair coin, rolling a fair die, picking a card randomly from a deck with replacement, picking marbles randomly from a bag with replacement and spinning a fair spinner. | Clarification 3: Repetition of experiments is limited to two times except for tossing a coin.",,,"Students may incorrectly assume that all events are equally likely. To help address this misconception, reinforce that the likelihood of each event depends on the number of possible outcomes in the event. | Students may incorrectly convert forms of probability between fractions and percentages. To address this misconception, scaffold with more familiar values initially to facilitate the interpretation of the data.",,,,,,,,,,,
15528,MA.8.DP.2.3,8,Mathematics (B.E.S.T.),Data Analysis and Probability,Represent and find probabilities of repeated experiments.,"Solve real-world problems involving probabilities related to single or repeated experiments, including making predictions based on theoretical probability.",,State Board Approved,,"Clarification 1: Instruction includes making connections to proportional relationships and representing probability as a fraction, percentage or decimal. | Clarification 2: Experiments to be repeated are limited to tossing a fair coin, rolling a fair die, picking a card randomly from a deck with replacement, picking marbles randomly from a bag with replacement and spinning a fair spinner. | Clarification 3: Repetition of experiments is limited to two times except for tossing a coin.",,,"Students may incorrectly assume the theoretical and experimental probabilities of the same experiment will always be the same. To address this misconception, provide multiple opportunities for students to experience simulations of different situations, with physical or virtual manipulatives, in order to find and compare the experimental and theoretical probabilities. | Students may incorrectly expect to see every possible outcome occur during a simulation. While all may occur in a simulation, it is not certain to happen. Students may inadvertently let their own experience with an experiment affect their response. For example, during an experiment if a student never draws an ace from a standard deck of cards, this does not indicate it could never happen. | For example, during an experiment if a student never draws an ace from a standard deck of cards, this does not indicate it could never happen. | Students may incorrectly believe the theoretical probability of an event is the proportion of times that event will actually occur.",,,,,,,,,,,
15529,MA.912.NSO.1.1,912,Mathematics (B.E.S.T.),Number Sense and Operations,"Generate equivalent expressions and perform operations with expressions involving exponents, radicals or logarithms.",Extend previous understanding of the Laws of Exponents to include rational exponents. Apply the Laws of Exponents to evaluate numerical expressions and generate equivalent numerical expressions involving rational exponents.,,State Board Approved,,"Clarification 1: Instruction includes the use of technology when appropriate. | Clarification 2: Refer to the K-12 Formulas (Appendix E) for the Laws of Exponents. | Clarification 3: Instruction includes converting between expressions involving rational exponents and expressions involving radicals. | Clarification 4:Within the Mathematics for Data and Financial Literacy course, it is not the expectation to generate equivalent numerical expressions.",,,Students may not understand the difference between an expression and an equation. | Students may try to perform operations on bases as well as exponents. | Students may multiply the base by the exponent instead of understanding that the exponent is the number of times the base occurs as a factor. | Students may not truly understand exponents that are zero or negative. | Students may not understand operations with rational numbers.,,,,,,,,,,,
15530,MA.912.NSO.1.2,912,Mathematics (B.E.S.T.),Number Sense and Operations,"Generate equivalent expressions and perform operations with expressions involving exponents, radicals or logarithms.",Generate equivalent algebraic expressions using the properties of exponents.,,State Board Approved,,,,,"Students may not understand the difference between an expression and an equation. | Students may not have fully mastered the Laws of Exponents and understand the mathematical connections between the bases and the exponents. | Student may believe that with the introduction of variables, the properties of exponents differ from numerical expressions.",,,,,,,,,,,
15531,MA.912.NSO.1.3,912,Mathematics (B.E.S.T.),Number Sense and Operations,"Generate equivalent expressions and perform operations with expressions involving exponents, radicals or logarithms.",Generate equivalent algebraic expressions involving radicals or rational exponents using the properties of exponents.,,State Board Approved,,"Clarification 1: Within the Algebra 2 course, radicands are limited to monomial algebraic expressions.",,,"Students may not understand the difference between an expression and an equation. | Students may not have fully mastered the Laws of Exponents and understand the mathematical connections between the bases and the exponents. | Student may believe that with the introduction of variables, the properties of exponents differ from numerical expressions. | Students may not know how to do simple calculations with radicals; therefore, they may not take the square root of the perfect square factor, or they may suggest using a factor pair within a radical that does not contain a perfect square as a factor. | Students may confuse radicands and coefficients and perform the operations on the wrong part of the expression. For example, express (2p)15 in radical form. The correct answer is 2p5 instead of 2p5. | For example, express (2p)15 in radical form. The correct answer is 2p5 instead of 2p5.",,,,,,,,,,,
15532,MA.912.NSO.1.4,912,Mathematics (B.E.S.T.),Number Sense and Operations,"Generate equivalent expressions and perform operations with expressions involving exponents, radicals or logarithms.","Apply previous understanding of operations with rational numbers to add, subtract, multiply and divide numerical radicals.",,State Board Approved,,"Clarification 1: Within the Algebra 1 course, expressions are limited to a single arithmetic operation involving two square roots or two cube roots.",,,"Students may not know how to do simple calculations with radicals, therefore, they may not take the square root of the perfect square factor; or they may suggest using a factor pair within a radical that does not contain a perfect square as a factor. | Students may confuse radicands and coefficients and perform the operations on the wrong part of the expression.",,,,,,,,,,,
15533,MA.912.NSO.1.5,912,Mathematics (B.E.S.T.),Number Sense and Operations,"Generate equivalent expressions and perform operations with expressions involving exponents, radicals or logarithms.","Add, subtract, multiply and divide algebraic expressions involving radicals.",,State Board Approved,,"Clarification 1: Within the Algebra 2 course, radicands are limited to monomial algebraic expressions.",,,,,,,,,,,,,,
15534,MA.912.NSO.1.6,912,Mathematics (B.E.S.T.),Number Sense and Operations,"Generate equivalent expressions and perform operations with expressions involving exponents, radicals or logarithms.","Given a numerical logarithmic expression, evaluate and generate equivalent numerical expressions using the properties of logarithms or exponents.",,State Board Approved,,"Clarification 1: Within the Mathematics for Data and Financial Literacy Honors course, problem types focus on money and business.",,,"Students may see “log” as a variable rather than as an operation. For example, they may see “log” as a common factor in the expression, log 12 + log 6 and mistakenly write log(12 + 6). For example, they may rewrite the expression log(12 · 6) and as log 12 · log 6 instead of log 12 + log 6. Similarly, they may incorrectly rewrite log (126) as log 12log 6 instead of log 12 − log 6. For example, they may cancel the “log” from the numerator and the denominator in an expression. | For example, they may see “log” as a common factor in the expression, log 12 + log 6 and mistakenly write log(12 + 6). | For example, they may rewrite the expression log(12 · 6) and as log 12 · log 6 instead of log 12 + log 6. Similarly, they may incorrectly rewrite log (126) as log 12log 6 instead of log 12 − log 6. | For example, they may cancel the “log” from the numerator and the denominator in an expression. | Students may cancel the “log” from the numerator and the denominator in an expression. Remind students that just like with roots we can simplify or expand logarithms if the argument is fully factored.",,,,,,,,,,,
15535,MA.912.NSO.2.1,912,Mathematics (B.E.S.T.),Number Sense and Operations,Represent and perform operations with expressions within the complex number system.,"Extend previous understanding of the real number system to include the complex number system. Add, subtract, multiply and divide complex numbers.",,State Board Approved,,,,,,,,,,,,,,,,
15536,MA.912.NSO.2.2,912,Mathematics (B.E.S.T.),Number Sense and Operations,Represent and perform operations with expressions within the complex number system.,"Represent addition, subtraction, multiplication and conjugation of complex numbers geometrically on the complex plane.",,State Board Approved,,,,,,,,,,,,,,,,
15537,MA.912.NSO.2.3,912,Mathematics (B.E.S.T.),Number Sense and Operations,Represent and perform operations with expressions within the complex number system.,Calculate the distance and midpoint between two numbers on the complex coordinate plane.,,State Board Approved,,,,,,,,,,,,,,,,
15538,MA.912.NSO.2.4,912,Mathematics (B.E.S.T.),Number Sense and Operations,Represent and perform operations with expressions within the complex number system.,Solve mathematical and real-world problems involving complex numbers represented algebraically or on the coordinate plane.,,State Board Approved,,,,,,,,,,,,,,,,
15539,MA.912.NSO.2.5,912,Mathematics (B.E.S.T.),Number Sense and Operations,Represent and perform operations with expressions within the complex number system.,Represent complex numbers on the complex plane in rectangular and polar forms.,,State Board Approved,,Clarification 1: Instruction includes explaining why the rectangular and polar forms of a given complex numbers represent the same number.,,,,,,,,,,,,,,
15540,MA.912.NSO.2.6,912,Mathematics (B.E.S.T.),Number Sense and Operations,Represent and perform operations with expressions within the complex number system.,Rewrite complex numbers to trigonometric form. Multiply complex numbers in trigonometric form.,,State Board Approved,,,,,,,,,,,,,,,,
15541,MA.912.NSO.3.1,912,Mathematics (B.E.S.T.),Number Sense and Operations,Represent and perform operations with vectors.,Apply appropriate notation and symbols to represent vectors in the plane as directed line segments. Determine the magnitude and direction of a vector in component form.,,State Board Approved,,,,,,,,,,,,,,,,
15542,MA.912.NSO.3.2,912,Mathematics (B.E.S.T.),Number Sense and Operations,Represent and perform operations with vectors.,"Represent vectors in component form, linear form or trigonometric form. Rewrite vectors from one form to another.",,State Board Approved,,,,,,,,,,,,,,,,
15543,MA.912.NSO.3.3,912,Mathematics (B.E.S.T.),Number Sense and Operations,Represent and perform operations with vectors.,Solve mathematical and real-world problems involving velocity and other quantities that can be represented by vectors.,,State Board Approved,,,,,,,,,,,,,,,,
15544,MA.912.NSO.3.4,912,Mathematics (B.E.S.T.),Number Sense and Operations,Represent and perform operations with vectors.,Solve mathematical and real-world problems involving vectors in two dimensions using the dot product and vector projections.,,State Board Approved,,,,,,,,,,,,,,,,
15545,MA.912.NSO.3.5,912,Mathematics (B.E.S.T.),Number Sense and Operations,Represent and perform operations with vectors.,Solve mathematical and real-world problems involving vectors in three dimensions using the dot product and cross product.,,State Board Approved,,,,,,,,,,,,,,,,
15546,MA.912.NSO.3.8,912,Mathematics (B.E.S.T.),Number Sense and Operations,Represent and perform operations with vectors.,Add and subtract vectors algebraically or graphically.,,State Board Approved,,,,,,,,,,,,,,,,
15547,MA.912.NSO.3.9,912,Mathematics (B.E.S.T.),Number Sense and Operations,Represent and perform operations with vectors.,"Given the magnitude and direction of two or more vectors, determine the magnitude and direction of their sum.",,State Board Approved,,,,,,,,,,,,,,,,
15548,MA.912.NSO.3.6,912,Mathematics (B.E.S.T.),Number Sense and Operations,Represent and perform operations with vectors.,Multiply a vector by a scalar algebraically or graphically.,,State Board Approved,,,,,,,,,,,,,,,,
15549,MA.912.NSO.3.7,912,Mathematics (B.E.S.T.),Number Sense and Operations,Represent and perform operations with vectors.,Compute the magnitude and direction of a vector scalar multiple.,,State Board Approved,,,,,,,,,,,,,,,,
15550,MA.912.NSO.4.1,912,Mathematics (B.E.S.T.),Number Sense and Operations,Represent and perform operations with matrices.,"Given a mathematical or real-world context, represent and manipulate data using matrices.",,State Board Approved,,,,,,,,,,,,,,,,
15551,MA.912.NSO.4.2,912,Mathematics (B.E.S.T.),Number Sense and Operations,Represent and perform operations with matrices.,"Given a mathematical or real-world context, represent and solve a system of two- or three-variable linear equations using matrices.",,State Board Approved,,,,,,,,,,,,,,,,
15552,MA.912.NSO.4.3,912,Mathematics (B.E.S.T.),Number Sense and Operations,Represent and perform operations with matrices.,"Solve mathematical and real-world problems involving addition, subtraction and multiplication of matrices.",,State Board Approved,,Clarification 1: Instruction includes identifying and using the additive and multiplicative identities for matrices.,,,,,,,,,,,,,,
15553,MA.912.NSO.4.4,912,Mathematics (B.E.S.T.),Number Sense and Operations,Represent and perform operations with matrices.,Solve mathematical and real-world problems using the inverse and determinant of matrices.,,State Board Approved,,,,,,,,,,,,,,,,
15555,MA.912.AR.1.1,912,Mathematics (B.E.S.T.),Algebraic Reasoning,Interpret and rewrite algebraic expressions and equations in equivalent forms.,"Identify and interpret parts of an equation or expression that represent a quantity in terms of a mathematical or real-world context, including viewing one or more of its parts as a single entity.",,State Board Approved,,"Clarification 1: Parts of an expression include factors, terms, constants, coefficients and variables. | Clarification 2: Within the Mathematics for Data and Financial Literacy course, problem types focus on money and business.",,,"Students may not be able to identify parts of an expression and equation or interpret those parts within context. Ensure these are embedded throughout instruction and discussions. For example, building in questions to identify these parts and discussing their connection to the context in which they represent in a routine way will help students to make these connections. | For example, building in questions to identify these parts and discussing their connection to the context in which they represent in a routine way will help students to make these connections.",,,,,,,,,,,
15556,MA.912.AR.1.2,912,Mathematics (B.E.S.T.),Algebraic Reasoning,Interpret and rewrite algebraic expressions and equations in equivalent forms.,Rearrange equations or formulas to isolate a quantity of interest.,,State Board Approved,,"Clarification 1: Instruction includes using formulas for temperature, perimeter, area and volume; using equations for linear (standard, slope-intercept and point-slope forms) and quadratic (standard, factored and vertex forms) functions. | Clarification 2: Within the Mathematics for Data and Financial Literacy course, problem types focus on money and business.",,,Students may not have mastered the inverse arithmetic operations. | Students may be frustrated because they are not arriving at a numerical value as their solution. Remind students that they are rearranging variables that can be later evaluated to a numerical value. | Having multiple variables and no values may confuse students and make it difficult for them to see the connections between rearranging a formula and solving a one-variable equation.,,,,,,,,,,,
15557,MA.912.AR.1.3,912,Mathematics (B.E.S.T.),Algebraic Reasoning,Interpret and rewrite algebraic expressions and equations in equivalent forms.,"Add, subtract and multiply polynomial expressions with rational number coefficients.",,State Board Approved,,"Clarification 1: Instruction includes an understanding that when any of these operations are performed with polynomials the result is also a polynomial. | Clarification 2: Within the Algebra 1 course, polynomial expressions are limited to 3 or fewer terms.",,,"Students may not understand the meaning of closure or the operations it applies to with polynomials. | Students may not understand like terms or the properties of exponents. | Students may not distribute the factor of -1 when subtracting a polynomial. | Student might multiply incorrectly when squaring a binomial. For example, (x – h)2 incorrectly distributed as x2- h2x2 - h2 instead of x2- 2xh+h2x2-2xh + h2",,,,,,,,,,,
15558,MA.912.AR.1.4,912,Mathematics (B.E.S.T.),Algebraic Reasoning,Interpret and rewrite algebraic expressions and equations in equivalent forms.,Divide a polynomial expression by a monomial expression with rational number coefficients.,,State Board Approved,,"Clarification 1: Within the Algebra 1 course, polynomial expressions are limited to 3 or fewer terms.",,,"Students may not understand the meaning of closure (although not directly discussed in this benchmark, polynomials are not closed under division). | Students may not understand like terms.",,,,,,,,,,,
15559,MA.912.AR.1.5,912,Mathematics (B.E.S.T.),Algebraic Reasoning,Interpret and rewrite algebraic expressions and equations in equivalent forms.,"Divide polynomial expressions using long division, synthetic division or algebraic manipulation.",,State Board Approved,,,,,"Students may forget to write the polynomials in standard form. | Students may forget to write a zero when there is a missing term either in the divisor or in the dividend. | Students may forget that synthetic division can only be used when you are dividing by a linear factor. | When doing long division, students may add instead of subtracting the terms. | When doing synthetic division, students may forget that the leading coefficient of the divisor should be 1. | When doing synthetic division, students may forget to reverse the sign of the constant in the divisor.",,,,,,,,,,,
15560,MA.912.AR.1.6,912,Mathematics (B.E.S.T.),Algebraic Reasoning,Interpret and rewrite algebraic expressions and equations in equivalent forms.,"Solve mathematical and real-world problems involving addition, subtraction, multiplication or division of polynomials.",,State Board Approved,,,,,,,,,,,,,,,,
15561,MA.912.AR.1.7,912,Mathematics (B.E.S.T.),Algebraic Reasoning,Interpret and rewrite algebraic expressions and equations in equivalent forms.,Rewrite a polynomial expression as a product of polynomials over the real number system.,,State Board Approved,,"Clarification 1: Within the Algebra 1 course, polynomial expressions are limited to 4 or fewer terms with integer coefficients.",,,Students may not identify the greatest common factor or factor completely.,,,,,,,,,,,
15562,MA.912.AR.1.9,912,Mathematics (B.E.S.T.),Algebraic Reasoning,Interpret and rewrite algebraic expressions and equations in equivalent forms.,"Apply previous understanding of rational number operations to add, subtract, multiply and divide rational algebraic expressions.",,State Board Approved,,Clarification 1: Instruction includes the connection to fractions and common denominators.,,,"When simplifying rational expressions students cancel out terms instead of factors. Remind students to always factor before simplifying. | When simplifying out the entire numerator students forget to write 1 as the numerator. | When multiplying rational expressions students cross multiply instead of multiplying across. | When adding and subtracting rational expressions students tend to forget to find a common denominator. | When adding and subtracting rational expressions students mistakenly follow the steps of multiplication (i.e., add across the denominators and/or add across the numerators).",,,,,,,,,,,
15563,MA.912.AR.1.10,912,Mathematics (B.E.S.T.),Algebraic Reasoning,Interpret and rewrite algebraic expressions and equations in equivalent forms.,"Solve mathematical and real-world problems involving addition, subtraction, multiplication or division of rational algebraic expressions.",,State Board Approved,,,,,,,,,,,,,,,,
15564,MA.912.AR.1.11,912,Mathematics (B.E.S.T.),Algebraic Reasoning,Interpret and rewrite algebraic expressions and equations in equivalent forms.,Apply the Binomial Theorem to create equivalent polynomial expressions.,,State Board Approved,,Clarification 1: Instruction includes the connection to Pascal’s Triangle and to combinations.,,,,,,,,,,,,,,
15565,MA.912.AR.2.1,912,Mathematics (B.E.S.T.),Algebraic Reasoning,"Write, solve and graph linear equations, functions and inequalities in one and two variables.","Given a real-world context, write and solve one-variable multi-step linear equations.",,State Board Approved,,,,,"Students may experience difficulty translating contexts into expressions. In these cases, give students sample quantities to help them reason. | Students may not use properties of equality properly.",,,,,,,,,,,
15566,MA.912.AR.2.2,912,Mathematics (B.E.S.T.),Algebraic Reasoning,"Write, solve and graph linear equations, functions and inequalities in one and two variables.","Write a linear two-variable equation to represent the relationship between two quantities from a graph, a written description or a table of values within a mathematical or real-world context.",,State Board Approved,,"Clarification 1: Instruction includes the use of standard form, slope-intercept form and point-slope form, and the conversion between these forms.",,,Students may have difficulty identifying both variables from a context. Much of their work previously has involved univariate contexts. Place emphasis on asking students what is changing in each context. Help guide their thoughts to recognize bivariate contexts as having two “things” that change in tandem. | Students may attempt to estimate intercepts in order to continue using a linear form they prefer for some contexts. Use these opportunities to address the need for precision in mathematics.,,,,,,,,,,,
15567,MA.912.AR.2.3,912,Mathematics (B.E.S.T.),Algebraic Reasoning,"Write, solve and graph linear equations, functions and inequalities in one and two variables.",Write a linear two-variable equation for a line that is parallel or perpendicular to a given line and goes through a given point.,,State Board Approved,,Clarification 1: Instruction focuses on recognizing that perpendicular lines have slopes that when multiplied result in -1 and that parallel lines have slopes that are the same. | Clarification 2: Instruction includes representing a line with a pair of points on the coordinate plane or with an equation. | Clarification 3: Problems include cases where one variable has a coefficient of zero.,,,"Some students may forget to change the sign of the slope when working through perpendicular line problems. Others may change the sign correctly but forget to make the slope a reciprocal. In both cases, consider having the student sketch a rough graph or use graphing software to check their result.",,,,,,,,,,,
15568,MA.912.AR.2.4,912,Mathematics (B.E.S.T.),Algebraic Reasoning,"Write, solve and graph linear equations, functions and inequalities in one and two variables.","Given a table, equation or written description of a linear function, graph that function, and determine and interpret its key features.",,State Board Approved,,"Clarification 1: Key features are limited to domain, range, intercepts and rate of change. | Clarification 2: Instruction includes the use of standard form, slope-intercept form and point-slope form. | Clarification 3: Instruction includes cases where one variable has a coefficient of zero. | Clarification 4: Instruction includes representing the domain and range with inequality notation, interval notation or set-builder notation. | Clarification 5: Within the Algebra 1 course, notations for domain and range are limited to inequality and set-builder notations.",,,Students may express initial confusion with the meaning of f(x) for functions written in function notation. | Students may confuse the x or y coordinates that correspond to domain and range.,,,,,,,,,,,
15569,MA.912.AR.2.5,912,Mathematics (B.E.S.T.),Algebraic Reasoning,"Write, solve and graph linear equations, functions and inequalities in one and two variables.",Solve and graph mathematical and real-world problems that are modeled with linear functions. Interpret key features and determine constraints in terms of the context.,,State Board Approved,,"Clarification 1: Key features are limited to domain, range, intercepts and rate of change. | Clarification 2: Instruction includes the use of standard form, slope-intercept form and point-slope form. | Clarification 3: Instruction includes representing the domain, range and constraints with inequality notation, interval notation or set-builder notation. | Clarification 4: Within the Algebra 1 course, notations for domain, range and constraints are limited to inequality and set-builder. | Clarification 5: Within the Mathematics for Data and Financial Literacy course, problem types focus on money and business.",,,"Students may express initial confusion with the meaning of f(x) for functions written in function notation. | Students may assign their constraints to the incorrect variable. | Students may miss the need for compound inequalities in their constraints. Students may not include zero as part of the domain or range. For example, if a constraint for the domain is between 0 and 10, a student may forget to include 0 in some contexts, since they may assume that one cannot have zero people, for instance. | For example, if a constraint for the domain is between 0 and 10, a student may forget to include 0 in some contexts, since they may assume that one cannot have zero people, for instance.",,,,,,,,,,,
15570,MA.912.AR.2.6,912,Mathematics (B.E.S.T.),Algebraic Reasoning,"Write, solve and graph linear equations, functions and inequalities in one and two variables.","Given a mathematical or real-world context, write and solve one-variable linear inequalities, including compound inequalities. Represent solutions algebraically or graphically.",,State Board Approved,,,,,"Given that students’ prior experience has dealt with equation work far more than inequality work, students will likely forget to consider the direction of the inequality symbol as they solve inequalities. | When creating inequalities, look for students to experience confusion with the phrase “less than.” | Students may interchange the meanings of “at most” and “at least”.",,,,,,,,,,,
15571,MA.912.AR.2.7,912,Mathematics (B.E.S.T.),Algebraic Reasoning,"Write, solve and graph linear equations, functions and inequalities in one and two variables.",Write two-variable linear inequalities to represent relationships between quantities from a graph or a written description within a mathematical or real-world context.,,State Board Approved,,"Clarification 1: Instruction includes the use of standard form, slope-intercept form and point-slope form and any inequality symbol can be represented. | Clarification 2: Instruction includes cases where one variable has a coefficient of zero.",,,"Students often choose the incorrect inequality symbol when interpreting graphs or contexts. Help these students develop the habit of using a test point to check their work. Any point can be used, but many students find it easiest to usethe origin (0, 0) as it often makes mental calculation much quicker. | When creating inequalities, look for students to experience confusion with the phrase “less than.”",,,,,,,,,,,
15572,MA.912.AR.2.8,912,Mathematics (B.E.S.T.),Algebraic Reasoning,"Write, solve and graph linear equations, functions and inequalities in one and two variables.","Given a mathematical or real-world context, graph the solution set to a two-variable linear inequality.",,State Board Approved,,"Clarification 1: Instruction includes the use of standard form, slope-intercept form and point-slope form and any inequality symbol can be represented. | Clarification 2: Instruction includes cases where one variable has a coefficient of zero.",,,"Students often choose to shade the wrong half-plane when graphing two-variable linear inequalities. | Students may think that the inequality symbol’s orientation always determines the side of the line to shade. For example, students may say that inequalities with a less than symbol should be shaded below the line while inequalities with a greater than symbol should be shaded above the line. This typically happens after graphing multiple inequalities in slope-intercept form. To address this, provides counterexamples to this such as 3x − 2y < 15 or − 4x − 7 ≥ y. Use these counterexamples to emphasize the benefit of using a test point to confirm the direction of shading. | For example, students may say that inequalities with a less than symbol should be shaded below the line while inequalities with a greater than symbol should be shaded above the line. This typically happens after graphing multiple inequalities in slope-intercept form. To address this, provides counterexamples to this such as 3x − 2y < 15 or − 4x − 7 ≥ y. Use these counterexamples to emphasize the benefit of using a test point to confirm the direction of shading.",,,,,,,,,,,
15573,MA.912.AR.3.1,912,Mathematics (B.E.S.T.),Algebraic Reasoning,"Write, solve and graph quadratic equations, functions and inequalities in one and two variables.","Given a mathematical or real-world context, write and solve one-variable quadratic equations over the real number system.",,State Board Approved,,"Clarification 1: Within the Algebra 1 course, instruction includes the concept of non-real answers, without determining non-real solutions. | Clarification 2: Within this benchmark, the expectation is to solve by factoring techniques, taking square roots, the quadratic formula and completing the square.",,,"When completing the square, many students forget to use the addition or subtraction property of equality to add or subtract values from the other side of the equation. Remind these students that additions or subtractions from one side of an equation must be replicated on the other to maintain equivalency. | When completing the square and removing a common factor from the x2 and x term, students may forget to consider that factor when adding/subtracting from the other side of the equation. For example, when solving 10 = 12t2 + t + 55, students may ultimately add 4 rather than 48 to the left side. Help students to see that there are 12 sets of 4 ultimately being added to the right and therefore, there must be twelve sets added to the left as well. | For example, when solving 10 = 12t2 + t + 55, students may ultimately add 4 rather than 48 to the left side. Help students to see that there are 12 sets of 4 ultimately being added to the right and therefore, there must be twelve sets added to the left as well. | Some students may see equations such as x2 – 4x + 6 = 27 and use the number 2, −4 and 6 as a, b and c, respectively, in the quadratic formula, arriving at an incorrect solutions. In these cases, graph the related function and ask students if the solutions they calculated correspond to the roots of the parabola. Once they see they do not, have students set the equation equal to zero and recalculate.",,,,,,,,,,,
15574,MA.912.AR.3.2,912,Mathematics (B.E.S.T.),Algebraic Reasoning,"Write, solve and graph quadratic equations, functions and inequalities in one and two variables.","Given a mathematical or real-world context, write and solve one-variable quadratic equations over the real and complex number systems.",,State Board Approved,,"Clarification 1: Within this benchmark, the expectation is to solve by factoring techniques, taking square roots, the quadratic formula and completing the square.",,,,,,,,,,,,,,
15575,MA.912.AR.3.3,912,Mathematics (B.E.S.T.),Algebraic Reasoning,"Write, solve and graph quadratic equations, functions and inequalities in one and two variables.","Given a mathematical or real-world context, write and solve one-variable quadratic inequalities over the real number system. Represent solutions algebraically or graphically.",,State Board Approved,,,,,,,,,,,,,,,,
15576,MA.912.AR.3.5,912,Mathematics (B.E.S.T.),Algebraic Reasoning,"Write, solve and graph quadratic equations, functions and inequalities in one and two variables.","Given the x-intercepts and another point on the graph of a quadratic function, write the equation for the function.",,State Board Approved,,,,,"Similar to their work with vertex form, students may have trouble with using the correct signs for r1 and r2 in factored form. In these cases, show students a corresponding graph of their developed factored form functions to help them see the need for opposite signs in their factors. | Student might multiply incorrectly when squaring a binomial. For example, (x – h)2 is incorrectly distributed as x2 - h2 instead of x2 - 2xh + h2. | When rewriting their developed factored form functions into standard form, students may incorrectly multiply a by both factors. One remedy for this is to direct students to multiply their binomials first and then multiply the product by a.",,,,,,,,,,,
15577,MA.912.AR.3.6,912,Mathematics (B.E.S.T.),Algebraic Reasoning,"Write, solve and graph quadratic equations, functions and inequalities in one and two variables.","Given an expression or equation representing a quadratic function, determine the vertex and zeros and interpret them in terms of a real-world context.",,State Board Approved,,,,,Some students may have difficulty interpreting the meaning of the zeros and vertex.,,,,,,,,,,,
15578,MA.912.AR.3.7,912,Mathematics (B.E.S.T.),Algebraic Reasoning,"Write, solve and graph quadratic equations, functions and inequalities in one and two variables.","Given a table, equation or written description of a quadratic function, graph that function, and determine and interpret its key features.",,State Board Approved,,"Clarification 1: Key features are limited to domain; range; intercepts; intervals where the function is increasing, decreasing, positive or negative; end behavior; vertex; and symmetry. | Clarification 2: Instruction includes the use of standard form, factored form and vertex form, and sketching a graph using the zeros and vertex. | Clarification 3: Instruction includes representing the domain and range with inequality notation, interval notation or set-builder notation. | Clarification 4: Within the Algebra 1 course, notations for domain and range are limited to inequality and set-builder.",,,"When describing intervals where functions are increasing, decreasing, positive or negative, students may represent their interval using the incorrect variable. In these cases, ask reflective questions to help students examine the meaning of the domain and range in the problem. | Students may miss the need for compound inequalities in their intervals. In these cases, refer to the graph of the function to help them discover areas in their interval that would not make sense in context.",,,,,,,,,,,
15579,MA.912.AR.3.8,912,Mathematics (B.E.S.T.),Algebraic Reasoning,"Write, solve and graph quadratic equations, functions and inequalities in one and two variables.",Solve and graph mathematical and real-world problems that are modeled with quadratic functions. Interpret key features and determine constraints in terms of the context.,,State Board Approved,,"Clarification 1: Key features are limited to domain; range; intercepts; intervals where the function is increasing, decreasing, positive or negative; end behavior; vertex; and symmetry. | Clarification 2: Instruction includes the use of standard form, factored form and vertex form. | Clarification 3: Instruction includes representing the domain, range and constraints with inequality notation, interval notation or set-builder notation. | Clarification 4: Within the Algebra 1 course, notations for domain, range and constraints are limited to inequality and set-builder.",,,Students might not understand the connection between x-y notation and function notation.,,,,,,,,,,,
15580,MA.912.AR.3.9,912,Mathematics (B.E.S.T.),Algebraic Reasoning,"Write, solve and graph quadratic equations, functions and inequalities in one and two variables.","Given a mathematical or real-world context, write two-variable quadratic inequalities to represent relationships between quantities from a graph or a written description.",,State Board Approved,,"Clarification 1: Instruction includes the use of standard form, factored form and vertex form where any inequality symbol can be represented.",,,,,,,,,,,,,,
15581,MA.912.AR.3.10,912,Mathematics (B.E.S.T.),Algebraic Reasoning,"Write, solve and graph quadratic equations, functions and inequalities in one and two variables.","Given a mathematical or real-world context, graph the solution set to a two-variable quadratic inequality.",,State Board Approved,,"Clarification 1: Instruction includes the use of standard form, factored form and vertex form where any inequality symbol can be represented.",,,,,,,,,,,,,,
15582,MA.912.AR.4.1,912,Mathematics (B.E.S.T.),Algebraic Reasoning,"Write, solve and graph absolute value equations, functions and inequalities in one and two variables.","Given a mathematical or real-world context, write and solve one-variable absolute value equations.",,State Board Approved,,,,,"Students may forget that absolute value refers to a distance, and is thus a positive number or zero. | Students may forget many absolute value equations will produce two solutions. | Students may forget some equations have no solutions.",,,,,,,,,,,
15583,MA.912.AR.4.2,912,Mathematics (B.E.S.T.),Algebraic Reasoning,"Write, solve and graph absolute value equations, functions and inequalities in one and two variables.","Given a mathematical or real-world context, write and solve one-variable absolute value inequalities. Represent solutions algebraically or graphically.",,State Board Approved,,,,,Students may confuse the inequality symbols. | Students may forget that multiplication or division by a negative number will change the direction of the inequality symbol. | Students may misrepresent the inequality symbols on a number line and/or incorrectly identify the solutions graphically. | Students may not create two inequalities from an absolute value inequality.,,,,,,,,,,,
15584,MA.912.AR.4.3,912,Mathematics (B.E.S.T.),Algebraic Reasoning,"Write, solve and graph absolute value equations, functions and inequalities in one and two variables.","Given a table, equation or written description of an absolute value function, graph that function and determine its key features.",,State Board Approved,,"Clarification 1: Key features are limited to domain; range; intercepts; intervals where the function is increasing, decreasing, positive or negative; vertex; end behavior and symmetry. | Clarification 2: Instruction includes representing the domain and range with inequality notation, interval notation or set-builder notation. | Clarification 3: Within the Algebra 1 course, notations for domain and range are limited to inequality and set-builder.",,,Students may not fully understand the connection of all of the key features (emphasize the use of technology to help with student discovery) and how to represent them using the proper notation.,,,,,,,,,,,
15585,MA.912.AR.4.4,912,Mathematics (B.E.S.T.),Algebraic Reasoning,"Write, solve and graph absolute value equations, functions and inequalities in one and two variables.",Solve and graph mathematical and real-world problems that are modeled with absolute value functions. Interpret key features and determine constraints in terms of the context.,,State Board Approved,,"Clarification 1: Key features are limited to domain; range; intercepts; intervals where the function is increasing, decreasing, positive or negative; vertex; end behavior and symmetry. | Clarification 2: Instruction includes representing the domain, range and constraints with inequality notation, interval notation or set-builder notation.",,,"Students may think that distributive property should be used if a constant is in front of the absolute value. For example, for f(x) = 4|x−2|, students will incorrectly distribute the 4 to the absolute value function when evaluating. | For example, for f(x) = 4|x−2|, students will incorrectly distribute the 4 to the absolute value function when evaluating. | Students may not fully understand the connection of all of the key features (emphasize the use of technology to help with student discovery) and how to represent them using the proper notation. | Students may not fully understand the connection of all of the key features (emphasize the use of technology to help with student discovery) and how to represent them using the proper notation.",,,,,,,,,,,
15586,MA.912.AR.5.1,912,Mathematics (B.E.S.T.),Algebraic Reasoning,"Write, solve and graph exponential and logarithmic equations and functions in one and two variables.",Solve one-variable exponential equations using the properties of exponents.,,State Board Approved,,,,,,,,,,,,,,,,
15587,MA.912.AR.5.2,912,Mathematics (B.E.S.T.),Algebraic Reasoning,"Write, solve and graph exponential and logarithmic equations and functions in one and two variables.",Solve one-variable equations involving logarithms or exponential expressions. Interpret solutions as viable in terms of the context and identify any extraneous solutions.,,State Board Approved,,,,,"Students may not understand the relationship of logarithm and exponential functions and may treat them as separate concepts. | Students may forget to check for extraneous solutions. For example, when asked to solve logx 36 = 2, students can solve using the square method and get ±6. The base of the logarithm is always positive, so we discard the −6. | For example, when asked to solve logx 36 = 2, students can solve using the square method and get ±6. The base of the logarithm is always positive, so we discard the −6.",,,,,,,,,,,
15588,MA.912.AR.5.3,912,Mathematics (B.E.S.T.),Algebraic Reasoning,"Write, solve and graph exponential and logarithmic equations and functions in one and two variables.","Given a mathematical or real-world context, classify an exponential function as representing growth or decay.",,State Board Approved,,"Clarification 1: Within the Algebra 1 course, exponential functions are limited to the forms , where b is a whole number greater than 1 or a unit fraction, or , where .",,,"Students may not understand exponential function values will eventually get larger than those of any other polynomial functions because they do not fully understand the impact of exponents on a value. | Students may not understand that growth factors have one constraint (b > 1) while decay factors have a compound constraint (0 < b < 1). Some students may think that as long as b < 1, the function will represent exponential decay. | Students may think that if a is negative and r > 0 or b > 1, the function represents an exponential decay. To address this misconception, help students understand that the negative values are growing at an exponential rate.",,,,,,,,,,,
15589,MA.912.AR.5.4,912,Mathematics (B.E.S.T.),Algebraic Reasoning,"Write, solve and graph exponential and logarithmic equations and functions in one and two variables.","Write an exponential function to represent a relationship between two quantities from a graph, a written description or a table of values within a mathematical or real-world context.",,State Board Approved,,"Clarification 1: Within the Algebra 1 course, exponential functions are limited to the forms , where b is a whole number greater than 1 or a unit fraction, or , where . | Clarification 2: Within the Algebra 1 course, tables are limited to having successive nonnegative integer inputs so that the function may be determined by finding ratios between successive outputs.",,,Students may not understand that exponential function values will eventually get larger than those of any other polynomial functions because they do not fully understand the impact of exponents on a value.,,,,,,,,,,,
15590,MA.912.AR.5.5,912,Mathematics (B.E.S.T.),Algebraic Reasoning,"Write, solve and graph exponential and logarithmic equations and functions in one and two variables.","Given an expression or equation representing an exponential function, reveal the constant percent rate of change per unit interval using the properties of exponents. Interpret the constant percent rate of change in terms of a real-world context.",,State Board Approved,,,,,"Students may not have fully mastered the Laws of Exponents and understand the mathematical connections between the bases and the exponents. | Students may struggle with representing the growth factor as a percent, rather than a whole number. | Students may represent the growth rate or decay rate within the formula instead of using the formula f(x) = a(1 ± r)x. To address this misconception, students should record the values being used to showcase the growth or decay to see their mistake.",,,,,,,,,,,
15591,MA.912.AR.5.6,912,Mathematics (B.E.S.T.),Algebraic Reasoning,"Write, solve and graph exponential and logarithmic equations and functions in one and two variables.","Given a table, equation or written description of an exponential function, graph that function and determine its key features.",,State Board Approved,,"Clarification 1: Key features are limited to domain; range; intercepts; intervals where the function is increasing, decreasing, positive or negative; constant percent rate of change; end behavior and asymptotes. | Clarification 2: Instruction includes representing the domain and range with inequality notation, interval notation or set-builder notation. | Clarification 3: Within the Algebra 1 course, notations for domain and range are limited to inequality and set-builder. | Clarification 4: Within the Algebra 1 course, exponential functions are limited to the forms , where b is a whole number greater than 1 or a unit fraction or , where .",,,Students may not fully understand how to use proper notation when determining the key features of an exponential function.,,,,,,,,,,,
15592,MA.912.AR.5.7,912,Mathematics (B.E.S.T.),Algebraic Reasoning,"Write, solve and graph exponential and logarithmic equations and functions in one and two variables.",Solve and graph mathematical and real-world problems that are modeled with exponential functions. Interpret key features and determine constraints in terms of the context.,,State Board Approved,,"Clarification 1: Key features are limited to domain; range; intercepts; intervals where the function is increasing, decreasing, positive or negative; constant percent rate of change; end behavior and asymptotes. | Clarification 2: Instruction includes representing the domain, range and constraints with inequality notation, interval notation or set-builder notation. | Clarification 3: Instruction includes understanding that when the logarithm of the dependent variable is taken and graphed, the exponential function will be transformed into a linear function. | Clarification 4: Within the Mathematics for Data and Financial Literacy course, problem types focus on money and business.",,,Ensure students are plugging the correct information into the formulas and using technology correctly. Grouping symbols on graphic software can be tricky. Model the entry of a few formulas with grouping symbols for students before releasing them to explore their own. | Students may confuse finding the logarithm and natural logarithm.,,,,,,,,,,,
15593,MA.912.AR.5.8,912,Mathematics (B.E.S.T.),Algebraic Reasoning,"Write, solve and graph exponential and logarithmic equations and functions in one and two variables.","Given a table, equation or written description of a logarithmic function, graph that function and determine its key features.",,State Board Approved,,"Clarification 1: Key features are limited to domain; range; intercepts; intervals where the function is increasing, decreasing, positive or negative; end behavior; and asymptotes. | Clarification 2: Instruction includes representing the domain and range with inequality notation, interval notation or set-builder notation.",,,"Students may not fully understand how to interpret proper function notation when determining the key features of a logarithmic function. | Students may not fully understand how to use interval notation. | When describing intervals where functions are increasing, decreasing, positive or negative, students may represent their interval using the incorrect variable. In these cases, ask reflective questions to help students examine the meaning of the domain and range in the problem. | Students may miss the need for compound inequalities in their intervals. In these cases, refer to the graph of the function to help them discover areas in their interval that would not make sense in context.",,,,,,,,,,,
15594,MA.912.AR.5.9,912,Mathematics (B.E.S.T.),Algebraic Reasoning,"Write, solve and graph exponential and logarithmic equations and functions in one and two variables.",Solve and graph mathematical and real-world problems that are modeled with logarithmic functions. Interpret key features and determine constraints in terms of the context.,,State Board Approved,,"Clarification 1: Key features are limited to domain; range; intercepts; intervals where the function is increasing, decreasing, positive or negative; end behavior; and asymptotes. | Clarification 2: Instruction includes representing the domain, range and constraints with inequality notation, interval notation or set-builder notation.",,,"Students may not fully understand how to interpret proper function notation when determining the key features of a logarithm function. | Students may not fully understand how to use interval notation. | When describing intervals where functions are increasing, decreasing, positive or negative, students may represent their interval using the incorrect variable. In these cases, ask reflective questions to help students examine the meaning of the domain and range in the problem. | Students may miss the need for compound inequalities in their intervals. In these cases, refer to the graph of the function to help them discover areas in their interval that would not make sense in context.",,,,,,,,,,,
15595,MA.912.AR.6.1,912,Mathematics (B.E.S.T.),Algebraic Reasoning,Solve and graph polynomial equations and functions in one and two variables.,"Given a mathematical or real-world context, when suitable factorization is possible, solve one-variable polynomial equations of degree 3 or higher over the real and complex number systems.",,State Board Approved,,,,,,,,,,,,,,,,
15596,MA.912.AR.6.2,912,Mathematics (B.E.S.T.),Algebraic Reasoning,Solve and graph polynomial equations and functions in one and two variables.,Explain and apply the Remainder Theorem to solve mathematical and real-world problems.,,State Board Approved,,,,,,,,,,,,,,,,
15597,MA.912.AR.6.3,912,Mathematics (B.E.S.T.),Algebraic Reasoning,Solve and graph polynomial equations and functions in one and two variables.,Explain and apply theorems for polynomials to solve mathematical and real-world problems.,,State Board Approved,,Clarification 1: Theorems include the Factor Theorem and the Fundamental Theorem of Algebra.,,,,,,,,,,,,,,
15598,MA.912.AR.6.4,912,Mathematics (B.E.S.T.),Algebraic Reasoning,Solve and graph polynomial equations and functions in one and two variables.,"Given a table, equation or written description of a polynomial function of degree 3 or higher, graph that function and determine its key features.",,State Board Approved,,"Clarification 1: Key features are limited to domain; range; intercepts; intervals where the function is increasing, decreasing, positive or negative; relative maximums and minimums; symmetry; and end behavior. | Clarification 2: Instruction includes representing the domain and range with inequality notation, interval notation or set-builder notation.",,,,,,,,,,,,,,
15599,MA.912.AR.6.5,912,Mathematics (B.E.S.T.),Algebraic Reasoning,Solve and graph polynomial equations and functions in one and two variables.,"Sketch a rough graph of a polynomial function of degree 3 or higher using zeros, multiplicity and knowledge of end behavior.",,State Board Approved,,,,,,,,,,,,,,,,
15600,MA.912.AR.7.1,912,Mathematics (B.E.S.T.),Algebraic Reasoning,Solve and graph radical equations and functions in one and two variables.,Solve one-variable radical equations. Interpret solutions as viable in terms of context and identify any extraneous solutions.,,State Board Approved,,,,,"Students may not understand how to determine if a solution is extraneous. | Teachers should present the students with a few examples when extraneous solutions arise and ask the students to look for patterns for when those extraneous solutions arise. Teachers should remind students that solving an equation is finding the values of the variable that make the statement true. | Students may not completely understand the relationships between roots and radicals so they may use the wrong root or exponent to isolate the variable when solving the equation. | Student may square an individual term instead of squaring the whole side of the equation when trying to solve a radical equation. For example, in the equation x + x + 2 = 2, students may square the left term on the left side of the equation and not realize to square whole expression on the left side. Students may not understand how to use a graph or table to justify what they have found algebraically. | For example, in the equation x + x + 2 = 2, students may square the left term on the left side of the equation and not realize to square whole expression on the left side. | Students may not understand how to use a graph or table to justify what they have found algebraically.",,,,,,,,,,,
15601,MA.912.AR.7.2,912,Mathematics (B.E.S.T.),Algebraic Reasoning,Solve and graph radical equations and functions in one and two variables.,"Given a table, equation or written description of a square root or cube root function, graph that function and determine its key features.",,State Board Approved,,"Clarification 1: Key features are limited to domain; range; intercepts; intervals where the function is increasing, decreasing, positive or negative; end behavior; and relative maximums and minimums. | Clarification 2: Instruction includes representing the domain and range with inequality notation, interval notation or set-builder notation.",,,,,,,,,,,,,,
15602,MA.912.AR.7.3,912,Mathematics (B.E.S.T.),Algebraic Reasoning,Solve and graph radical equations and functions in one and two variables.,Solve and graph mathematical and real-world problems that are modeled with square root or cube root functions. Interpret key features and determine constraints in terms of the context.,,State Board Approved,,"Clarification 1: Key features are limited to domain; range; intercepts; intervals where the function is increasing, decreasing, positive or negative; end behavior; and relative maximums and minimums. | Clarification 2: Instruction includes representing the domain, range and constraints with inequality notation, interval notation or set-builder notation.",,,,,,,,,,,,,,
15603,MA.912.AR.8.1,912,Mathematics (B.E.S.T.),Algebraic Reasoning,Solve and graph rational equations and functions in one and two variables.,Write and solve one-variable rational equations. Interpret solutions as viable in terms of the context and identify any extraneous solutions.,,State Board Approved,,"Clarification 1: Within the Algebra 2 course, numerators and denominators are limited to linear and quadratic expressions.",,,"Students may struggle to determine if a common denominator is needed to solve a rational equation. | If students determine a common denominator is needed, they may struggle to decide what factors are needed to be multiplied to the numerator and the denominator while keeping the rational equation equivalent. | Students may forget to test the solutions in the original equation to determine if it is extraneous or not.",,,,,,,,,,,
15604,MA.912.AR.8.2,912,Mathematics (B.E.S.T.),Algebraic Reasoning,Solve and graph rational equations and functions in one and two variables.,"Given a table, equation or written description of a rational function, graph that function and determine its key features.",,State Board Approved,,"Clarification 1: Key features are limited to domain; range; intercepts; intervals where the function is increasing, decreasing, positive or negative; end behavior; and asymptotes. | Clarification 2: Instruction includes representing the domain and range with inequality notation, interval notation or set-builder notation. | Clarification 3: Within the Algebra 2 course, numerators and denominators are limited to linear and quadratic expressions.",,,,,,,,,,,,,,
15605,MA.912.AR.8.3,912,Mathematics (B.E.S.T.),Algebraic Reasoning,Solve and graph rational equations and functions in one and two variables.,Solve and graph mathematical and real-world problems that are modeled with rational functions. Interpret key features and determine constraints in terms of the context.,,State Board Approved,,"Clarification 1: Key features are limited to domain; range; intercepts; intervals where the function is increasing, decreasing, positive or negative; end behavior; and asymptotes. | Clarification 4: Within the Algebra 2 course, numerators and denominators are limited to linear and quadratic expressions.",,,,,,,,,,,,,,
15606,MA.912.AR.9.1,912,Mathematics (B.E.S.T.),Algebraic Reasoning,Write and solve a system of two- and three-variable equations and inequalities that describe quantities or relationships.,"Given a mathematical or real-world context, write and solve a system of two-variable linear equations algebraically or graphically.",,State Board Approved,,"Clarification 1: Within this benchmark, the expectation is to solve systems using elimination, substitution and graphing. | Clarification 2: Within the Algebra 1 course, the system is limited to two equations.",,,Students may not understand linear systems of equations can only have more than one solution if there are infinitely many solutions. | Students may not understand linear systems of equations can have no solution. | Students may have difficulty making connections between graphic and algebraic representations of systems of equations. | Students may have difficulty choosing the best method of finding the solution to a system of equations. | Students may have difficulty translating word problems into systems of equations and inequalities. | Students using the elimination method may alter the original equations in a way that creates like terms that can be subtracted. When subtracting across the two equations students may have difficulty remembering to apply the subtraction to the remaining terms and constants.,,,,,,,,,,,
15607,MA.912.AR.9.2,912,Mathematics (B.E.S.T.),Algebraic Reasoning,Write and solve a system of two- and three-variable equations and inequalities that describe quantities or relationships.,"Given a mathematical or real-world context, solve a system consisting of a two-variable linear equation and a non-linear equation algebraically or graphically.",,State Board Approved,,,,,,,,,,,,,,,,
15608,MA.912.AR.9.3,912,Mathematics (B.E.S.T.),Algebraic Reasoning,Write and solve a system of two- and three-variable equations and inequalities that describe quantities or relationships.,"Given a mathematical or real-world context, solve a system consisting of two-variable linear or non-linear equations algebraically or graphically.",,State Board Approved,,"Clarification 1: Within the Algebra 2 course, non-linear equations are limited to quadratic equations.",,,,,,,,,,,,,,
15609,MA.912.AR.9.4,912,Mathematics (B.E.S.T.),Algebraic Reasoning,Write and solve a system of two- and three-variable equations and inequalities that describe quantities or relationships.,Graph the solution set of a system of two-variable linear inequalities.,,State Board Approved,,"Clarification 1: Instruction includes cases where one variable has a coefficient of zero. | Clarification 2: Within the Algebra 1 course, the system is limited to two inequalities.",,,Students may have difficulties making connections between graphic and algebraic representations of systems of inequalities. | Students may confuse which points are in the solution set of a system that includes inequalities (including points on the lines in a system of inequalities). | Students may shade the wrong half-plane or graph the incorrect boundary line (solid vs. dashed).,,,,,,,,,,,
15610,MA.912.AR.9.6,912,Mathematics (B.E.S.T.),Algebraic Reasoning,Write and solve a system of two- and three-variable equations and inequalities that describe quantities or relationships.,"Given a real-world context, represent constraints as systems of linear equations or inequalities. Interpret solutions to problems as viable or non-viable options.",,State Board Approved,,Clarification 1: Instruction focuses on analyzing a given function that models a real-world situation and writing constraints that are represented as linear equations or linear inequalities.,,,Students may have difficulty translating word problems into systems of equations and inequalities. | Students may shade the wrong half-plane for an inequality. | Students may graph an incorrect boundary line (dashed versus solid) due to incorrect translation of the word problem. | Students may not identify the restrictions on the domain and range of the graphs in a system of equations based on the context of the situation.,,,,,,,,,,,
15611,MA.912.AR.9.7,912,Mathematics (B.E.S.T.),Algebraic Reasoning,Write and solve a system of two- and three-variable equations and inequalities that describe quantities or relationships.,"Given a real-world context, represent constraints as systems of linear and non-linear equations or inequalities. Interpret solutions to problems as viable or non-viable options.",,State Board Approved,,"Clarification 1: Instruction focuses on analyzing a given function that models a real-world situation and writing constraints that are represented as non-linear equations or non-linear inequalities. | Clarification 2: Within the Algebra 2 course, non-linear equations and inequalities are limited to quadratic.",,,,,,,,,,,,,,
15612,MA.912.AR.9.8,912,Mathematics (B.E.S.T.),Algebraic Reasoning,Write and solve a system of two- and three-variable equations and inequalities that describe quantities or relationships.,Solve real-world problems involving linear programming in two variables.,,State Board Approved,,,,,,,,,,,,,,,,
15613,MA.912.AR.9.9,912,Mathematics (B.E.S.T.),Algebraic Reasoning,Write and solve a system of two- and three-variable equations and inequalities that describe quantities or relationships.,"Given a mathematical or real-world context, solve a system of three-variable linear equations algebraically.",,State Board Approved,,,,,,,,,,,,,,,,
15614,MA.912.AR.9.10,912,Mathematics (B.E.S.T.),Algebraic Reasoning,Write and solve a system of two- and three-variable equations and inequalities that describe quantities or relationships.,Solve and graph mathematical and real-world problems that are modeled with piecewise functions. Interpret key features and determine constraints in terms of the context.,,State Board Approved,,"Clarification 1: Key features are limited to domain, range, intercepts, asymptotes and end behavior. | Clarification 2: Instruction includes representing the domain, range and constraints with inequality notation, interval notation or set-builder notation.",,,"When evaluating a piecewise function for a specific input, students may attempt to substitute the input value into the wrong subset function or may try to substitute the input value into all the subset functions. | When graphing piecewise functions, students may forget to put an open circle at the endpoint of a subset function when the endpoint is not included in the domain of the subset function. | Students may have trouble interpreting the range when the range is not continuous and joins two or more intervals.",,,,,,,,,,,
15615,MA.912.AR.10.1,912,Mathematics (B.E.S.T.),Algebraic Reasoning,Solve problems involving sequences and series.,"Given a mathematical or real-world context, write and solve problems involving arithmetic sequences.",,State Board Approved,,,,,Students may have a hard time distinguishing between arithmetic sequences and geometric sequences. | Students may have trouble using the equation by confusing the slope and y-intercept or not knowing to use point-slope form when the y-intercept is unknown. | Students may not round correctly when needed depending on the context.,,,,,,,,,,,
15616,MA.912.AR.10.2,912,Mathematics (B.E.S.T.),Algebraic Reasoning,Solve problems involving sequences and series.,"Given a mathematical or real-world context, write and solve problems involving geometric sequences.",,State Board Approved,,,,,Students may mistake a geometric model for an arithmetic model. | Students may forget to convert the percent to a decimal when performing calculations. | Students may forget to add 1 to the rate when a geometric sequence is growing or to subtract the rate from 1 when the sequence models a decay model. | Students may have trouble using technology to determine a value when solving for time.,,,,,,,,,,,
15617,MA.912.AR.10.3,912,Mathematics (B.E.S.T.),Algebraic Reasoning,Solve problems involving sequences and series.,Recognize and apply the formula for the sum of a finite arithmetic series to solve mathematical and real-world problems.,,State Board Approved,,,,,,,,,,,,,,,,
15618,MA.912.AR.10.4,912,Mathematics (B.E.S.T.),Algebraic Reasoning,Solve problems involving sequences and series.,Recognize and apply the formula for the sum of a finite or an infinite geometric series to solve mathematical and real-world problems.,,State Board Approved,,,,,,,,,,,,,,,,
15619,MA.912.AR.10.5,912,Mathematics (B.E.S.T.),Algebraic Reasoning,Solve problems involving sequences and series.,"Given a mathematical or real-world context, write a sequence using function notation, defined explicitly or recursively, to represent relationships between quantities from a written description.",,State Board Approved,,,,,,,,,,,,,,,,
15620,MA.912.AR.10.6,912,Mathematics (B.E.S.T.),Algebraic Reasoning,Solve problems involving sequences and series.,"Given a mathematical or real-world context, find the domain of a given sequence defined recursively or explicitly.",,State Board Approved,,,,,,,,,,,,,,,,
15621,MA.912.F.1.1,912,Mathematics (B.E.S.T.),Functions,"Understand, compare and analyze properties of functions.","Given an equation or graph that defines a function, determine the function type. Given an input-output table, determine a function type that could represent it.",,State Board Approved,,"Clarification 1: Within the Algebra 1 course, functions represented as tables are limited to linear, quadratic and exponential. | Clarification 2: Within the Algebra 1 course, functions represented as equations or graphs are limited to vertical or horizontal translations or reflections over the x-axis of the following parent functions: and",,,"Some students may miscalculate first and second differences that deal with negative values, especially if they perform them mentally.",,,,,,,,,,,
15622,MA.912.F.1.2,912,Mathematics (B.E.S.T.),Functions,"Understand, compare and analyze properties of functions.","Given a function represented in function notation, evaluate the function for an input in its domain. For a real-world context, interpret the output.",,State Board Approved,,"Clarification 1: Problems include simple functions in two-variables, such as f(x,y)=3x-2y. | Clarification 2: Within the Algebra 1 course, functions are limited to one-variable such as f(x)=3x.",,,"Throughout tudents’ prior experience, two variables written next to one another indicate they are being multiplied. These changes in function notation and will likely cause confusion for some of your students. | Students may need additional support in the order of operations. | For example, for exponential functions, many students multiply a by the growth factor and then raise the product to the value of the exponent. For example, students may think that the multiplication is always performed before division. | For example, for exponential functions, many students multiply a by the growth factor and then raise the product to the value of the exponent. | For example, students may think that the multiplication is always performed before division.",,,,,,,,,,,
15623,MA.912.F.1.3,912,Mathematics (B.E.S.T.),Functions,"Understand, compare and analyze properties of functions.","Calculate and interpret the average rate of change of a real-world situation represented graphically, algebraically or in a table over a specified interval.",,State Board Approved,,Clarification 1: Instruction includes making the connection to determining the slope of a particular line segment.,,,"Some graphs presented to students will only display a certain interval of data. Some students may mistakenly interpret the rate of change for that entire interval rather than a given sub-interval. | Students may confuse the average rate of change and constant rate of change. | Students may be confused if the average rate of change is 0, even though the function is not constant. For example, the average rate of change of the function f(x) = x2 from x = −1 to x = 1 is 0. | For example, the average rate of change of the function f(x) = x2 from x = −1 to x = 1 is 0.",,,,,,,,,,,
15624,MA.912.F.1.5,912,Mathematics (B.E.S.T.),Functions,"Understand, compare and analyze properties of functions.","Compare key features of linear functions each represented algebraically, graphically, in tables or written descriptions.",,State Board Approved,,Clarification 1: Key features are limited to domain; range; intercepts; slope and end behavior.,,,"When describing domain or range, students may assign their constraints to the incorrect variable. | Students may miss the need for compound inequalities when describing domain or range. | Students may confuse a negative rate of change as a lesser rate of change than a positive rate of change while comparing functions. For example, students may think that a slope of –3 is less than a slope of 2 due to comparing integers in prior grades.",,,,,,,,,,,
15625,MA.912.F.1.7,912,Mathematics (B.E.S.T.),Functions,"Understand, compare and analyze properties of functions.","Compare key features of two functions each represented algebraically, graphically, in tables or written descriptions.",,State Board Approved,,"Clarification 1: Key features include domain; range; intercepts; intervals where the function is increasing, decreasing, positive or negative; end behavior and asymptotes.",,,,,,,,,,,,,,
15626,MA.912.F.1.8,912,Mathematics (B.E.S.T.),Functions,"Understand, compare and analyze properties of functions.","Determine whether a linear, quadratic or exponential function best models a given real-world situation.",,State Board Approved,,"Clarification 1: Instruction includes recognizing that linear functions model situations in which a quantity changes by a constant amount per unit interval; that quadratic functions model situations in which a quantity increases to a maximum, then begins to decrease or a quantity decreases to a minimum, then begins to increase; and that exponential functions model situations in which a quantity grows or decays by a constant percent per unit interval. | Clarification 2: Within this benchmark, the expectation is to identify the type of function from a written description or table.",,,"Students may interpret any relationship that increases/decreases at a non-constant rate as being an exponential relationship. Some students may miscalculate first and second differences that deal with negative values, especially if theyperform them mentally. | Some students may miscalculate first and second differences that deal with negative values, especially if theyperform them mentally.",,,,,,,,,,,
15627,MA.912.F.1.9,912,Mathematics (B.E.S.T.),Functions,"Understand, compare and analyze properties of functions.","Determine whether a function is even, odd or neither when represented algebraically, graphically or in a table.",,State Board Approved,,,,,,,,,,,,,,,,
15629,MA.912.F.2.1,912,Mathematics (B.E.S.T.),Functions,Identify and describe the effects of transformations on functions. Create new functions given transformations.,"Identify the effect on the graph or table of a given function after replacing f(x) by f(x)+k,kf(x), f(kx) and f(x+k) for specific values of k.",,State Board Approved,,"Clarification 1: Within the Algebra 1 course, functions are limited to linear, quadratic and absolute value. | Clarification 2: Instruction focuses on including positive and negative values for k.",,,"Similar to writing functions in vertex form, students may confuse effect of the sign of k in f(x + k). Direct these students to examine a graph of the two functions to see that the horizontal shift is opposite of the sign of k. | Vertical stretch/compression can be hard for students to see on linear functions initially and they may interpret stretch/compression as rotation. Introduce the effects of kf(x) and f(kx) by using a quadratic or absolute value function first before analyzing the effect on a linear function. | Students may think that a vertical and horizontal stretch from kf(x) and f(kx) look the same. For linear and quadratic functions, it can help to have a non-zero y-intercept to visualize the difference.",,,,,,,,,,,
15630,MA.912.F.2.2,912,Mathematics (B.E.S.T.),Functions,Identify and describe the effects of transformations on functions. Create new functions given transformations.,Identify the effect on the graph of a given function of two or more transformations defined by adding a real number to the x- or y- values or multiplying the x- or y- values by a real number.,,State Board Approved,,,,,"Similar to writing functions in vertex form, students may confuse effect of the sign of k in f(x + k). Direct these students to examine a graph of the two functions to see that the horizontal shift is opposite of the sign of k. | Students may think that a vertical and horizontal stretch from kf(x) and f(kx) look the same. For linear and quadratic functions, it can help to have a non-zero y-intercept to visualize the difference.",,,,,,,,,,,
15631,MA.912.F.2.3,912,Mathematics (B.E.S.T.),Functions,Identify and describe the effects of transformations on functions. Create new functions given transformations.,"Given the graph or table of f(x) and the graph or table of f(x)+k,kf(x), f(kx) and f(x+k), state the type of transformation and find the value of the real number k.",,State Board Approved,,"Clarification 1: Within the Algebra 1 course, functions are limited to linear, quadratic and absolute value.",,,"Some students may have difficulty seeing the impact of a transformation when comparing tables and graphs. In these cases, encourage students to convert the graph to a second table, using the same domain as the first table. This should aid in comparisons. | Similar to writing functions in vertex form, students may confuse effect of the sign of k in f(x + k). Direct these students to examine a graph of the two functions to see that the horizontal shift is opposite of the sign of k. | Vertical stretch/compression can be hard for students to see on linear functions initially and they may interpret stretch/compression as rotation. Introduce the effects of kf(x) and f(kx) by using a quadratic or absolute value function first before analyzing the effect on a linear function. | Students may think that a vertical and horizontal stretch from kf(x) and f(kx) look the same. | For linear and quadratic functions, it can help to have a non-zero y-intercept to visualize the difference.",,,,,,,,,,,
15632,MA.912.F.2.4,912,Mathematics (B.E.S.T.),Functions,Identify and describe the effects of transformations on functions. Create new functions given transformations.,"Given the graph or table of values of two or more transformations of a function, state the type of transformation and find the values of the real number that defines the transformation.",,State Board Approved,,,,,"Some students may have difficulty seeing the impact of a transformation when comparing tables and graphs. In these cases, encourage students to convert the graph to a second table, using the same domain as the first table. This should aid in comparisons (MTR.2.1). | Similar to writing functions in vertex form, students may confuse the effect of the sign of k in (x + k). Direct these students to examine a graph of the two functions to see that the horizontal shift is opposite of the sign of k. | Vertical stretch/compression can be hard for students to see on linear functions initially and they may interpret stretch/compression as rotation. Introduce the effects of k(x) and f(kx) by using a quadratic or absolute value function first before analyzing the effect on a linear function. | Students may think that a vertical and horizontal stretch from k(x) and f(kx) look the same. For linear and quadratic functions, it can help to have a non-zero y-intercept to visualize the difference.",,,,,,,,,,,
15633,MA.912.F.2.5,912,Mathematics (B.E.S.T.),Functions,Identify and describe the effects of transformations on functions. Create new functions given transformations.,"Given a table, equation or graph that represents a function, create a corresponding table, equation or graph of the transformed function defined by adding a real number to the x- or y-values or multiplying the x- or y-values by a real number.",,State Board Approved,,,,,"Some students may have difficulty seeing the impact of a transformation when comparing tables and graphs. In these cases, encourage students to convert the graph to a second table, using the same domain as the first table. This should aid in comparisons (MTR.2.1). | Some students misinterpret how the parameters of the equation of a transformed function are affected by a horizontal translation. This may indicate that students do not understand the relationship between the graph and the equation of the function. For example, a student may think that g(x) = f(x + 1) is a horizontal translation to the right because of the positive addend for x. One potential teaching strategy would be using a graphing utility to graph the function f(x) = (x − C)2 creating C as slider, and then allowing students to explore the translation results as the value of the slider changes. | For example, a student may think that g(x) = f(x + 1) is a horizontal translation to the right because of the positive addend for x. One potential teaching strategy would be using a graphing utility to graph the function f(x) = (x − C)2 creating C as slider, and then allowing students to explore the translation results as the value of the slider changes. | (x − C)2 | Some students may have difficulties understanding that multiplying the input of a function by a number greater than 1 will result in a horizontal compression of the graph instead of a stretching. It is important to point out that multiplying the x-value does not change the original value of the input. Because the input is being multiplied by a number greater than 1, a smaller input in the transformed function is needed to obtain the same output from the original function. One potential teaching strategy would be using a graphing utility to graph the function f(x) = (Bx)2 creating B as slider, and then allowing students to explore the stretching/compression results as the value of the slider changes from 0 to 2. Remind students that negative values of B will result in a vertical reflection of the function. | Some students may have difficulties understanding that multiplying the input of a function by a number greater than 1 will result in a horizontal compression of the graph instead of a stretching. It is important to point out that multiplying the x-value does not change the original value of the input. Because the input is being multiplied by a number greater than 1, a smaller input in the transformed function is needed to obtain the same output from the original function. One potential teaching strategy would be using a graphing utility to graph the function f(x) = ( | creating B as slider, and then allowing students to explore the stretching/compression results as the value of the slider changes from 0 to 2. Remind students that negative values of B will result in a vertical reflection of the function.",,,,,,,,,,,
15635,MA.912.F.3.1,912,Mathematics (B.E.S.T.),Functions,Create new functions from existing functions.,"Given a mathematical or real-world context, combine two functions, limited to linear and quadratic, using arithmetic operations. When appropriate, include domain restrictions for the new function.",,State Board Approved,,"Clarification 1: Instruction includes representing domain restrictions with inequality notation, interval notation or set-builder notation. | Clarification 2: Within the Algebra 1 Honors course, notations for domain and range are limited to inequality and set-builder.",,,,,,,,,,,,,,
15636,MA.912.F.3.2,912,Mathematics (B.E.S.T.),Functions,Create new functions from existing functions.,"Given a mathematical or real-world context, combine two or more functions, limited to linear, quadratic, exponential and polynomial, using arithmetic operations. When appropriate, include domain restrictions for the new function.",,State Board Approved,,"Clarification 1: Instruction includes representing domain restrictions with inequality notation, interval notation or set-builder notation. | Clarification 2: Within the Mathematics for Data and Financial Literacy course, problem types focus on money and business.",,,"When multiplying and dividing functions students may struggle working with exponents, remind students of the multiplication and division properties of exponents, include negative exponents. | When finding the domain of the new function, students find the union of the domains instead of the intersection. Emphasize that they need to find what the domains have in common. | When finding the domain of fg students forget to identify the restrictions on the domain. Remind students that they always need to find the values that make g(x) = 0 and exclude them from the domain of fg.",,,,,,,,,,,
15637,MA.912.F.3.3,912,Mathematics (B.E.S.T.),Functions,Create new functions from existing functions.,Solve mathematical and real-world problems involving functions that have been combined using arithmetic operations.,,State Board Approved,,,,,,,,,,,,,,,,
15638,MA.912.F.3.4,912,Mathematics (B.E.S.T.),Functions,Create new functions from existing functions.,Represent the composition of two functions algebraically or in a table. Determine the domain and range of the composite function.,,State Board Approved,,,,,"Students sometimes believe that variables represent just a fixed number, so they struggle understanding that a variable can also represent a function. | Students struggle evaluating functions for numerical inputs, so it is more difficult for them evaluating for inputs that are functions. | Students may not understand the function notation for composition thinking that f(g(x)) means to multiply function g by function f. | Students confuse the composition (f° g) with the product (f · g). Emphasize that the composition means “evaluate g at x, then evaluate f at the result g(x).” | Some students might thing that (f ° g) is the same as (g ° f). Emphasize that composition is not commutative. | When finding the domain of a composite function, sometimes students find the union of the domains instead of the intersection. Emphasize that they need to find what the domains have in common, the intersection. Also, students sometimes forget to include the restrictions on the domain of the inner function on the domain of the composite function. Remind them to use the most restrictive domain.",,,,,,,,,,,
15639,MA.912.F.3.5,912,Mathematics (B.E.S.T.),Functions,Create new functions from existing functions.,Solve mathematical and real-world problems involving composite functions.,,State Board Approved,,,,,,,,,,,,,,,,
15640,MA.912.F.3.6,912,Mathematics (B.E.S.T.),Functions,Create new functions from existing functions.,"Determine whether an inverse function exists by analyzing tables, graphs and equations.",,State Board Approved,,,,,Students may confuse the horizontal line test (used to determine if the function has an inverse) with the vertical line test which determines if the graph represents a function. | Students may not understand how to transpose the input and output values in a table to determine the inverse of a function. | Students may not understand that it is possible for a function to have an inverse that may not be a function.,,,,,,,,,,,
15641,MA.912.F.3.7,912,Mathematics (B.E.S.T.),Functions,Create new functions from existing functions.,"Represent the inverse of a function algebraically, graphically or in a table. Use composition of functions to verify that one function is the inverse of the other.",,State Board Approved,,Clarification 1: Instruction includes the understanding that a logarithmic function is the inverse of an exponential function.,,,"Students may think that they should get a numerical value (most commonly zero or 1) for their solution when composing the two functions in order for the functions to be inverses, rather than getting the solution “x.” | Students may not understand how the graphs of inverse functions will reflect over the line y = x. Students may not realize that it has to reflect over the line y = x rather than just be a reflection over any line. | Students may not understand how to look for patterns in the table that will justify that a function is an inverse of their given function.",,,,,,,,,,,
15642,MA.912.F.3.8,912,Mathematics (B.E.S.T.),Functions,Create new functions from existing functions.,Produce an invertible function from a non-invertible function by restricting the domain.,,State Board Approved,,,,,,,,,,,,,,,,
15643,MA.912.F.3.9,912,Mathematics (B.E.S.T.),Functions,Create new functions from existing functions.,Solve mathematical and real-world problems involving inverse functions.,,State Board Approved,,,,,,,,,,,,,,,,
15644,MA.912.FL.1.1,912,Mathematics (B.E.S.T.),Financial Literacy,Build mathematical foundations for financial literacy.,"Extend previous knowledge of operations of fractions, percentages and decimals to solve real-world problems involving money and business.",,State Board Approved,,"Clarification 1: Problems include discounts, markups, simple interest, tax, tips, fees, percent increase, percent decrease and percent error.",,,"Students may incorrectly truncate repeating decimals when problem solving. | Students may incorrectly divide when the quotient is not a whole number. For example, students may use the remainder of a problem as a decimal representation. | For example, students may use the remainder of a problem as a decimal representation. | Students may incorrectly place the decimal point when calculating with percentages. If students have discovered the shortcut of moving the decimal point twice, instruction includes understanding of how a percent relates to fractions and decimals. | Students may incorrectly place the decimal point when calculating with percentages. If students have discovered the shortcut of moving the decimal point twice, instruction includes understanding of how a percent relates to fractions and decimals. | Students may forget to change the percent amount into decimal form (divide the percent by 100) when setting up an equation (MTR.3.1). | Students may forget to change the percent amount into decimal form (divide the percent by 100) when setting up an equation (MTR.3.1). | Students may incorrectly believe all percentages must be between 1 and 100%. To address this misconception, provide examples of percentages below 1% and over 100%. | Students may incorrectly believe all percentages must be between 1 and 100%. To address this misconception, provide examples of percentages below 1% and over 100%. | Students may incorrectly believe a percent containing a decimal is already in decimal form. For example, emphasize that 43.5% is 43.5 out of 100 and dividing by 100 will provide the decimal form. | Students may incorrectly believe a percent containing a decimal is already in decimal form. | For example, emphasize that 43.5% is 43.5 out of 100 and dividing by 100 will provide the decimal form. | For example, emphasize that 43.5% is 43.5 out of 100 and dividing by 100 will provide the decimal form. | In multiple discount problems, students may incorrectly combine the discounts instead of working them sequentially (MTR.5.1). For example, 25% off, then 10% off could incorrectly lead to 35% off rather than finding 25% off before calculating the additional 10% off. | In multiple discount problems, students may incorrectly combine the discounts instead of working them sequentially (MTR.5.1). | For example, 25% off, then 10% off could incorrectly lead to 35% off rather than finding 25% off before calculating the additional 10% off. | For example, 25% off, then 10% off could incorrectly lead to 35% off rather than finding 25% off before calculating the additional 10% off.",,,,,,,,,,,
15645,MA.912.FL.1.2,912,Mathematics (B.E.S.T.),Financial Literacy,Build mathematical foundations for financial literacy.,Extend previous knowledge of ratios and proportional relationships to solve real-world problems involving money and business.,,State Board Approved,,,,,"Students may not understand the difference between an additive comparison and a multiplicative comparison. To help address this misconception, instruction includes the understanding that proportions are multiplicative comparisons. | Students may incorrectly set up proportions with one of the ratios having incorrect numbers in the numerator and denominator. | Students may need information to clarify flat tax rates versus other tax rates. When working with students related to business and taxes in this benchmark include discussions on flat tax rates.",,,,,,,,,,,
15646,MA.912.FL.1.3,912,Mathematics (B.E.S.T.),Financial Literacy,Build mathematical foundations for financial literacy.,Solve real-world problems involving weighted averages using spreadsheets and other technology.,,State Board Approved,,,,,Students may find the average versus the weighted average. | Students may need support in understanding the varying weights for items in the data set. | Students may incorrectly identify the cell ranges when using the spreadsheet to calculate the weighted average.,,,,,,,,,,,
15650,MA.912.FL.3.1,912,Mathematics (B.E.S.T.),Financial Literacy,Describe the advantages and disadvantages of short-term and long-term purchases.,"Compare simple, compound and continuously compounded interest over time.",,State Board Approved,,Clarification 1: Instruction includes taking into consideration the annual percentage rate (APR) when comparing simple and compound interest.,,,"Many institutions advertise investments by using the annual percentage yield (APY) rather than the annual percentage rate (APR) since it is greater for investments that compound multiple times annually. Students should be careful when analyzing investments to see which percentage is being advertised. | For simple interest scenarios, students may forget to add the principal to the interest they calculate using the simple interest formula when calculating the total amount of an investment over time. | For compound interest scenarios, students may forget to subtract the principal from the total amount they calculate using a compound interest formula when calculating the total interest earned over time. | Students may confuse the compounding period variable with time variable. | Students may assume continuously compounding accounts will have a substantially larger returns, when in fact, the difference in the total interest earned through continuous compounding is not very high when compared to traditional compounding periods. | Students may incorrectly use the rate. For example, students may be given the rate of 4.2% and they use 4.2 instead of 0.042. To address this misconception, students should use multiple representations of percentages. | For example, students may be given the rate of 4.2% and they use 4.2 instead of 0.042. To address this misconception, students should use multiple representations of percentages.",,,,,,,,,,,
15651,MA.912.FL.3.2,912,Mathematics (B.E.S.T.),Financial Literacy,Describe the advantages and disadvantages of short-term and long-term purchases.,"Solve real-world problems involving simple, compound and continuously compounded interest.",,State Board Approved,,"Clarification 1: Within the Algebra 1 course, interest is limited to simple and compound.",,,"Some problems related to this standard may ask students for the interest earned over a period of time; while others may ask for the account balance or total value of the investment over a period of time. Some students may miss this distinction and may always calculate total interest for simple interest problems and total value for compound interest problems. | Students may confuse the frequencies of interest being compounded. | When forming interest equations, students sometimes forget to convert the interest rate from a percent value to a decimal value before substituting it into the formula.",,,,,,,,,,,
15652,MA.912.FL.3.3,912,Mathematics (B.E.S.T.),Financial Literacy,Describe the advantages and disadvantages of short-term and long-term purchases.,Solve real-world problems involving present value and future value of money,,State Board Approved,,,,,The formula for periodic investments is complex. Students should solve portions of the formula over several steps to ensure accurate calculations. Recording these steps in writing can help identify errors for miscalculations.,,,,,,,,,,,
15653,MA.912.FL.3.4,912,Mathematics (B.E.S.T.),Financial Literacy,Describe the advantages and disadvantages of short-term and long-term purchases.,Explain the relationship between simple interest and linear growth. Explain the relationship between compound interest and exponential growth and the relationship between continuously compounded interest and exponential growth.,,State Board Approved,,"Clarification 1: Within the Algebra 1 course, exponential growth is limited to compound interest.",,,"When forming compound interest equations, students sometimes forget to convert the interest rate from a percent value to a decimal value before substituting it into the formula.",,,,,,,,,,,
15654,MA.912.FL.3.5,912,Mathematics (B.E.S.T.),Financial Literacy,Describe the advantages and disadvantages of short-term and long-term purchases.,Compare the advantages and disadvantages of using cash versus personal financing options.,,State Board Approved,,"Clarification 1: Instruction includes advantages and disadvantages for a business and for an individual. | Clarification 2: Personal financing options include debit cards, credit cards, installment plans and loans.",,,"Depending on the terms of a loan or credit card, students may need to convert the APR into a monthly or daily interest rate. Be sure to have students double check the terms of the finance option before beginning calculations.",,,,,,,,,,,
15655,MA.912.FL.3.6,912,Mathematics (B.E.S.T.),Financial Literacy,Describe the advantages and disadvantages of short-term and long-term purchases.,"Calculate the finance charges and total amount due on a bill using various forms of credit using estimation, spreadsheets and other technology.",,State Board Approved,,Clarification 1: Instruction includes how annual percentage rate (APR) and periodic rate are calculated per month and the connection between the two percentages.,,,"Given the complexity of the formulas used in this benchmark, be sure to calculate one example by hand and by technology to confirm any formulas entered into spreadsheet technology are calculating correctly.",,,,,,,,,,,
15656,MA.912.FL.3.7,912,Mathematics (B.E.S.T.),Financial Literacy,Describe the advantages and disadvantages of short-term and long-term purchases.,Compare the advantages and disadvantages of different types of student loans by manipulating a variety of variables and calculating the total cost using spreadsheets and other technology.,,State Board Approved,,"Clarification 1: Instruction includes students researching the latest information on different student loan options. | Clarification 2: Instruction includes comparing subsidized (Stafford), unsubsidized, direct unsubsidized and PLUS loans. | Clarification 3: Instruction includes considering different repayment plans, including deferred payments and forbearance. | Clarification 4: Instruction includes how interest on student loans may affect one’s income taxes.",,,Students may think that interest does not accrue for unsubsidized loans during the grace period. | Students may forget to capitalize grace period interest when calculating monthly payments for unsubsidized loans.,,,,,,,,,,,
15657,MA.912.FL.3.8,912,Mathematics (B.E.S.T.),Financial Literacy,Describe the advantages and disadvantages of short-term and long-term purchases.,"Calculate using spreadsheets and other technology the total cost of purchasing consumer durables over time given different monthly payments, down payments, financing options and fees.",,State Board Approved,,,,,"Students may miss that many finance options back charge interest for the full beginning principle, even if some of the principle has been paid off during an “interest free” period. | Students may not use periodic interest in their calculations and may use the APR.",,,,,,,,,,,
15658,MA.912.FL.3.9,912,Mathematics (B.E.S.T.),Financial Literacy,Describe the advantages and disadvantages of short-term and long-term purchases.,Compare the advantages and disadvantages of different types of mortgage loans by manipulating a variety of variables and calculating fees and total cost using spreadsheets and other technology.,,State Board Approved,,"Clarification 1: Instruction includes understanding various considerations that qualify a buyer for a loan, such as Debt-to-Income ratio. | Clarification 2: Fees include discount prices, origination fee, maximum brokerage fee on a net or gross loan, documentary stamps and prorated expenses. | Clarification 3: Instruction includes a cost comparison between a higher interest rate and fewer mortgage points versus a lower interest rate and more mortgage points. | Clarification 4: Instruction includes a cost comparison between the length of the mortgage loan, such as 30-year versus 15-year. | Clarification 5: Instruction includes adjustable rate loans, tax implications and equity for mortgages.",,,"Students may not consider homeowner’s insurance, property taxes or Private Mortgage Insurance (if making a down payment less that 20%) when considering how much of a mortgage they can afford for a given budget. | Students may not consider that both front-end and back-end ratios are considered by lenders. Budgets that have too large of a back-end ratio will not be eligible for many loans even if the front-end ratio is under 28%. | If considering an ARM, student may assume the adjustment index rate will remain constant over time. Heavy research should be done on the historical fluctuation of adjustment index rates before assuming the risk of an ARM.",,,,,,,,,,,
15659,MA.912.FL.3.10,912,Mathematics (B.E.S.T.),Financial Literacy,Describe the advantages and disadvantages of short-term and long-term purchases.,"Analyze credit scores qualitatively. Explain how short-term and long-term purchases, including deferred payments, may increase or decrease credit scores. Explain how credit scores influence buying power.",,State Board Approved,,"Clarification 1: Instruction includes how each of the following categories affects a credit score: past payment history, amount of debt, public records information, length of credit history and the number of recent credit inquiries. | Clarification 2: Instruction includes how a credit score affects qualification and interest rate for a home mortgage.",,,"Students may assume that each category of a credit score calculation works independently of the others and seek to positively impact one category without considering the impact on other categories. For example, opening a new line of credit could increase the Types of Credit category but it also lowers your average credit history across your accounts and increases the amount of total debt. Students should consider the impact of decisions across all 5 categories when making financial decisions. | For example, opening a new line of credit could increase the Types of Credit category but it also lowers your average credit history across your accounts and increases the amount of total debt. Students should consider the impact of decisions across all 5 categories when making financial decisions.",,,,,,,,,,,
15660,MA.912.FL.3.11,912,Mathematics (B.E.S.T.),Financial Literacy,Describe the advantages and disadvantages of short-term and long-term purchases.,"Given a real-world scenario, establish a plan to pay off debt.",,State Board Approved,,Clarification 1: Instruction includes the comparison of different plans to pay off the debt. | Clarification 2: Instruction includes pay off plans for a business and for an individual.,,,"Given the complexity of the formulas used in this benchmark, be sure to calculate one example by hand and by technology to confirm any formulas entered into spreadsheet technology are calculating correctly. | When using spreadsheet technology for analysis, multiple problems can develop as students create and enter formulas for calculations. Write sample formula entries (i.e., the credit card payoff formula=(4500∗(0.18/12))/(1−(1+(0.18/12))^(−12∗3)) on the board for them to emulate to help prevent this. Note that many programs require a ∗ symbol to denote multiplication. Placing two variable (or cells) side by side may generate a REF error.",,,,,,,,,,,
15661,MA.912.FL.3.12,912,Mathematics (B.E.S.T.),Financial Literacy,Describe the advantages and disadvantages of short-term and long-term purchases.,"Given fixed costs, per item costs and selling price, determine the break-even point for sales volume.",,State Board Approved,,,,,,,,,,,,,,,,
15662,MA.912.FL.4.1,912,Mathematics (B.E.S.T.),Financial Literacy,"Describe the advantages and disadvantages of financial and investment plans, including insurances.","Calculate and compare various options, deductibles and fees for various types of insurance policies using spreadsheets and other technology.",,State Board Approved,,"Clarification 1: Insurances include medical, car, homeowners, life and rental car. | Clarification 2: Instruction includes types of insurance for a business and for an individual.",,,"When comparing different insurances premiums, look for students who may select one as more financially beneficial without considering the deductible. | When deciding which car insurance premiums, look for students who may select a premium that will not cover what they need based on different scenarios. | When analyzing premiums and coverages, look for students who do not consider all the coverages and may select a cheaper option. Help students understand the importance of truly getting the coverage needed for life circumstances. | Previously students have used spreadsheets and other technology to help calculate math problems, look for students who may input the information incorrectly into the spreadsheet and/or technology.",,,,,,,,,,,
15663,MA.912.FL.4.2,912,Mathematics (B.E.S.T.),Financial Literacy,"Describe the advantages and disadvantages of financial and investment plans, including insurances.",Compare the advantages and disadvantages for adding on a one-time warranty to a purchase using spreadsheets and other technology.,,State Board Approved,,"Clarification 1: Warranties include protection plans from stores, car warranty and home protection plans. | Clarification 2: Instruction includes types of warranties for a business and for an individual. | Clarification 3: Instruction includes taking into consideration the risk of utilizing or not utilizing a one-time warranty on one or multiple purchases.",,,"When comparing the different warranties, look for students who may select one as more or less advantageous based on the stipulations and items. | Previously students have used spreadsheets and other technology to help calculate math problems, look for students who may input the information incorrectly into the spreadsheet and/or technology.",,,,,,,,,,,
15664,MA.912.FL.4.3,912,Mathematics (B.E.S.T.),Financial Literacy,"Describe the advantages and disadvantages of financial and investment plans, including insurances.",Compare the advantages and disadvantages of various retirement savings plans using spreadsheets and other technology.,,State Board Approved,,Clarification 1: Instruction includes weighing options based on salary and retirement plans from different potential employers. | Clarification 2: Instruction includes understanding the need to build one’s own retirement plan when starting a business.,,,"Students may misinterpret the information and determine that one employer is a better option; however, in the long run one would have to work longer. | Students may input data incorrectly into the spreadsheet and not see the overall contributions to a retirement account.",,,,,,,,,,,
15665,MA.912.FL.4.4,912,Mathematics (B.E.S.T.),Financial Literacy,"Describe the advantages and disadvantages of financial and investment plans, including insurances.","Collect, organize and interpret data to determine an effective retirement savings plan to meet personal financial goals using spreadsheets and other technology.",,State Board Approved,,"Clarification 1: Instruction includes students researching the latest information on different retirement options. | Clarification 2: Instruction includes the understanding of the relationship between salaries and retirement plans. | Clarification 3: Instruction includes retirement plans from the perspective of a business and of an individual. | Clarification 4: Instruction includes the comparison of different types of retirement plans, including IRAs, pensions and annuities.",,,Students may misinterpret the information provided and determine a retirement plan that is not the most advantageous for employees. | Students may not input the formulas into the spreadsheet correctly and generate an incorrect amount when analyzing the different plans.,,,,,,,,,,,
15666,MA.912.FL.4.5,912,Mathematics (B.E.S.T.),Financial Literacy,"Describe the advantages and disadvantages of financial and investment plans, including insurances.",Compare different ways that portfolios can be diversified in investments.,,State Board Approved,,Clarification 1: Instruction includes diversifying a portfolio with different types of stock and diversifying a portfolio by including both stocks and bonds.,,,Students may not diversify their portfolio to have a balance of both stocks and bonds. Be cautious of students who may only include all stocks or all bonds. It is important for students to understand risks associated with stocks.,,,,,,,,,,,
15667,MA.912.FL.4.6,912,Mathematics (B.E.S.T.),Financial Literacy,"Describe the advantages and disadvantages of financial and investment plans, including insurances.","Simulate the purchase of a stock portfolio with a set amount of money, and evaluate its worth over time considering gains, losses and selling, taking into account any associated fees.",,State Board Approved,,,,,Students may not make the best decisions when diversifying simulated portfolio. | Students may incorrectly calculate their gains and/or losses based on when the stock is bought or traded. | Students may buy or sell their stock and/or bond at a time that is not beneficial. | Students may not include dividends when it is offered by the company. Remind students to research this as part of their development of their portfolio.,,,,,,,,,,,
15676,MA.912.GR.1.1,912,Mathematics (B.E.S.T.),Geometric Reasoning,Prove and apply geometric theorems to solve problems.,"Prove relationships and theorems about lines and angles. Solve mathematical and real-world problems involving postulates, relationships and theorems of lines and angles.",,State Board Approved,,"Clarification 1: Postulates, relationships and theorems include vertical angles are congruent; when a transversal crosses parallel lines, the consecutive angles are supplementary and alternate (interior and exterior) angles and corresponding angles are congruent; points on a perpendicular bisector of a line segment are exactly those equidistant from the segment’s endpoints. | Clarification 2: Instruction includes constructing two-column proofs, pictorial proofs, paragraph and narrative proofs, flow chart proofs or informal proofs. | Clarification 3: Instruction focuses on helping a student choose a method they can use reliably.",,,"Students may misuse the terms corresponding, alternate interior, and alternate exterior as synonyms of congruent. Similarly, students may misuse same-side interior and same-side exterior (consecutive interior and consecutive exterior) to imply the angles must be supplementary.",,,,,,,,,,,
15677,MA.912.GR.1.2,912,Mathematics (B.E.S.T.),Geometric Reasoning,Prove and apply geometric theorems to solve problems.,"Prove triangle congruence or similarity using Side-Side-Side, Side-Angle-Side, Angle-Side-Angle, Angle-Angle-Side, Angle-Angle and Hypotenuse-Leg.",,State Board Approved,,"Clarification 1: Instruction includes constructing two-column proofs, pictorial proofs, paragraph and narrative proofs, flow chart proofs or informal proofs. | Clarification 2: Instruction focuses on helping a student choose a method they can use reliably.",,,"Students may confuse the congruence and similarity versions of the Side-Side-Side and Side-Angle-Side criteria. To address this misconception, provide students with counterexamples and opportunities to discuss the difference. | Students may try to use Angle-Angle, Angle-Angle-Angle or Side-Side-Angle to prove congruence",,,,,,,,,,,
15678,MA.912.GR.1.3,912,Mathematics (B.E.S.T.),Geometric Reasoning,Prove and apply geometric theorems to solve problems.,"Prove relationships and theorems about triangles. Solve mathematical and real-world problems involving postulates, relationships and theorems of triangles.",,State Board Approved,,"Clarification 1: Postulates, relationships and theorems include measures of interior angles of a triangle sum to 180°; measures of a set of exterior angles of a triangle sum to 360°; triangle inequality theorem; base angles of isosceles triangles are congruent; the segment joining midpoints of two sides of a triangle is parallel to the third side and half the length; the medians of a triangle meet at a point. | Clarification 3: Instruction focuses on helping a student choose a method they can use reliably.",,,Students may misidentify an exterior angle as the one resulting from extending two sides of a triangle at the same vertex.,,,,,,,,,,,
15679,MA.912.GR.1.4,912,Mathematics (B.E.S.T.),Geometric Reasoning,Prove and apply geometric theorems to solve problems.,"Prove relationships and theorems about parallelograms. Solve mathematical and real-world problems involving postulates, relationships and theorems of parallelograms.",,State Board Approved,,"Clarification 1: Postulates, relationships and theorems include opposite sides are congruent, consecutive angles are supplementary, opposite angles are congruent, the diagonals of a parallelogram bisect each other, and rectangles are parallelograms with congruent diagonals. | Clarification 2: Instruction includes constructing two-column proofs, pictorial proofs, paragraph and narrative proofs, flow chart proofs or informal proofs. | Clarification 3: Instruction focuses on helping a student choose a method they can use reliably.",,,"Students may think of squares, parallelograms, rectangles and rhombi as being exclusive to each other. A square is a rectangle and a rhombus. | Students may think that parallelograms are not trapezoids. The K-12 Mathematics Glossary defines trapezoids as quadrilaterals with at least one pair of parallel sides. Therefore, all parallelograms are trapezoids.",,,,,,,,,,,
15680,MA.912.GR.1.5,912,Mathematics (B.E.S.T.),Geometric Reasoning,Prove and apply geometric theorems to solve problems.,"Prove relationships and theorems about trapezoids. Solve mathematical and real-world problems involving postulates, relationships and theorems of trapezoids.",,State Board Approved,,"Clarification 1: Postulates, relationships and theorems include the Trapezoid Midsegment Theorem and for isosceles trapezoids: base angles are congruent, opposite angles are supplementary and diagonals are congruent. | Clarification 2: Instruction includes constructing two-column proofs, pictorial proofs, paragraph and narrative proofs, flow chart proofs or informal proofs. | Clarification 3: Instruction focuses on helping a student choose a method they can use reliably.",,,Students may assume that all trapezoids are isosceles trapezoids. | Students may misidentify parallelograms as quadrilaterals that are not trapezoids.,,,,,,,,,,,
15681,MA.912.GR.1.6,912,Mathematics (B.E.S.T.),Geometric Reasoning,Prove and apply geometric theorems to solve problems.,Solve mathematical and real-world problems involving congruence or similarity in two-dimensional figures.,,State Board Approved,,Clarification 1: Instruction includes demonstrating that two-dimensional figures are congruent or similar based on given information.,,,"Students may set up a proportion incorrectly. If the proportion is a b = c d , a common mistake is to write a b = d c . | Students may set up a proportion incorrectly when having two similar triangles with a common angle. For example, in the image it is true that c g = b h, but it is not that c f = g a . | For example, in the image it is true that c g = b h, but it is not that c f = g a . | Students may assume two polygons, with 4 sides or more, are congruent or similar when their sides are congruent or in proportion. This is not enough to prove congruence or similarity in polygons with 4 sides or more. It is also necessary to prove corresponding angles are congruent. For example, the following quadrilaterals have proportional sides, but they are not similar. | For example, the following quadrilaterals have proportional sides, but they are not similar.",,,,,,,,,,,
15682,MA.912.GR.2.1,912,Mathematics (B.E.S.T.),Geometric Reasoning,Apply properties of transformations to describe congruence or similarity.,"Given a preimage and image, describe the transformation and represent the transformation algebraically using coordinates.",,State Board Approved,,"Clarification 1: Instruction includes the connection of transformations to functions that take points in the plane as inputs and give other points in the plane as outputs. | Clarification 2: Transformations include translations, dilations, rotations and reflections described using words or using coordinates. | Clarification 3: Within the Geometry course, rotations are limited to 90°, 180° and 270° counterclockwise or clockwise about the center of rotation, and the centers of rotations and dilations are limited to the origin or a point on the figure.",,,"Students may assume that in a rotation about a point, a figure turns around like a gondola on a Ferris Wheel, instead of changing its orientation along the rotation. | Student may misidentify the direction of a rotation given the words clockwise and counterclockwise.",,,,,,,,,,,
15683,MA.912.GR.2.2,912,Mathematics (B.E.S.T.),Geometric Reasoning,Apply properties of transformations to describe congruence or similarity.,Identify transformations that do or do not preserve distance.,,State Board Approved,,"Clarification 1: Transformations include translations, dilations, rotations and reflections described using words or using coordinates. | Clarification 2: Instruction includes recognizing that these transformations preserve angle measure.",,,"Students may incorrectly assume that dilations change angle measures. | Students may assume that dilations only occur in either the x-direction or the y-direction based on knowledge of function transformations. | Students may assume that every non-rigid motion preserves angle measures since the only non-rigid motions in the benchmark are dilations, which do preserve angle measures. But many non-rigid motions preserve neither length nor angle measure.",,,,,,,,,,,
15684,MA.912.GR.2.3,912,Mathematics (B.E.S.T.),Geometric Reasoning,Apply properties of transformations to describe congruence or similarity.,Identify a sequence of transformations that will map a given figure onto itself or onto another congruent or similar figure.,,State Board Approved,,"Clarification 1: Transformations include translations, dilations, rotations and reflections described using words or using coordinates. | Clarification 2: Within the Geometry course, figures are limited to triangles and quadrilaterals and rotations are limited to 90°, 180° and 270° counterclockwise or clockwise about the center of rotation. | Clarification 3: Instruction includes the understanding that when a figure is mapped onto itself using a reflection, it occurs over a line of symmetry.",,,"Students may believe there is only one sequence that will lead to the image. Instead, students should explore the fact that multiple sequences will result in the same image.",,,,,,,,,,,
15685,MA.912.GR.2.4,912,Mathematics (B.E.S.T.),Geometric Reasoning,Apply properties of transformations to describe congruence or similarity.,"Determine symmetries of reflection, symmetries of rotation and symmetries of translation of a geometric figure.",,State Board Approved,,Clarification 1: Instruction includes determining the order of each symmetry. | Clarification 2: Instruction includes the connection between tessellations of the plane and symmetries of translations.,,,"Students may not make the connections to the idea of an infinite pattern (wallpaper pattern, border pattern, etc.) when working with only a portion of that pattern. If students arrive at an order for a translational symmetry that is not infinite, ask them if their answer would be different if the pattern continued. | Students may have difficulty distinguishing between mapping a figure onto itself and mapping every point of the figure onto itself. To help address this misconception, have students highlight a particular point and observe how it is affected by one application of a transformation that maps the figure onto itself.",,,,,,,,,,,
15686,MA.912.GR.2.5,912,Mathematics (B.E.S.T.),Geometric Reasoning,Apply properties of transformations to describe congruence or similarity.,"Given a geometric figure and a sequence of transformations, draw the transformed figure on a coordinate plane.",,State Board Approved,,"Clarification 1: Transformations include translations, dilations, rotations and reflections described using words or using coordinates. | Clarification 2: Instruction includes two or more transformations.",,,Students may think order of transformations doesn’t matter.,,,,,,,,,,,
15687,MA.912.GR.2.6,912,Mathematics (B.E.S.T.),Geometric Reasoning,Apply properties of transformations to describe congruence or similarity.,Apply rigid transformations to map one figure onto another to justify that the two figures are congruent.,,State Board Approved,,Clarification 1: Instruction includes showing that the corresponding sides and the corresponding angles are congruent.,,,Students may have trouble seeing congruence when a reflection is needed because they limit their thinking to sliding a figure around without turning it over.,,,,,,,,,,,
15688,MA.912.GR.2.7,912,Mathematics (B.E.S.T.),Geometric Reasoning,Apply properties of transformations to describe congruence or similarity.,Justify the criteria for triangle congruence using the definition of congruence in terms of rigid transformations.,,State Board Approved,,,,,"Students may have difficulty understanding the value of having two different, equivalent approaches to proving congruence and similarity. Discuss how approaching a situation in different ways deepens understanding. (MTR.2.1)",,,,,,,,,,,
15689,MA.912.GR.2.8,912,Mathematics (B.E.S.T.),Geometric Reasoning,Apply properties of transformations to describe congruence or similarity.,Apply an appropriate transformation to map one figure onto another to justify that the two figures are similar.,,State Board Approved,,"Clarification 1: Instruction includes showing that the corresponding sides are proportional, and the corresponding angles are congruent.",,,"When determining the scale factor of a dilation, students may misidentify the preimage and image, leading to an incorrect scale factor.",,,,,,,,,,,
15690,MA.912.GR.3.1,912,Mathematics (B.E.S.T.),Geometric Reasoning,Use coordinate geometry to solve problems or prove relationships.,Determine the weighted average of two or more points on a line.,,State Board Approved,,Clarification 1: Instruction includes using a number line and determining how changing the weights moves the weighted average of points on the number line.,,,"Students may associate the larger weight to the longer segment when visualizing the problem. | Students may multiply by the weights of the people, or things, instead of multiplying by the weights that lead to the weighted average, which must add up to 1. To help address this misconception, as in the teeter totter example above, students should realize that if they multiply by the weights of the people, then they would need to divide by the sum of the weights of the people.",,,,,,,,,,,
15691,MA.912.GR.3.2,912,Mathematics (B.E.S.T.),Geometric Reasoning,Use coordinate geometry to solve problems or prove relationships.,"Given a mathematical context, use coordinate geometry to classify or justify definitions, properties and theorems involving circles, triangles or quadrilaterals.",,State Board Approved,,"Clarification 1: Instruction includes using the distance or midpoint formulas and knowledge of slope to classify or justify definitions, properties and theorems.",,,Students may use imprecise methods or incomplete definitions to classify figures.,,,,,,,,,,,
15692,MA.912.GR.3.3,912,Mathematics (B.E.S.T.),Geometric Reasoning,Use coordinate geometry to solve problems or prove relationships.,"Use coordinate geometry to solve mathematical and real-world geometric problems involving lines, circles, triangles and quadrilaterals.",,State Board Approved,,Clarification 1: Problems involving lines include the coordinates of a point on a line segment including the midpoint. | Clarification 2: Problems involving circles include determining points on a given circle and finding tangent lines. | Clarification 3: Problems involving triangles include median and centroid. | Clarification 4: Problems involving quadrilaterals include using parallel and perpendicular slope criteria.,,,"Students may confuse using vertical and horizontal distances when partitioning segments. | Students may need to be reminded that the segment partition refers to the parts, whose sum is the whole, not a part of a whole. For example, a segment partitioned in a 1:4 ratio is actually 5 parts separated into 1 part and 4 parts, not 1 out of 4 parts. | For example, a segment partitioned in a 1:4 ratio is actually 5 parts separated into 1 part and 4 parts, not 1 out of 4 parts.",,,,,,,,,,,
15693,MA.912.GR.3.4,912,Mathematics (B.E.S.T.),Geometric Reasoning,Use coordinate geometry to solve problems or prove relationships.,Use coordinate geometry to solve mathematical and real-world problems on the coordinate plane involving perimeter or area of polygons.,,State Board Approved,,,,,"Students may confuse the concepts of area and perimeter. | Students may assume that the larger the area a polygon has, the larger its perimeter will be. For example, a rectangle may have an area of 64 square meters and could have a perimeter of 32 meters or any perimeter larger than 32 meters. | For example, a rectangle may have an area of 64 square meters and could have a perimeter of 32 meters or any perimeter larger than 32 meters.",,,,,,,,,,,
15694,MA.912.GR.4.1,912,Mathematics (B.E.S.T.),Geometric Reasoning,Use geometric measurement and dimensions to solve problems.,Identify the shapes of two-dimensional cross-sections of three-dimensional figures.,,State Board Approved,,"Clarification 1: Instruction includes the use of manipulatives and models to visualize cross-sections. | Clarification 2: Instruction focuses on cross-sections of right cylinders, right prisms, right pyramids and right cones that are parallel or perpendicular to the base.",,,"Students may oversimplify when they try to visualize cross-sections. To help address this misconception, use real-world three-dimensional figures to explore their cross-sections, as well as animations. | Students may have difficulty with vertical cross-sections of pyramids and cones. To help address this, utilize manipulatives and physical models within instruction.",,,,,,,,,,,
15695,MA.912.GR.4.2,912,Mathematics (B.E.S.T.),Geometric Reasoning,Use geometric measurement and dimensions to solve problems.,Identify three-dimensional objects generated by rotations of two-dimensional figures.,,State Board Approved,,Clarification 1: The axis of rotation must be within the same plane but outside of the given two-dimensional figure.,,,"Students may oversimplify when they try to visualize these rotations at first. To help address this, have students utilize physical models.",,,,,,,,,,,
15696,MA.912.GR.4.3,912,Mathematics (B.E.S.T.),Geometric Reasoning,Use geometric measurement and dimensions to solve problems.,Extend previous understanding of scale drawings and scale factors to determine how dilations affect the area of two-dimensional figures and the surface area or volume of three-dimensional figures.,,State Board Approved,,,,,"Students may multiply the area, surface area or volume by the scale factor instead of thinking about the multiple dimensions. | Students may believe the scale factor has the same effect on surface area and volume. To help address this, discuss the effects on surface area using two-dimensional nets of simple figures and then compare to the effects on volumes.",,,,,,,,,,,
15697,MA.912.GR.4.4,912,Mathematics (B.E.S.T.),Geometric Reasoning,Use geometric measurement and dimensions to solve problems.,Solve mathematical and real-world problems involving the area of two-dimensional figures.,,State Board Approved,,Clarification 1: Instruction includes concepts of population density based on area.,,,"Students may not be careful with units of measurement involving area, particularly when converting from one unit to another. For example, since there are 100 centimeters in a meter, a student may incorrectly conclude that there are 100 square centimeters in a square meter. | For example, since there are 100 centimeters in a meter, a student may incorrectly conclude that there are 100 square centimeters in a square meter.",,,,,,,,,,,
15698,MA.912.GR.4.5,912,Mathematics (B.E.S.T.),Geometric Reasoning,Use geometric measurement and dimensions to solve problems.,"Solve mathematical and real-world problems involving the volume of three-dimensional figures limited to cylinders, pyramids, prisms, cones and spheres.",,State Board Approved,,"Clarification 1: Instruction includes concepts of density based on volume. | Clarification 2: Instruction includes using Cavalieri’s Principle to give informal arguments about the formulas for the volumes of right and non-right cylinders, pyramids, prisms and cones.",,,"Students may not be careful with units of measurement involving volume, particularly when converting from one unit to another. For example, since there are approximately 25.4 millimeters in an inch, a student may incorrectly conclude that there are 25.4 cubic millimeters in a cubic inch. | For example, since there are approximately 25.4 millimeters in an inch, a student may incorrectly conclude that there are 25.4 cubic millimeters in a cubic inch.",,,,,,,,,,,
15699,MA.912.GR.4.6,912,Mathematics (B.E.S.T.),Geometric Reasoning,Use geometric measurement and dimensions to solve problems.,"Solve mathematical and real-world problems involving the surface area of three-dimensional figures limited to cylinders, pyramids, prisms, cones and spheres.",,State Board Approved,,,,,Students may have trouble working with formulas by making incorrect substitutions or incorrect use of the order of operations.,,,,,,,,,,,
15700,MA.912.GR.5.1,912,Mathematics (B.E.S.T.),Geometric Reasoning,Make formal geometric constructions with a variety of tools and methods.,Construct a copy of a segment or an angle.,,State Board Approved,,"Clarification 1: Instruction includes using compass and straightedge, string, reflective devices, paper folding or dynamic geometric software.",,,"Students may not understand that the size of the angle, “the opening,” is what is being measured when copying an angle. | Students may not understand why they are not using the marking on rulers and protractors to copy segments and angles.",,,,,,,,,,,
15701,MA.912.GR.5.2,912,Mathematics (B.E.S.T.),Geometric Reasoning,Make formal geometric constructions with a variety of tools and methods.,"Construct the bisector of a segment or an angle, including the perpendicular bisector of a line segment.",,State Board Approved,,"Clarification 1: Instruction includes using compass and straightedge, string, reflective devices, paper folding or dynamic geometric software.",,,"Students may not make the connection that any point on the perpendicular bisector is equidistant from the endpoints of the segment, not just the midpoint of the segment. | Students may not understand why they are not using rulers and protractors to bisect segments and angles.",,,,,,,,,,,
15702,MA.912.GR.5.3,912,Mathematics (B.E.S.T.),Geometric Reasoning,Make formal geometric constructions with a variety of tools and methods.,Construct the inscribed and circumscribed circles of a triangle.,,State Board Approved,,"Clarification 1: Instruction includes using compass and straightedge, string, reflective devices, paper folding or dynamic geometric software.",,,"Students may think that the when constructing a circumscribed circle, the center of the circle cannot be outside the triangle.",,,,,,,,,,,
15703,MA.912.GR.5.4,912,Mathematics (B.E.S.T.),Geometric Reasoning,Make formal geometric constructions with a variety of tools and methods.,"Construct a regular polygon inscribed in a circle. Regular polygons are limited to triangles, quadrilaterals and hexagons.",,State Board Approved,,"Clarification 1: When given a circle, the center must be provided. | Clarification 2: Instruction includes using compass and straightedge, string, reflective devices, paper folding or dynamic geometric software.",,,"Students may think or determine that when constructing a regular hexagon, they will not have all equal side lengths. To help address this, reiterate the importance of precision and accuracy when using a compass.",,,,,,,,,,,
15704,MA.912.GR.5.5,912,Mathematics (B.E.S.T.),Geometric Reasoning,Make formal geometric constructions with a variety of tools and methods.,"Given a point outside a circle, construct a line tangent to the circle that passes through the given point.",,State Board Approved,,"Clarification 1: When given a circle, the center must be provided. | Clarification 2: Instruction includes using compass and straightedge, string, reflective devices, paper folding or dynamic geometric software.",,,"Students may try to construct the tangent line by placing a straightedge from the external point to a point where it just touches the circle. To help address this, discuss with students how they could justify whether it will only touch the circle at one point without knowing which point that is.",,,,,,,,,,,
15705,MA.912.GR.6.1,912,Mathematics (B.E.S.T.),Geometric Reasoning,Use properties and theorems related to circles.,"Solve mathematical and real-world problems involving the length of a secant, tangent, segment or chord in a given circle.",,State Board Approved,,Clarification 1: Problems include relationships between two chords; two secants; a secant and a tangent; and the length of the tangent from a point to a circle.,,,Students may confuse the exterior portion of a secant and the whole secant when determining lengths or products of lengths.,,,,,,,,,,,
15706,MA.912.GR.6.2,912,Mathematics (B.E.S.T.),Geometric Reasoning,Use properties and theorems related to circles.,Solve mathematical and real-world problems involving the measures of arcs and related angles.,,State Board Approved,,"Clarification 1: Within the Geometry course, problems are limited to relationships between inscribed angles; central angles; and angles formed by the following intersections: a tangent and a secant through the center, two tangents, and a chord and its perpendicular bisector.",,,"Students may try to apply properties of central angles and their intercepted arcs to inscribed angles and intercepted arcs. | Students may confuse arc measure and arc length, and may try to measure arcs with linear units rather than degrees.",,,,,,,,,,,
15707,MA.912.GR.6.3,912,Mathematics (B.E.S.T.),Geometric Reasoning,Use properties and theorems related to circles.,Solve mathematical problems involving triangles and quadrilaterals inscribed in a circle.,,State Board Approved,,Clarification 1: Instruction includes cases in which a triangle inscribed in a circle has a side that is the diameter.,,,"Students may think that every quadrilateral can be inscribed in a circle. To help address this misconception, have students use a triangle inscribed in a circle to see that there are many places a fourth vertex can be placed to form a quadrilateral that cannot be inscribed in the circle.",,,,,,,,,,,
15708,MA.912.GR.6.4,912,Mathematics (B.E.S.T.),Geometric Reasoning,Use properties and theorems related to circles.,Solve mathematical and real-world problems involving the arc length and area of a sector in a given circle.,,State Board Approved,,"Clarification 1: Instruction focuses on the conceptual understanding that for a given angle measure the length of the intercepted arc is proportional to the radius, and for a given radius the length of the intercepted arc is proportional is the angle measure.",,,"Students may confuse arc measure and arc length, and may try to measure arcs with linear units rather than degrees.",,,,,,,,,,,
15709,MA.912.GR.6.5,912,Mathematics (B.E.S.T.),Geometric Reasoning,Use properties and theorems related to circles.,Apply transformations to prove that all circles are similar.,,State Board Approved,,,,,Students may think that always need a formal proof to prove that all circles are similar.,,,,,,,,,,,
15710,MA.912.GR.7.1,912,Mathematics (B.E.S.T.),Geometric Reasoning,Apply geometric and algebraic representations of conic sections.,"Given a conic section, describe how it can result from the slicing of two cones.",,State Board Approved,,,,,,,,,,,,,,,,
15711,MA.912.GR.7.2,912,Mathematics (B.E.S.T.),Geometric Reasoning,Apply geometric and algebraic representations of conic sections.,"Given a mathematical or real-world context, derive and create the equation of a circle using key features.",,State Board Approved,,"Clarification 1: Instruction includes using the Pythagorean Theorem and completing the square. | Clarification 2: Within the Geometry course, key features are limited to the radius, diameter and the center.",,,"Students may confuse the signs of (h, k) when determining the center of the circle.For example, given the equation (x − 1)2 + (y + 2)2 = 1, the center is (1, −2) and not (−1, 2). • Students may forget to take the square root of the r2 term to determine the radius of the circle. | For example, given the equation (x − 1)2 + (y + 2)2 = 1, the center is (1, −2) and not (−1, 2). • Students may forget to take the square root of the r2 term to determine the radius of the circle.",,,,,,,,,,,
15712,MA.912.GR.7.3,912,Mathematics (B.E.S.T.),Geometric Reasoning,Apply geometric and algebraic representations of conic sections.,Graph and solve mathematical and real-world problems that are modeled with an equation of a circle. Determine and interpret key features in terms of the context.,,State Board Approved,,"Clarification 1: Key features are limited to domain, range, eccentricity, center and radius. | Clarification 2: Instruction includes representing the domain and range with inequality notation, interval notation or set-builder notation. | Clarification 3: Within the Geometry course, notations for domain and range are limited to inequality and set-builder.",,,"Students may try to always plot the center of the circle at the origin, not the actual center of the circle. | Students may confuse the signs of (h, k) when determining the center of the circle. For example, given the equation (x − 1)2 + (y + 2)2 = 1, the center is (1, −2) and not (−1, 2). | For example, given the equation (x − 1)2 + (y + 2)2 = 1, the center is (1, −2) and not (−1, 2). | Students may forget to take the square root of the r2 term to determine the radius of the circle.",,,,,,,,,,,
15713,MA.912.GR.7.4,912,Mathematics (B.E.S.T.),Geometric Reasoning,Apply geometric and algebraic representations of conic sections.,"Given a mathematical or real-world context, derive and create the equation of a parabola using key features.",,State Board Approved,,,,,,,,,,,,,,,,
15714,MA.912.GR.7.5,912,Mathematics (B.E.S.T.),Geometric Reasoning,Apply geometric and algebraic representations of conic sections.,Graph and solve mathematical and real-world problems that are modeled with an equation of a parabola. Determine and interpret key features in terms of the context.,,State Board Approved,,"Clarification 1: Key features are limited to domain, range, eccentricity, intercepts, focus, focal width (latus rectum), vertex and directrix. | Clarification 2: Instruction includes representing the domain and range with inequality notation, interval notation or set-builder notation.",,,,,,,,,,,,,,
15715,MA.912.GR.7.6,912,Mathematics (B.E.S.T.),Geometric Reasoning,Apply geometric and algebraic representations of conic sections.,"Given a mathematical or real-world context, derive and create the equation of an ellipse using key features.",,State Board Approved,,,,,,,,,,,,,,,,
15716,MA.912.GR.7.7,912,Mathematics (B.E.S.T.),Geometric Reasoning,Apply geometric and algebraic representations of conic sections.,Graph and solve mathematical and real-world problems that are modeled with an equation of an ellipse. Determine and interpret key features in terms of the context.,,State Board Approved,,"Clarification 1: Key features are limited to domain, range, eccentricity, center, foci, major axis, minor axis and vertices. | Clarification 2: Instruction includes representing the domain and range with inequality notation, interval notation or set-builder notation.",,,,,,,,,,,,,,
15717,MA.912.GR.7.8,912,Mathematics (B.E.S.T.),Geometric Reasoning,Apply geometric and algebraic representations of conic sections.,"Given a mathematical or real-world context, derive and create the equation of a hyperbola using key features.",,State Board Approved,,,,,,,,,,,,,,,,
15718,MA.912.GR.7.9,912,Mathematics (B.E.S.T.),Geometric Reasoning,Apply geometric and algebraic representations of conic sections.,Graph and solve mathematical and real-world problems that are modeled with an equation of a hyperbola. Determine and interpret key features in terms of the context.,,State Board Approved,,"Clarification 1: Key features are limited to domain, range, eccentricity, center, vertices, foci, transverse axis, conjugate axis, asymptotes and directrices. | Clarification 2: Instruction includes representing the domain and range with inequality notation, interval notation or set-builder notation.",,,,,,,,,,,,,,
15719,MA.912.T.1.1,912,Mathematics (B.E.S.T.),Trigonometry,"Define and use trigonometric ratios, identities or functions to solve problems.",Define trigonometric ratios for acute angles in right triangles.,,State Board Approved,,"Clarification 1: Instruction includes using the Pythagorean Theorem and using similar triangles to demonstrate that trigonometric ratios stay the same for similar right triangles. | Clarification 2: Within the Geometry course, instruction includes using the coordinate plane to make connections to the unit circle. | Clarification 3: Within the Geometry course, trigonometric ratios are limited to sine, cosine and tangent.",,,"Students may misidentify the sides of triangles. For example, students may identify the hypotenuse as being the adjacent leg or confuse the adjacent and opposite sides. | For example, students may identify the hypotenuse as being the adjacent leg or confuse the adjacent and opposite sides.",,,,,,,,,,,
15720,MA.912.T.1.2,912,Mathematics (B.E.S.T.),Trigonometry,"Define and use trigonometric ratios, identities or functions to solve problems.",Solve mathematical and real-world problems involving right triangles using trigonometric ratios and the Pythagorean Theorem.,,State Board Approved,,Clarification 1: Instruction includes procedural fluency with the relationships of side lengths in special right triangles having angle measures of 30°-60°-90° and 45°-45°-90°.,,,"Students may choose the incorrect trigonometric ratio when solving problems. | Students may misidentify the sides of triangles. For example, students may identify the hypotenuse as being the adjacent leg or confuse the adjacent and opposite sides. | For example, students may identify the hypotenuse as being the adjacent leg or confuse the adjacent and opposite sides.",,,,,,,,,,,
15721,MA.912.T.1.3,912,Mathematics (B.E.S.T.),Trigonometry,"Define and use trigonometric ratios, identities or functions to solve problems.",Apply the Law of Sines and the Law of Cosines to solve mathematical and real-world problems involving triangles.,,State Board Approved,,,,,Students may have trouble keeping track of which sides or angles belong in the Laws of Sines and Cosines.,,,,,,,,,,,
15722,MA.912.T.1.4,912,Mathematics (B.E.S.T.),Trigonometry,"Define and use trigonometric ratios, identities or functions to solve problems.",Solve mathematical problems involving finding the area of a triangle given two sides and the included angle.,,State Board Approved,,"Clarification 1: Problems include right triangles, heights inside of a triangle and heights outside of a triangle.",,,Students may misidentify a side as the height of the triangle and attempt to use A = bh2 to find the area. | Students may have difficulty determining the height of an obtuse triangle.,,,,,,,,,,,
15723,MA.912.T.1.5,912,Mathematics (B.E.S.T.),Trigonometry,"Define and use trigonometric ratios, identities or functions to solve problems.",Prove Pythagorean Identities. Apply Pythagorean Identities to calculate trigonometric ratios and to solve problems.,,State Board Approved,,,,,,,,,,,,,,,,
15724,MA.912.T.1.6,912,Mathematics (B.E.S.T.),Trigonometry,"Define and use trigonometric ratios, identities or functions to solve problems.","Prove the Double-Angle, Half-Angle, Angle Sum and Difference formulas for sine, cosine, and tangent. Apply these formulas to solve problems.",,State Board Approved,,,,,,,,,,,,,,,,
15725,MA.912.T.1.7,912,Mathematics (B.E.S.T.),Trigonometry,"Define and use trigonometric ratios, identities or functions to solve problems.",Simplify expressions using trigonometric identities.,,State Board Approved,,"Clarification 1: Identities are limited to Double-Angle, Half-Angle, Angle Sum and Difference, Pythagorean Identities, Sum Identities and Product Identities.",,,,,,,,,,,,,,
15726,MA.912.T.1.8,912,Mathematics (B.E.S.T.),Trigonometry,"Define and use trigonometric ratios, identities or functions to solve problems.",Solve mathematical and real-world problems involving one-variable trigonometric ratios.,,State Board Approved,,,,,,,,,,,,,,,,
15729,MA.912.T.2.5,912,Mathematics (B.E.S.T.),Trigonometry,Extend trigonometric functions to the unit circle.,"Given angles measured in radians or degrees, calculate the values of the six basic trigonometric functions using the unit circle, trigonometric identities or technology.",,State Board Approved,,,,,,,,,,,,,,,,
15732,MA.912.T.3.1,912,Mathematics (B.E.S.T.),Trigonometry,Graph and apply trigonometric relations and functions.,"Given a mathematical or real-world context, choose sine, cosine or tangent trigonometric functions to model periodic phenomena with specified amplitude, frequency, horizontal shift and midline.",,State Board Approved,,,,,,,,,,,,,,,,
15733,MA.912.T.3.2,912,Mathematics (B.E.S.T.),Trigonometry,Graph and apply trigonometric relations and functions.,"Given a table, equation or written description of a trigonometric function, graph that function and determine key features.",,State Board Approved,,"Clarification 1: Key features are limited to domain; range; intercepts; intervals where the function is increasing, decreasing, positive or negative; relative maximums and minimums; symmetry; end behavior; periodicity; midline; amplitude; shift(s) and asymptotes. | Clarification 2: Instruction includes representing the domain and range with inequality notation, interval notation or set-builder notation.",,,,,,,,,,,,,,
15734,MA.912.T.3.3,912,Mathematics (B.E.S.T.),Trigonometry,Graph and apply trigonometric relations and functions.,Solve and graph mathematical and real-world problems that are modeled with trigonometric functions. Interpret key features and determine constraints in terms of the context.,,State Board Approved,,"Clarification 1: Key features are limited to domain; range; intercepts; intervals where the function is increasing, decreasing, positive or negative; relative maximums and minimums; symmetry; end behavior; periodicity; midline; amplitude; shift(s) and asymptotes. | Clarification 2: Instruction includes representing the domain, range and constraints with inequality notation, interval notation or set-builder notation. | Clarification 3: Instruction includes using technology when appropriate.",,,,,,,,,,,,,,
15737,MA.912.T.4.1,912,Mathematics (B.E.S.T.),Trigonometry,Extend rectangular coordinates and equations to polar and parametric forms.,Define and plot polar coordinates. Convert between polar coordinates and rectangular coordinates with and without the use of technology.,,State Board Approved,,,,,,,,,,,,,,,,
15738,MA.912.T.4.2,912,Mathematics (B.E.S.T.),Trigonometry,Extend rectangular coordinates and equations to polar and parametric forms.,Represent equations given in rectangular coordinates in terms of polar coordinates. Represent equations given in polar coordinates in terms of rectangular coordinates.,,State Board Approved,,,,,,,,,,,,,,,,
15739,MA.912.T.4.3,912,Mathematics (B.E.S.T.),Trigonometry,Extend rectangular coordinates and equations to polar and parametric forms.,Graph equations in the polar coordinate plane with and without the use of graphing technology.,,State Board Approved,,,,,,,,,,,,,,,,
15740,MA.912.T.4.4,912,Mathematics (B.E.S.T.),Trigonometry,Extend rectangular coordinates and equations to polar and parametric forms.,"Identify and graph special polar equations, including circles, cardioids, limacons, rose curves and lemniscates.",,State Board Approved,,,,,,,,,,,,,,,,
15741,MA.912.T.4.5,912,Mathematics (B.E.S.T.),Trigonometry,Extend rectangular coordinates and equations to polar and parametric forms.,"Sketch the graph of a curve in the plane represented parametrically, indicating the direction of motion.",,State Board Approved,,,,,,,,,,,,,,,,
15742,MA.912.T.4.6,912,Mathematics (B.E.S.T.),Trigonometry,Extend rectangular coordinates and equations to polar and parametric forms.,"Convert from a parametric representation of a plane curve to a rectangular equation, and convert from a rectangular equation to a parametric representation of a plane curve.",,State Board Approved,,,,,,,,,,,,,,,,
15743,MA.912.T.4.7,912,Mathematics (B.E.S.T.),Trigonometry,Extend rectangular coordinates and equations to polar and parametric forms.,Apply parametric equations to model applications involving motion in the plane.,,State Board Approved,,,,,,,,,,,,,,,,
15744,MA.912.DP.1.1,912,Mathematics (B.E.S.T.),Data Analysis and Probability,"Summarize, represent and interpret categorical and numerical data with one and two variables.","Given a set of data, select an appropriate method to represent the data, depending on whether it is numerical or categorical data and on whether it is univariate or bivariate.",,State Board Approved,,"Clarification 1: Instruction includes discussions regarding the strengths and weaknesses of each data display. | Clarification 2: Numerical univariate includes histograms, stem-and-leaf plots, box plots and line plots; numerical bivariate includes scatter plots and line graphs; categorical univariate includes bar charts, circle graphs, line plots, frequency tables and relative frequency tables; and categorical bivariate includes segmented bar charts, joint frequency tables and joint relative frequency tables. | Clarification 3: Instruction includes the use of appropriate units and labels and, where appropriate, using technology to create data displays.",,,"Students may not know how to label displays appropriately or how to choose appropriate units and scaling. For example, they may not know how to create or scale the number line for a line plot, they may confuse frequency and actual data values, or they may not understand that intervals for histograms should be done in equal increments. | For example, they may not know how to create or scale the number line for a line plot, they may confuse frequency and actual data values, or they may not understand that intervals for histograms should be done in equal increments. | Students may not understand the meaning of quartiles in the box plot. | Students may not know how to calculate the median with an even number of data values. | Students may not accurately place data values in increasing order when there are many data points. | Students may confuse bar charts (for categorical data) and histograms (for numerical data). | Students may be confused when categorical data consists of numbers that have been categorized in ways that do not primarily reflect the numerical size or order of the numbers. In such cases, it will be helpful to have the student think about whether any of the measures of center (mean, median) or variability (quartiles, range) are meaningful for the data set. If they are, then the data can be considered numerical, because these measures are concerned with the numerical size and order of the data points. If not, then it can be considered categorical.",,,,,,,,,,,
15745,MA.912.DP.1.2,912,Mathematics (B.E.S.T.),Data Analysis and Probability,"Summarize, represent and interpret categorical and numerical data with one and two variables.","Interpret data distributions represented in various ways. State whether the data is numerical or categorical, whether it is univariate or bivariate and interpret the different components and quantities in the display.",,State Board Approved,,"Clarification 1: Within the Probability and Statistics course, instruction includes the use of spreadsheets and technology.",,,"Students may not be able to properly distinguish between numerical and categorical data or between univariate and bivariate data. | Students may misidentify or misinterpret the quantities in data displays. | Students may not be able to distinguish between the measures of center (mean, median) and measures of spread (range, IQR). | Students may not completely grasp the effect of outliers on the data set; or incorrectly conclude a point is an outlier. | Students may not be able to distinguish the differences between frequencies and relative frequencies. | Students misidentify the condition that determines a conditional or relative frequency in a joint table.",,,,,,,,,,,
15746,MA.912.DP.1.3,912,Mathematics (B.E.S.T.),Data Analysis and Probability,"Summarize, represent and interpret categorical and numerical data with one and two variables.",Explain the difference between correlation and causation in the contexts of both numerical and categorical data.,,State Board Approved,,,,,"Even though students may not be able to reasonably explain why a causal relationship exists, they may assume that correlation implies causation.",,,,,,,,,,,
15747,MA.912.DP.1.4,912,Mathematics (B.E.S.T.),Data Analysis and Probability,"Summarize, represent and interpret categorical and numerical data with one and two variables.","Estimate a population total, mean or percentage using data from a sample survey; develop a margin of error through the use of simulation.",,State Board Approved,,"Clarification 1: Within the Algebra 1 course, the margin of error will be given.",,,"When asked for population totals, students may forget to complete the final calculation with the margin of error and only report the mean or percentage as their final answer. | Students may confuse three percentages: the estimated population percentage, the margin of error expressed as a percentage and the actual population percentage. Students can use a number line to visualize how the first two quantities determine an interval that is likely to contain the third quantity.",,,,,,,,,,,
15748,MA.912.DP.1.5,912,Mathematics (B.E.S.T.),Data Analysis and Probability,"Summarize, represent and interpret categorical and numerical data with one and two variables.",Interpret the margin of error of a mean or percentage from a data set. Interpret the confidence level corresponding to the margin of error.,,State Board Approved,,,,,,,,,,,,,,,,
15749,MA.912.DP.2.1,912,Mathematics (B.E.S.T.),Data Analysis and Probability,Solve problems involving univariate and bivariate numerical data.,"For two or more sets of numerical univariate data, calculate and compare the appropriate measures of center and measures of variability, accounting for possible effects of outliers. Interpret any notable features of the shape of the data distribution.",,State Board Approved,,"Clarification 1: The measure of center is limited to mean and median. The measure of variation is limited to range, interquartile range, and standard deviation. | Clarification 2: Shape features include symmetry or skewness and clustering. | Clarification 3: Within the Probability and Statistics course, instruction includes the use of spreadsheets and technology.",,,Students may not put the data values in ascending order when finding the median.,,,,,,,,,,,
15750,MA.912.DP.2.2,912,Mathematics (B.E.S.T.),Data Analysis and Probability,Solve problems involving univariate and bivariate numerical data.,Use the mean and standard deviation of a data set to fit it to a normal distribution and to estimate population percentages. Recognize that there are data sets for which such a procedure is not appropriate.,,State Board Approved,,Clarification 1: Instruction includes the connection to the binomial distribution and surveys.,,,,,,,,,,,,,,
15751,MA.912.DP.2.3,912,Mathematics (B.E.S.T.),Data Analysis and Probability,Solve problems involving univariate and bivariate numerical data.,Estimate population percentages from data that has been fit to the normal distribution.,,State Board Approved,,"Clarification 1: Instruction includes using technology, empirical rules or tables to estimate areas under the normal curve.",,,,,,,,,,,,,,
15752,MA.912.DP.2.4,912,Mathematics (B.E.S.T.),Data Analysis and Probability,Solve problems involving univariate and bivariate numerical data.,Fit a linear function to bivariate numerical data that suggests a linear association and interpret the slope and y-intercept of the model. Use the model to solve real-world problems in terms of the context of the data.,,State Board Approved,,"Clarification 1: Instruction includes fitting a linear function both informally and formally with the use of technology. | Clarification 2: Problems include making a prediction or extrapolation, inside and outside the range of the data, based on the equation of the line of fit.",,,"Students may not know how to sketch a line of fit. For example, they may always go through the first and last points of data. | For example, they may always go through the first and last points of data. | Students may be confuse the two variables when interpreting the data as related to the context. | Students may not know the difference between interpolation (predictions within a data set) and extrapolation (predictions beyond a data set).",,,,,,,,,,,
15753,MA.912.DP.2.5,912,Mathematics (B.E.S.T.),Data Analysis and Probability,Solve problems involving univariate and bivariate numerical data.,"Given a scatter plot that represents bivariate numerical data, assess the fit of a given linear function by plotting and analyzing residuals.",,State Board Approved,,"Clarification 1: Within the Algebra 1 course, instruction includes determining the number of positive and negative residuals; the largest and smallest residuals; and the connection between outliers in the data set and the corresponding residuals.",,,"Students may not be able to distinguish between a scatter plot and a residual graph. | Students may have difficulty finding the residual value if the actual y-value equals the predicted y-value. | Students may forget that residual graphs consist of the ordered pair (x-value, residual). | Students may not be able to determine an appropriate model (linear/nonlinear) from a residual graph.",,,,,,,,,,,
15754,MA.912.DP.2.6,912,Mathematics (B.E.S.T.),Data Analysis and Probability,Solve problems involving univariate and bivariate numerical data.,"Given a scatter plot with a line of fit and residuals, determine the strength and direction of the correlation. Interpret strength and direction within a real-world context.",,State Board Approved,,Clarification 1: Instruction focuses on determining the direction by analyzing the slope and informally determining the strength by analyzing the residuals.,,,"Students may not be able to distinguish between a scatter plot and a residual graph. | Students may have difficulty finding the residual value if the actual ??-value equals the predicted ??-value. | Students may forget that residual graphs consist of the ordered pair (??-value, residual). | Students may not be able to determine an appropriate model (linear/nonlinear) from a residual graph.",,,,,,,,,,,
15755,MA.912.DP.2.7,912,Mathematics (B.E.S.T.),Data Analysis and Probability,Solve problems involving univariate and bivariate numerical data.,Compute the correlation coefficient of a linear model using technology. Interpret the strength and direction of the correlation coefficient.,,State Board Approved,,,,,Students may incorrectly assume that the sign of the correlation has an effect on the strength. | Students may have issues comparing the decimal values of correlation coefficients. | Students may have trouble rounding decimals or rounding to the correct decimal place.,,,,,,,,,,,
15756,MA.912.DP.2.8,912,Mathematics (B.E.S.T.),Data Analysis and Probability,Solve problems involving univariate and bivariate numerical data.,Fit a quadratic function to bivariate numerical data that suggests a quadratic association and interpret any intercepts or the vertex of the model. Use the model to solve real-world problems in terms of the context of the data.,,State Board Approved,,"Clarification 1: Problems include making a prediction or extrapolation, inside and outside the range of the data, based on the equation of the line of fit.",,,"Students may not know how to sketch a curve of fit. For example, they may always go through the first and last points of data. | For example, they may always go through the first and last points of data. | Students may confuse the two variables when interpreting the data as related to the context. | Students may have trouble interpreting the vertex and intercepts in relation to the context of the problem. | Students may not know the difference between interpolation (predictions within a data set) and extrapolation (predictions beyond a data set). | Students may need assistance working with spreadsheets, calculators or other types of technology as it relates to data.",,,,,,,,,,,
15757,MA.912.DP.3.1,912,Mathematics (B.E.S.T.),Data Analysis and Probability,Solve problems involving categorical data.,Construct a two-way frequency table summarizing bivariate categorical data. Interpret joint and marginal frequencies and determine possible associations in terms of a real-world context.,,State Board Approved,,,,,"Students may not be able to properly complete the table based on the data | Students may not be able to distinguish the differences between marginal and joint | Students may not be able to properly identify the relationships and possible associations in the data in terms of the context given. | When determining association, students may not be able to assess whether the association is positive or negative since it is based on how you state your justification. For example, in the study above about gender and owning a dog, the association between owning a dog and being male is negative which is equivalent to saying that the association between owning a dog and being female is positive. | For example, in the study above about gender and owning a dog, the association between owning a dog and being male is negative which is equivalent to saying that the association between owning a dog and being female is positive.",,,,,,,,,,,
15758,MA.912.DP.3.2,912,Mathematics (B.E.S.T.),Data Analysis and Probability,Solve problems involving categorical data.,"Given marginal and conditional relative frequencies, construct a two-way relative frequency table summarizing categorical bivariate data.",,State Board Approved,,Clarification 1: Construction includes cases where not all frequencies are given but enough are provided to be able to construct a two-way relative frequency table. | Clarification 2: Instruction includes the use of a tree diagram when calculating relative frequencies to construct tables.,,,Students may not be able to place the information correctly in a tree diagram in order to find the missing information. | Students may not perform the calculations correctly needed for the completion of the two-way relative frequency table.,,,,,,,,,,,
15759,MA.912.DP.3.3,912,Mathematics (B.E.S.T.),Data Analysis and Probability,Solve problems involving categorical data.,"Given a two-way relative frequency table or segmented bar graph summarizing categorical bivariate data, interpret joint, marginal and conditional relative frequencies in terms of a real-world context.",,State Board Approved,,Clarification 1: Instruction includes problems involving false positive and false negatives.,,,Students may not understand how the two-way relative frequency table connects with true positives/false positives and false negatives/true negatives. | Students may not understand how to create the proper ratio for a given purpose. | Students may not understand how to connect the ratio to the context.,,,,,,,,,,,
15760,MA.912.DP.3.4,912,Mathematics (B.E.S.T.),Data Analysis and Probability,Solve problems involving categorical data.,"Given a relative frequency table, construct and interpret a segmented bar graph.",,State Board Approved,,,,,"Students may use the joint relative frequencies when segmenting the bars. In this case, the segments would not add up to 100%. | Students may forget to make a key defining the segment pieces. | Students may have trouble determining the conditional relative frequencies or may mix up the conditions.",,,,,,,,,,,
15761,MA.912.DP.3.5,912,Mathematics (B.E.S.T.),Data Analysis and Probability,Solve problems involving categorical data.,Solve real-world problems involving univariate and bivariate categorical data.,,State Board Approved,,"Clarification 1: Instruction focuses on the connection to probability. | Clarification 2: Instruction includes calculating joint relative frequencies or conditional relative frequencies using tree diagrams. | Clarification 3: Graphical representations include frequency tables, relative frequency tables, circle graphs and segmented bar graphs.",,,"When converting a fraction to a decimal, students may divide the denominator by the numerator. | Students may not fully fill in a frequency two-table or a relative frequency two-way table, which would lead to incorrect calculations.",,,,,,,,,,,
15762,MA.912.DP.4.1,912,Mathematics (B.E.S.T.),Data Analysis and Probability,Use and interpret independence and probability.,"Describe events as subsets of a sample space using characteristics, or categories, of the outcomes, or as unions, intersections or complements of other events.",,State Board Approved,,,,,"If finding the unions when the events are not mutually exclusive, students often count the intersection more than once because it is included in multiple sets. | Students may forget about the values that are not in the sets. | Students may confuse the symbols used in basic set notation",,,,,,,,,,,
15763,MA.912.DP.4.2,912,Mathematics (B.E.S.T.),Data Analysis and Probability,Use and interpret independence and probability.,Determine if events A and B are independent by calculating the product of their probabilities.,,State Board Approved,,,,,"Students may confuse what it means to be dependent and independent. | Students may confuse independence with mutually exclusive events. | Students may struggle to convert fractions, decimals, and percentages.",,,,,,,,,,,
15764,MA.912.DP.4.3,912,Mathematics (B.E.S.T.),Data Analysis and Probability,Use and interpret independence and probability.,Calculate the conditional probability of two events and interpret the result in terms of its context.,,State Board Approved,,,,,"Students may think the symbol used for conditional probability is a slash that would be used to represent division and simply divide the probability of A by the probability of B. | Students may get confused as to which event probability should be the denominator. | Students may get confused when working with a two-way table that they need to restrict their answer to a certain section that is from the “given” conditional piece. For example, when given the condition of male they are only looking in the row or column containing males to get the total. | For example, when given the condition of male they are only looking in the row or column containing males to get the total. | Students who have difficulty with the terminology and notation will also have difficulty in understanding what is being asked by the questions.",,,,,,,,,,,
15765,MA.912.DP.4.4,912,Mathematics (B.E.S.T.),Data Analysis and Probability,Use and interpret independence and probability.,Interpret the independence of two events using conditional probability.,,State Board Approved,,,,,"Students may confuse what it means to be dependent and independent. | Students may confuse independence with mutually exclusive events. | Students may have difficulty recalling how to convert fractions, decimals and percentages. | Students may think the symbol used for conditional probability is a slash that would be used to represent division and simply divide the probability of A by the probability of B. | Students may get confused as to which event probability should be the denominator. | Students may get confused when working with a two-way table that they need to restrict their answer to a certain section that is from the “given” conditional piece. For example, when given the condition of male they are only looking in the row or column containing males to get the total. | For example, when given the condition of male they are only looking in the row or column containing males to get the total. | Students who have difficulty with the terminology and notation will also have difficulty in understanding what is being asked by the questions.",,,,,,,,,,,
15766,MA.912.DP.4.5,912,Mathematics (B.E.S.T.),Data Analysis and Probability,Use and interpret independence and probability.,"Given a two-way table containing data from a population, interpret the joint and marginal relative frequencies as empirical probabilities and the conditional relative frequencies as empirical conditional probabilities. Use those probabilities to determine whether characteristics in the population are approximately independent.",,State Board Approved,,Clarification 1: Instruction includes the connection between mathematical probability and applied statistics.,,,"Students may not be able to distinguish the differences between marginal, joint and conditional relative frequencies. | Students may not be able to distinguish the differences between frequencies and relative frequencies.",,,,,,,,,,,
15767,MA.912.DP.4.6,912,Mathematics (B.E.S.T.),Data Analysis and Probability,Use and interpret independence and probability.,Recognize and explain the concepts of conditional probability and independence in everyday language and everyday situations.,,State Board Approved,,,,,"Students misinterpret the word independence in relation to probability. | Students may believe equal conditional probabilities means two events depend on each other in order to be the same. To address this misconception, discuss the meaning in context to emphasize the probability of one event is just as likely whether the other event occurs or not. | Students may assume independence based on the description of the events alone.",,,,,,,,,,,
15768,MA.912.DP.4.7,912,Mathematics (B.E.S.T.),Data Analysis and Probability,Use and interpret independence and probability.,"Apply the addition rule for probability, taking into consideration whether the events are mutually exclusive, and interpret the result in terms of the model and its context.",,State Board Approved,,,,,Students may not understand mutually exclusive events. | Students may neglect to subtract the intersection when using the addition rule for probability.,,,,,,,,,,,
15769,MA.912.DP.4.8,912,Mathematics (B.E.S.T.),Data Analysis and Probability,Use and interpret independence and probability.,"Apply the general multiplication rule for probability, taking into consideration whether the events are independent, and interpret the result in terms of the context.",,State Board Approved,,,,,Students may not be able to determine whether two events are independent. | Students may incorrectly calculate conditional probability.,,,,,,,,,,,
15770,MA.912.DP.4.10,912,Mathematics (B.E.S.T.),Data Analysis and Probability,Use and interpret independence and probability.,"Given a mathematical or real-world situation, calculate the appropriate permutation or combination.",,State Board Approved,,,,,"Students may double count arrangements when creating displays or working outside of the formulas for permutations and combinations. | Students may confuse when a problem is asking for a permutation or a combination. To address this misconception, emphasize that order matters for a permutation but not a combination. | Students may not use factorials correctly. | Students may add, rather than multiply, when calculating the number of possible arrangements. To address this misconception, provide a scenario where students can easily write out all possible arrangements, count, and compare to their original",,,,,,,,,,,
15772,MA.912.DP.5.1,912,Mathematics (B.E.S.T.),Data Analysis and Probability,Determine methods of data collection and make inferences from collected data.,Distinguish between a population parameter and a sample statistic.,,State Board Approved,,,,,Students often have difficulty grasping that statistics and parameters are actual calculations. Students will sometimes confuse the parameter with the actual population or confuse the statistic with the actual sample. Other times they will misinterpret statistics and parameters as data instead of the calculations that result from the data.,,,,,,,,,,,
15773,MA.912.DP.5.2,912,Mathematics (B.E.S.T.),Data Analysis and Probability,Determine methods of data collection and make inferences from collected data.,Explain how random sampling produces data that is representative of a population.,,State Board Approved,,,,,Students may have initially misconceptions regarding how a random sample does not lead to a biased sample. They may incorrectly assume that randomly selecting from the population will inadvertently leave out certain groups. Using simulations and applets can help with this misconception.,,,,,,,,,,,
15774,MA.912.DP.5.3,912,Mathematics (B.E.S.T.),Data Analysis and Probability,Determine methods of data collection and make inferences from collected data.,Compare and contrast sampling methods.,,State Board Approved,,"Clarification 1: Instruction includes understanding the connection between probability and sampling methods. | Clarification 2: Sampling methods include simple random, stratified, cluster, systematic, judgement, quota and convenience.",,,Students may confuse stratified sampling and cluster sampling. | Students may have difficulty in understanding how a random sample can be representative of the population.,,,,,,,,,,,
15775,MA.912.DP.5.4,912,Mathematics (B.E.S.T.),Data Analysis and Probability,Determine methods of data collection and make inferences from collected data.,Generate multiple samples or simulated samples of the same size to measure the variation in estimates or predictions.,,State Board Approved,,,,,Students may incorrectly assume that all samples of the same size from the same population will produce the same statistics. | Students may incorrectly assume that sample statistics will always match population parameters. | Students may use convenience samples when generating their own data. These convenience samples can lead to biased results. | Students may confuse cluster sampling and stratified sampling.,,,,,,,,,,,
15776,MA.912.DP.5.5,912,Mathematics (B.E.S.T.),Data Analysis and Probability,Determine methods of data collection and make inferences from collected data.,Determine if a specific model is consistent within a given process by analyzing the data distribution from a data-generating process.,,State Board Approved,,,,,"Students may be unaccustomed to the overall “messiness” of statistics. There are times where results are inconclusive, or there is not one right answer (like x = 2 in algebra) and range of possibilities is discussed. | Students may incorrectly conclude that the value of a sample statistic has to be equal to the value of a population parameter. | Students may be in the habit of making calculations without considering whether or not the calculation is appropriate. For example, a student may be asked to find the center of a univariate numerical data set and find the mean; however, when the data set is skewed a median may be more appropriate.",,,,,,,,,,,
15777,MA.912.DP.5.6,912,Mathematics (B.E.S.T.),Data Analysis and Probability,Determine methods of data collection and make inferences from collected data.,"Determine the appropriate design, survey, experiment or observational study, based on the purpose. Articulate the types of questions appropriate for each type of design.",,State Board Approved,,,,,Students may have difficulty when determining which type of study may be more appropriate for a particular statistical question. | Students may have difficulty when identifying and including all of the necessary aspects in designing a study.,,,,,,,,,,,
15778,MA.912.DP.5.7,912,Mathematics (B.E.S.T.),Data Analysis and Probability,Determine methods of data collection and make inferences from collected data.,"Compare and contrast surveys, experiments and observational studies.",,State Board Approved,,"Clarification 1: Instruction includes understanding how randomization relates to sample surveys, experiments and observational studies.",,,Students may initially make incorrect assumptions when determining if a study is an observation or experiment. | Students may have difficulty deciding upon an appropriate conclusion from the statistical study. | Students may believe experiments must use a placebo or have a control group.,,,,,,,,,,,
15780,MA.912.DP.5.8,912,Mathematics (B.E.S.T.),Data Analysis and Probability,Determine methods of data collection and make inferences from collected data.,Draw inferences about two populations using data and statistical analysis from two random samples.,,State Board Approved,,,,,,,,,,,,,,,,
15781,MA.912.DP.5.9,912,Mathematics (B.E.S.T.),Data Analysis and Probability,Determine methods of data collection and make inferences from collected data.,Compare two treatments using data from an experiment in which the treatments are assigned randomly.,,State Board Approved,,"Clarification 1: Instruction includes the understanding that if one wants to validate a causal relationship, then randomized assignment of treatment groups must occur.",,,,,,,,,,,,,,
15782,MA.912.DP.5.10,912,Mathematics (B.E.S.T.),Data Analysis and Probability,Determine methods of data collection and make inferences from collected data.,Determine whether differences between parameters are significant using simulations.,,State Board Approved,,,,,,,,,,,,,,,,
15783,MA.912.DP.5.11,912,Mathematics (B.E.S.T.),Data Analysis and Probability,Determine methods of data collection and make inferences from collected data.,"Evaluate reports based on data from diverse media, print and digital resources by interpreting graphs and tables; evaluating data-based arguments; determining whether a valid sampling method was used; or interpreting provided statistics.",,State Board Approved,,Clarification 1: Instruction includes determining whether or not data displays could be misleading.,,,Students may not understand that there are alternative interpretations of data and statistics and that some may be biased. | Students may not be able to recognize survey questions that push participants towards a certain answer.,,,,,,,,,,,
15784,MA.912.DP.6.1,912,Mathematics (B.E.S.T.),Data Analysis and Probability,Use probability distributions to solve problems.,Define a random variable for a quantity of interest by assigning a numerical value to each individual outcome in a sample space; graph the corresponding probability distribution using the same graphical displays as for data distributions.,,State Board Approved,,,,,,,,,,,,,,,,
15785,MA.912.DP.6.2,912,Mathematics (B.E.S.T.),Data Analysis and Probability,Use probability distributions to solve problems.,Develop a probability distribution for a discrete random variable using theoretical probabilities. Find the expected value and interpret it as the mean of the discrete distribution.,,State Board Approved,,,,,,,,,,,,,,,,
15786,MA.912.DP.6.3,912,Mathematics (B.E.S.T.),Data Analysis and Probability,Use probability distributions to solve problems.,Develop a probability distribution for a discrete random variable using empirical probabilities. Find the expected value and interpret it as the mean of the discrete distribution.,,State Board Approved,,,,,,,,,,,,,,,,
15787,MA.912.DP.6.4,912,Mathematics (B.E.S.T.),Data Analysis and Probability,Use probability distributions to solve problems.,"Given a binomial distribution, calculate and interpret the expected value. Solve real-world problems involving binomial distributions.",,State Board Approved,,Clarification 1: Instruction focuses on the connection between binomial distributions and coin tossing and the connection to one-question surveys in which the question has two possible responses.,,,,,,,,,,,,,,
15788,MA.912.DP.6.5,912,Mathematics (B.E.S.T.),Data Analysis and Probability,Use probability distributions to solve problems.,Solve real-world problems involving geometric distributions.,,State Board Approved,,Clarification 1: Instruction focuses on the connection between geometric distributions and tossing a coin until the first heads appears and the connection to making repeated attempts at a task until it is successfully completed.,,,,,,,,,,,,,,
15789,MA.912.DP.6.6,912,Mathematics (B.E.S.T.),Data Analysis and Probability,Use probability distributions to solve problems.,Solve real-world problems involving Poisson distributions.,,State Board Approved,,Clarification 1: Instruction focuses on the connection between Poisson distributions and tossing a coin a large number of times for which the probability of heads is very small and the connection to the number of accidents occurring among a large number of people.,,,,,,,,,,,,,,
15790,MA.912.LT.1.1,912,Mathematics (B.E.S.T.),Logic and Discrete Theory,Apply recursive methods to solve problems.,Apply recursive and iterative thinking to solve problems.,,State Board Approved,,,,,,,,,,,,,,,,
15791,MA.912.LT.1.2,912,Mathematics (B.E.S.T.),Logic and Discrete Theory,Apply recursive methods to solve problems.,Solve problems involving recurrence relations.,,State Board Approved,,"Clarification 1: Instruction includes finding explicit or recursive equations for recursively defined sequences. | Clarification 2: Problems include fractals, the Fibonacci sequence, growth models and finite difference.",,,,,,,,,,,,,,
15792,MA.912.LT.1.3,912,Mathematics (B.E.S.T.),Logic and Discrete Theory,Apply recursive methods to solve problems.,Apply mathematical induction in a variety of applications.,,State Board Approved,,,,,,,,,,,,,,,,
15793,MA.912.LT.2.1,912,Mathematics (B.E.S.T.),Logic and Discrete Theory,Apply optimization and techniques from Graph Theory to solve problems.,Define and explain the basic concepts of Graph Theory.,,State Board Approved,,"Clarification 1: Basic concepts include vertex, edge, directed edge, undirected edge, path, vertex degree, directed graph, undirected graph, tree, bipartite graph, circuit, connectedness and planarity.",,,,,,,,,,,,,,
15794,MA.912.LT.2.2,912,Mathematics (B.E.S.T.),Logic and Discrete Theory,Apply optimization and techniques from Graph Theory to solve problems.,Solve problems involving paths in graphs.,,State Board Approved,,Clarification 1: Instruction includes simple paths and circuits; Hamiltonian paths and circuits; and Eulerian paths and circuits.,,,,,,,,,,,,,,
15795,MA.912.LT.2.3,912,Mathematics (B.E.S.T.),Logic and Discrete Theory,Apply optimization and techniques from Graph Theory to solve problems.,Solve scheduling problems using critical path analysis and Gantt charts. Create a schedule using critical path analysis.,,State Board Approved,,,,,,,,,,,,,,,,
15796,MA.912.LT.2.4,912,Mathematics (B.E.S.T.),Logic and Discrete Theory,Apply optimization and techniques from Graph Theory to solve problems.,Apply graph coloring techniques to solve problems.,,State Board Approved,,Clarification 1: Problems include map coloring and committee assignments.,,,,,,,,,,,,,,
15797,MA.912.LT.2.5,912,Mathematics (B.E.S.T.),Logic and Discrete Theory,Apply optimization and techniques from Graph Theory to solve problems.,"Apply spanning trees, rooted trees, binary trees and decision trees to solve problems.",,State Board Approved,,Clarification 1: Instruction includes the use of technology to determine the number of possible solutions and generating solutions when a feasible number of possible solutions exists.,,,,,,,,,,,,,,
15798,MA.912.LT.3.1,912,Mathematics (B.E.S.T.),Logic and Discrete Theory,Apply techniques from Election Theory and Fair Division Theory to solve problems.,Define and explain the basic concepts of Election Theory and voting.,,State Board Approved,,"Clarification 1: Basic concepts include approval and preference voting, plurality, majority, runoff, sequential runoff, Borda count, Condorcet and other fairness criteria, dummy voters and coalition.",,,,,,,,,,,,,,
15799,MA.912.LT.3.2,912,Mathematics (B.E.S.T.),Logic and Discrete Theory,Apply techniques from Election Theory and Fair Division Theory to solve problems.,Analyze election data using election theory techniques. Explain how Arrow&rsquo;s Impossibility Theorem may be related to the fairness of the outcome of the election.,,State Board Approved,,,,,,,,,,,,,,,,
15800,MA.912.LT.3.3,912,Mathematics (B.E.S.T.),Logic and Discrete Theory,Apply techniques from Election Theory and Fair Division Theory to solve problems.,Decide voting power within a group using weighted voting techniques. Provide real-world examples of weighted voting and its pros and cons.,,State Board Approved,,,,,,,,,,,,,,,,
15801,MA.912.LT.3.4,912,Mathematics (B.E.S.T.),Logic and Discrete Theory,Apply techniques from Election Theory and Fair Division Theory to solve problems.,Solve problems using fair division and apportionment techniques.,,State Board Approved,,"Clarification 1: Problems include fair division among people with different preferences, fairly dividing an inheritance that includes indivisible goods, salary caps in sports and allocation of representatives to Congress.",,,,,,,,,,,,,,
15802,MA.912.LT.4.1,912,Mathematics (B.E.S.T.),Logic and Discrete Theory,"Develop an understanding of the fundamentals of propositional logic, arguments and methods of proof.",Translate propositional statements into logical arguments using propositional variables and logical connectives.,,State Board Approved,,,,,"Students may improperly negate quantified statements. For example, when asked to negate “All giraffes are orange,” students will respond with “No giraffes are orange.” To help address this, remind students that to negate a quantified statement of the type “All A are B,” we need to produce a counter-example of at least one A that is not B, or the shorter version “Some A are not B.” On the other hand, to negate “No A are B,” we need to find an example of an A that is also B, or “Some A are B.” | For example, when asked to negate “All giraffes are orange,” students will respond with “No giraffes are orange.” To help address this, remind students that to negate a quantified statement of the type “All A are B,” we need to produce a counter-example of at least one A that is not B, or the shorter version “Some A are not B.” On the other hand, to negate “No A are B,” we need to find an example of an A that is also B, or “Some A are B.” | Students may improperly translate conditional statements where the hypothesis follows the conclusion statement. For example, let p: “The grass is green,” let q: “It is spring.” Students may incorrectly translate “the grass is green if it is spring” as p→q. To help address this, remind students that p→q translates as “if p, then q” or “p implies q.” However, in the conditional statement provided, q is the hypothesis for the conclusion p. So the symbolic translation should be q→p. | Students may improperly translate conditional statements where the hypothesis follows the conclusion statement. | For example, let p: “The grass is green,” let q: “It is spring.” Students may incorrectly translate “the grass is green if it is spring” as p→q. To help address this, remind students that p→q translates as “if p, then q” or “p implies q.” However, in the conditional statement provided, q is the hypothesis for the conclusion p. So the symbolic translation should be q→p. | For example, let p: “The grass is green,” let q: “It is spring.” Students may incorrectly translate “the grass is green if it is spring” as p→q. | translates as “if | , then | ” or “ | implies | .” However, in the conditional statement provided, | is the hypothesis for the conclusion | . So the symbolic translation should be | Students may struggle when negating compound statements, such as conjunction, disjunction, and conditional. | Students may struggle when negating compound statements, such as conjunction, disjunction, and conditional.",,,,,,,,,,,
15803,MA.912.LT.4.2,912,Mathematics (B.E.S.T.),Logic and Discrete Theory,"Develop an understanding of the fundamentals of propositional logic, arguments and methods of proof.",Determine truth values of simple and compound statements using truth tables.,,State Board Approved,,,,,"Students may assume that in a conditional truth table, when the hypothesis is false, then the conditional is false. To address this, instruction should specify that the conditional is statement is true by default in the case when hypothesis is false, regardless of the truth value of the conclusion.",,,,,,,,,,,
15804,MA.912.LT.4.3,912,Mathematics (B.E.S.T.),Logic and Discrete Theory,"Develop an understanding of the fundamentals of propositional logic, arguments and methods of proof.","Identify and accurately interpret &ldquo;if&hellip;then,&rdquo; &ldquo;if and only if,&rdquo; &ldquo;all&rdquo; and &ldquo;not&rdquo; statements. Find the converse, inverse and contrapositive of a statement.",,State Board Approved,,"Clarification 1: Instruction focuses on recognizing the relationships between an “if…then” statement and the converse, inverse and contrapositive of that statement. | Clarification 2: Within the Geometry course, instruction focuses on the connection to proofs within the course.",,,"Students may confuse the hypothesis and conclusion. | Students may try to change the inverse, converse or contrapositive to make sense in the real world rather than using the logic definitions.",,,,,,,,,,,
15805,MA.912.LT.4.4,912,Mathematics (B.E.S.T.),Logic and Discrete Theory,"Develop an understanding of the fundamentals of propositional logic, arguments and methods of proof.","Represent logic operations, such as AND, OR, NOT, NOR, and XOR, using logical symbolism to solve problems.",,State Board Approved,,,,,"Students may use the logic operation OR as ‘exclusive or.’ To help address this, make connection to the set operation of the union to reinforce the meaning of ‘p OR q’ as ‘p or q or both p AND q.’ | Students may use the logic operation AND to join two sets. To help address this, make connection to the set operation of the intersection.",,,,,,,,,,,
15806,MA.912.LT.4.5,912,Mathematics (B.E.S.T.),Logic and Discrete Theory,"Develop an understanding of the fundamentals of propositional logic, arguments and methods of proof.",Determine whether two propositions are logically equivalent.,,State Board Approved,,,,,"When the wording of a problem prompt is written as “show that statement p and statement q are equivalent,” students may incorrectly interpret “and” as a conjunction when constructing a truth table.",,,,,,,,,,,
15807,MA.912.LT.4.6,912,Mathematics (B.E.S.T.),Logic and Discrete Theory,"Develop an understanding of the fundamentals of propositional logic, arguments and methods of proof.",Apply methods of direct and indirect proof and determine whether a logical argument is valid.,,State Board Approved,,,,,,,,,,,,,,,,
15808,MA.912.LT.4.7,912,Mathematics (B.E.S.T.),Logic and Discrete Theory,"Develop an understanding of the fundamentals of propositional logic, arguments and methods of proof.","Identify and give examples of undefined terms; axioms; theorems; proofs, including proofs using mathematical induction; and inductive and deductive reasoning.",,State Board Approved,,,,,,,,,,,,,,,,
15809,MA.912.LT.4.8,912,Mathematics (B.E.S.T.),Logic and Discrete Theory,"Develop an understanding of the fundamentals of propositional logic, arguments and methods of proof.","Construct proofs, including proofs by contradiction.",,State Board Approved,,"Clarification 1: Within the Geometry course, proofs are limited to geometric statements within the course.",,,"Students may determine the statement of contradiction incorrectly. For example, when completing a proof by contradiction, a student may create the statement of contradiction from one of the given pieces of information rather than what is to be proven. | For example, when completing a proof by contradiction, a student may create the statement of contradiction from one of the given pieces of information rather than what is to be proven.",,,,,,,,,,,
15810,MA.912.LT.4.9,912,Mathematics (B.E.S.T.),Logic and Discrete Theory,"Develop an understanding of the fundamentals of propositional logic, arguments and methods of proof.","Construct logical arguments using laws of detachment, syllogism, tautology, contradiction and Euler Diagrams.",,State Board Approved,,,,,"Students may confuse the different types of logical arguments, specifically, the Law of Detachment and Law of Syllogism. | Students may assume that every conclusion is a valid conclusion because it is part of a given argument. To address this, help students understand that a conclusion is logical or valid only if it forms a valid argument; thus, to determine whether a conclusion is valid, we must apply the methods learned to judge the validity of a given argument in tandem with MA.912.LT.4.10.",,,,,,,,,,,
15811,MA.912.LT.4.10,912,Mathematics (B.E.S.T.),Logic and Discrete Theory,"Develop an understanding of the fundamentals of propositional logic, arguments and methods of proof.",Judge the validity of arguments and give counterexamples to disprove statements.,,State Board Approved,,"Clarification 1: Within the Geometry course, instruction focuses on the connection to proofs within the course.",,,Students may think a statement is true because they cannot think of a counter example.,,,,,,,,,,,
15812,MA.912.LT.5.1,912,Mathematics (B.E.S.T.),Logic and Discrete Theory,Apply properties from Set Theory to solve problems.,"Given two sets, determine whether the two sets are equivalent and whether one set is a subset of another. Given one set, determine its power set.",,State Board Approved,,,,,Students may not include the empty set or the set itself in the power set.,,,,,,,,,,,
15813,MA.912.LT.5.2,912,Mathematics (B.E.S.T.),Logic and Discrete Theory,Apply properties from Set Theory to solve problems.,"Given a relation on two sets, determine whether the relation is a function, determine the inverse of the relation if it exists and identify if the relation is bijective.",,State Board Approved,,,,,,,,,,,,,,,,
15814,MA.912.LT.5.3,912,Mathematics (B.E.S.T.),Logic and Discrete Theory,Apply properties from Set Theory to solve problems.,Partition a set into disjoint subsets and determine an equivalence class given the equivalence relation on a set.,,State Board Approved,,,,,,,,,,,,,,,,
15815,MA.912.LT.5.4,912,Mathematics (B.E.S.T.),Logic and Discrete Theory,Apply properties from Set Theory to solve problems.,"Perform the set operations of taking the complement of a set and the union, intersection, difference and product of two sets.",,State Board Approved,,"Clarification 1: Instruction includes the connection to probability and the words AND, OR and NOT.",,,Students may repeat elements that are in both sets when writing the union. | Students may confuse union and intersection. | Students may incorrectly apply the word “and” when applying set operations.,,,,,,,,,,,
15816,MA.912.LT.5.5,912,Mathematics (B.E.S.T.),Logic and Discrete Theory,Apply properties from Set Theory to solve problems.,Explore relationships and patterns and make arguments about relationships between sets using Venn Diagrams.,,State Board Approved,,,,,Students may repeat elements that are in both sets when writing the union. | Students may confuse union and intersection. | Students may incorrectly apply the word “and” when applying set operations.,,,,,,,,,,,
15817,MA.912.LT.5.6,912,Mathematics (B.E.S.T.),Logic and Discrete Theory,Apply properties from Set Theory to solve problems.,"Prove set relations, including DeMorgan&rsquo;s Laws and equivalence relations.",,State Board Approved,,,,,Students may incorrectly try to distribute the negations into (A ∪ B)′ instead of changing the operator from union to intersection. | Students may incorrectly try to distribute the negations into (A ∩ B)′ instead of changing the operator from intersection to union.,,,,,,,,,,,
15818,MA.912.C.1.1,912,Mathematics (B.E.S.T.),Calculus,Develop an understanding for limits and continuity. Determine limits and continuity.,Demonstrate understanding of the concept of a limit and estimate limits from graphs and tables of values.,,State Board Approved,,,,,,,,,,,,,,,,
15819,MA.912.C.1.2,912,Mathematics (B.E.S.T.),Calculus,Develop an understanding for limits and continuity. Determine limits and continuity.,"Determine the value of a limit if it exists algebraically using limits of sums, differences, products, quotients and compositions of continuous functions.",,State Board Approved,,,,,,,,,,,,,,,,
15820,MA.912.C.1.3,912,Mathematics (B.E.S.T.),Calculus,Develop an understanding for limits and continuity. Determine limits and continuity.,Find limits of rational functions that are undefined at a point.,,State Board Approved,,,,,,,,,,,,,,,,
15821,MA.912.C.1.4,912,Mathematics (B.E.S.T.),Calculus,Develop an understanding for limits and continuity. Determine limits and continuity.,Find one-sided limits.,,State Board Approved,,,,,,,,,,,,,,,,
15822,MA.912.C.1.5,912,Mathematics (B.E.S.T.),Calculus,Develop an understanding for limits and continuity. Determine limits and continuity.,Find limits at infinity.,,State Board Approved,,,,,,,,,,,,,,,,
15823,MA.912.C.1.6,912,Mathematics (B.E.S.T.),Calculus,Develop an understanding for limits and continuity. Determine limits and continuity.,Decide when a limit is infinite and use limits involving infinity to describe asymptotic behavior.,,State Board Approved,,,,,,,,,,,,,,,,
15824,MA.912.C.1.7,912,Mathematics (B.E.S.T.),Calculus,Develop an understanding for limits and continuity. Determine limits and continuity.,Find special limits by using the Squeeze Theorem or algebraic manipulation.,,State Board Approved,,,,,,,,,,,,,,,,
15825,MA.912.C.1.8,912,Mathematics (B.E.S.T.),Calculus,Develop an understanding for limits and continuity. Determine limits and continuity.,Find limits of indeterminate forms using L'H&ocirc;pital's Rule.,,State Board Approved,,,,,,,,,,,,,,,,
15826,MA.912.C.1.9,912,Mathematics (B.E.S.T.),Calculus,Develop an understanding for limits and continuity. Determine limits and continuity.,Define continuity in terms of limits.,,State Board Approved,,,,,,,,,,,,,,,,
15827,MA.912.C.1.10,912,Mathematics (B.E.S.T.),Calculus,Develop an understanding for limits and continuity. Determine limits and continuity.,"Given the graph of a function, identify whether a function is continuous at a point. If not, identify the type of discontinuity for the given function.",,State Board Approved,,,,,,,,,,,,,,,,
15828,MA.912.C.1.11,912,Mathematics (B.E.S.T.),Calculus,Develop an understanding for limits and continuity. Determine limits and continuity.,Apply the Intermediate Value Theorem and the Extreme Value Theorem.,,State Board Approved,,,,,,,,,,,,,,,,
15830,MA.912.C.2.1,912,Mathematics (B.E.S.T.),Calculus,Develop an understanding for and determine derivatives.,"State, understand and apply the definition of derivative. Apply and interpret derivatives geometrically and numerically.",,State Board Approved,,,,,,,,,,,,,,,,
15831,MA.912.C.2.2,912,Mathematics (B.E.S.T.),Calculus,Develop an understanding for and determine derivatives.,Interpret the derivative as an instantaneous rate of change or as the slope of the tangent line.,,State Board Approved,,,,,,,,,,,,,,,,
15832,MA.912.C.2.3,912,Mathematics (B.E.S.T.),Calculus,Develop an understanding for and determine derivatives.,"Prove the rules for finding derivatives of constants, sums, products, quotients and the Chain Rule.",,State Board Approved,,Clarification 1: Special cases of rules include a constant multiple of a function and the power of a function.,,,,,,,,,,,,,,
15833,MA.912.C.2.4,912,Mathematics (B.E.S.T.),Calculus,Develop an understanding for and determine derivatives.,"Apply the rules for finding derivatives of constants, sums, products, quotients and the Chain Rule to solve problems with functions limited to algebraic, trigonometric, inverse trigonometric, logarithmic and exponential.",,State Board Approved,,Clarification 1: Special cases of rules include a constant multiple of a function and the power of a function.,,,,,,,,,,,,,,
15837,MA.912.C.2.5,912,Mathematics (B.E.S.T.),Calculus,Develop an understanding for and determine derivatives.,Find the derivatives of implicitly defined functions.,,State Board Approved,,,,,,,,,,,,,,,,
15838,MA.912.C.2.6,912,Mathematics (B.E.S.T.),Calculus,Develop an understanding for and determine derivatives.,Find derivatives of inverse functions.,,State Board Approved,,,,,,,,,,,,,,,,
15839,MA.912.C.2.7,912,Mathematics (B.E.S.T.),Calculus,Develop an understanding for and determine derivatives.,Find second derivatives and derivatives of higher order.,,State Board Approved,,,,,,,,,,,,,,,,
15840,MA.912.C.2.8,912,Mathematics (B.E.S.T.),Calculus,Develop an understanding for and determine derivatives.,Find derivatives using logarithmic differentiation.,,State Board Approved,,,,,,,,,,,,,,,,
15841,MA.912.C.2.9,912,Mathematics (B.E.S.T.),Calculus,Develop an understanding for and determine derivatives.,Demonstrate and use the relationship between differentiability and continuity.,,State Board Approved,,,,,,,,,,,,,,,,
15842,MA.912.C.2.10,912,Mathematics (B.E.S.T.),Calculus,Develop an understanding for and determine derivatives.,Apply the Mean Value Theorem.,,State Board Approved,,,,,,,,,,,,,,,,
15843,MA.912.C.3.1,912,Mathematics (B.E.S.T.),Calculus,Apply derivatives to solve problems.,"Find the slope of a curve at a point, including points at which there are vertical tangent lines.",,State Board Approved,,,,,,,,,,,,,,,,
15844,MA.912.C.3.2,912,Mathematics (B.E.S.T.),Calculus,Apply derivatives to solve problems.,Find an equation for the tangent line to a curve at a point and use it to make local linear approximation.,,State Board Approved,,,,,,,,,,,,,,,,
15845,MA.912.C.3.3,912,Mathematics (B.E.S.T.),Calculus,Apply derivatives to solve problems.,Determine where a function is decreasing and increasing using its derivative.,,State Board Approved,,,,,,,,,,,,,,,,
15846,MA.912.C.3.4,912,Mathematics (B.E.S.T.),Calculus,Apply derivatives to solve problems.,Find local and absolute maximum and minimum points of a function.,,State Board Approved,,,,,,,,,,,,,,,,
15847,MA.912.C.3.5,912,Mathematics (B.E.S.T.),Calculus,Apply derivatives to solve problems.,Determine the concavity and points of inflection of a function using its second derivative.,,State Board Approved,,,,,,,,,,,,,,,,
15848,MA.912.C.3.6,912,Mathematics (B.E.S.T.),Calculus,Apply derivatives to solve problems.,"Sketch graphs by using first and second derivatives. Compare the corresponding characteristics of the graphs of f, f' and f"".",,State Board Approved,,,,,,,,,,,,,,,,
15849,MA.912.C.3.7,912,Mathematics (B.E.S.T.),Calculus,Apply derivatives to solve problems.,Solve optimization problems using derivatives.,,State Board Approved,,,,,,,,,,,,,,,,
15850,MA.912.C.3.8,912,Mathematics (B.E.S.T.),Calculus,Apply derivatives to solve problems.,"Find average and instantaneous rates of change. Explain the instantaneous rate of change as the limit of the average rate of change. Interpret a derivative as a rate of change in applications, including velocity, speed and acceleration.",,State Board Approved,,,,,,,,,,,,,,,,
15851,MA.912.C.3.9,912,Mathematics (B.E.S.T.),Calculus,Apply derivatives to solve problems.,Find the velocity and acceleration of a particle moving in a straight line.,,State Board Approved,,,,,,,,,,,,,,,,
15852,MA.912.C.3.10,912,Mathematics (B.E.S.T.),Calculus,Apply derivatives to solve problems.,"Model and solve problems involving rates of change, including related rates.",,State Board Approved,,,,,,,,,,,,,,,,
15853,MA.912.C.4.1,912,Mathematics (B.E.S.T.),Calculus,Develop an understanding for and determine integrals.,"Interpret a definite integral as a limit of Riemann sums. Calculate the values of Riemann sums over equal subdivisions using left, right and midpoint evaluation points.",,State Board Approved,,,,,,,,,,,,,,,,
15854,MA.912.C.4.2,912,Mathematics (B.E.S.T.),Calculus,Develop an understanding for and determine integrals.,"Apply Riemann sums, the Trapezoidal Rule and technology to approximate definite integrals of functions represented algebraically, geometrically and by tables of values.",,State Board Approved,,,,,,,,,,,,,,,,
15855,MA.912.C.4.3,912,Mathematics (B.E.S.T.),Calculus,Develop an understanding for and determine integrals.,Interpret a definite integral of the rate of change of a quantity over an interval as the change of the quantity over the interval.,,State Board Approved,,Clarification 1: Instruction focuses on the relationship which is the Fundamental Theorem of Calculus.,,,,,,,,,,,,,,
15856,MA.912.C.4.4,912,Mathematics (B.E.S.T.),Calculus,Develop an understanding for and determine integrals.,Evaluate definite integrals by using the Fundamental Theorem of Calculus.,,State Board Approved,,,,,,,,,,,,,,,,
15857,MA.912.C.4.5,912,Mathematics (B.E.S.T.),Calculus,Develop an understanding for and determine integrals.,Analyze function graphs by using derivative graphs and the Fundamental Theorem of Calculus.,,State Board Approved,,,,,,,,,,,,,,,,
15858,MA.912.C.4.6,912,Mathematics (B.E.S.T.),Calculus,Develop an understanding for and determine integrals.,Evaluate or solve problems using the properties of definite integrals. Properties are limited to the following:,,State Board Approved,,,,,,,,,,,,,,,,
15859,MA.912.C.4.7,912,Mathematics (B.E.S.T.),Calculus,Develop an understanding for and determine integrals.,Evaluate definite and indefinite integrals by using integration by substitution.,,State Board Approved,,,,,,,,,,,,,,,,
15863,MA.912.C.5.1,912,Mathematics (B.E.S.T.),Calculus,Apply integrals to solve problems.,"Find specific antiderivatives using initial conditions, including finding velocity functions from acceleration functions, finding position functions from velocity functions and solving applications related to motion along a line.",,State Board Approved,,,,,,,,,,,,,,,,
15864,MA.912.C.5.2,912,Mathematics (B.E.S.T.),Calculus,Apply integrals to solve problems.,Solve separable differential equations.,,State Board Approved,,,,,,,,,,,,,,,,
15865,MA.912.C.5.3,912,Mathematics (B.E.S.T.),Calculus,Apply integrals to solve problems.,Solve differential equations of the form as applied to growth and decay problems.,,State Board Approved,,,,,,,,,,,,,,,,
15866,MA.912.C.5.4,912,Mathematics (B.E.S.T.),Calculus,Apply integrals to solve problems.,"Display a graphic representation of the solution to a differential equation by using slope fields, and locate particular solutions to the equation.",,State Board Approved,,,,,,,,,,,,,,,,
15867,MA.912.C.5.5,912,Mathematics (B.E.S.T.),Calculus,Apply integrals to solve problems.,Find the area between a curve and the x-axis or between two curves by using definite integrals.,,State Board Approved,,,,,,,,,,,,,,,,
15868,MA.912.C.5.6,912,Mathematics (B.E.S.T.),Calculus,Apply integrals to solve problems.,Find the average value of a function over a closed interval by using definite integrals.,,State Board Approved,,,,,,,,,,,,,,,,
15869,MA.912.C.5.7,912,Mathematics (B.E.S.T.),Calculus,Apply integrals to solve problems.,"Find the volume of a figure with known cross-sectional area, including figures of revolution, by using definite integrals.",,State Board Approved,,,,,,,,,,,,,,,,
15871,MA.912.AR.3.4,912,Mathematics (B.E.S.T.),Algebraic Reasoning,"Write, solve and graph quadratic equations, functions and inequalities in one and two variables.","Write a quadratic function to represent the relationship between two quantities from a graph, a written description or a table of values within a mathematical or real-world context.",,State Board Approved,,"Clarification 1: Within the Algebra 1 course, a graph, written description or table of values must include the vertex and two points that are equidistant from the vertex. | Clarification 2: Instruction includes the use of standard form, factored form and vertex form. | Clarification 3: Within the Algebra 2 course, one of the given points must be the vertex or an x-intercept.",,,"When writing functions in vertex form, students may confuse the sign of h. For example, students may see a vertex of (−1, −2) and an a value of 3 and write the function as y = 3(x − 1)2 − 2 instead of y = 3(x + 1)2 − 2. To address this, help students recognize that because h is subtracted from x in vertex form, it will change the sign of that coordinate. Show students a graph of both functions to confirm and make the connection to transformation of functions (MA.912.F.2.1). | For example, students may see a vertex of (−1, −2) and an a value of 3 and write the function as y = 3(x − 1)2 − 2 instead of y = 3(x + 1)2 − 2. To address this, help students recognize that because h is subtracted from x in vertex form, it will change the sign of that coordinate. Show students a graph of both functions to confirm and make the connection to transformation of functions (MA.912.F.2.1).",,,,,,,,,,,
15872,MA.2.FR.1.1,2,Mathematics (B.E.S.T.),Fractions,Develop an understanding of fractions.,"Partition circles and rectangles into two, three or four equal-sized parts. Name the parts using appropriate language, and describe the whole as two halves, three thirds or four fourths.",,State Board Approved,,"Clarification 1: Within this benchmark, the expectation is not to write the equal-sized parts as a fraction with a numerator and denominator. | Clarification 2: Problems include mathematical and real-world context.",,,Students may have difficulty partitioning into equal-sized parts. | Students may not understand that the parts can be equal parts even if they do not look identical.,,,,,,,,,,,
15873,MA.2.FR.1.2,2,Mathematics (B.E.S.T.),Fractions,Develop an understanding of fractions.,"Partition rectangles into two, three or four equal-sized parts in two different ways showing that equal-sized parts of the same whole may have different shapes.",,State Board Approved,,,,,Students may have difficulty partitioning into equal-sized parts. | Students may not understand that the parts can be equal parts even if they do not look identical.,,,,,,,,,,,
15874,MA.6.AR.3.5,6,Mathematics (B.E.S.T.),Algebraic Reasoning,Understand ratio and unit rate concepts and use them to solve problems.,"Solve mathematical and real-world problems involving ratios, rates and unit rates, including comparisons, mixtures, ratios of lengths and conversions within the same measurement system.",,State Board Approved,,"Clarification 1: Instruction includes the use of tables, tape diagrams and number lines.",,,Some students may struggle to determine a process for solving problems in a real-world context. Instruction highlights strategies for students to build perseverance by modifying methods as needed and analyzing the problem in a way that makes sense (MTR.1.1).,,,,,,,,,,,
15875,MA.K12.MTR.1.1,K12,Mathematics (B.E.S.T.),Mathematical Thinking and Reasoning,Actively participate in effortful learning both individually and collectively.,Actively participate in effortful learning both individually and collectively.Mathematicians who participate in effortful learning both individually and with others: Analyze the problem in a way that makes sense given the task.Ask questions that will help with solving the task.Build perseverance by modifying methods as needed while solving a challenging task.Stay engaged and maintain a positive mindset when working to solve tasks.Help and support each other when attempting a new method or approach.,,State Board Approved,,,,,,,,,,,,,,,,
15876,MA.K12.MTR.2.1,K12,Mathematics (B.E.S.T.),Mathematical Thinking and Reasoning,Demonstrate understanding by representing problems in multiple ways.,"Demonstrate understanding by representing problems in multiple ways.Mathematicians who demonstrate understanding by representing problems in multiple ways: Build understanding through modeling and using manipulatives.Represent solutions to problems in multiple ways using objects, drawings, tables, graphs and equations.Progress from modeling problems with objects and drawings to using algorithms and equations.Express connections between concepts and representations.Choose a representation based on the given context or purpose.",,State Board Approved,,,,,,,,,,,,,,,,
15877,MA.K12.MTR.3.1,K12,Mathematics (B.E.S.T.),Mathematical Thinking and Reasoning,Complete tasks with mathematical fluency.,Complete tasks with mathematical fluency.Mathematicians who complete tasks with mathematical fluency:Select efficient and appropriate methods for solving problems within the given context.Maintain flexibility and accuracy while performing procedures and mental calculations.Complete tasks accurately and with confidence.Adapt procedures to apply them to a new context.Use feedback to improve efficiency when performing calculations.,,State Board Approved,,,,,,,,,,,,,,,,
15878,MA.K12.MTR.4.1,K12,Mathematics (B.E.S.T.),Mathematical Thinking and Reasoning,Engage in discussions that reflect on the mathematical thinking of self and others.,"Engage in discussions that reflect on the mathematical thinking of self and others.Mathematicians who engage in discussions that reflect on the mathematical thinking of self and others:Communicate mathematical ideas, vocabulary and methods effectively.Analyze the mathematical thinking of others.Compare the efficiency of a method to those expressed by others.Recognize errors and suggest how to correctly solve the task.Justify results by explaining methods and processes.Construct possible arguments based on evidence.",,State Board Approved,,,,,,,,,,,,,,,,
15879,MA.K12.MTR.5.1,K12,Mathematics (B.E.S.T.),Mathematical Thinking and Reasoning,Use patterns and structure to help understand and connect mathematical concepts.,"Use patterns and structure to help understand and connect mathematical concepts.Mathematicians who use patterns and structure to help understand and connect mathematical concepts:Focus on relevant details within a problem.Create plans and procedures to logically order events, steps or ideas to solve problems.Decompose a complex problem into manageable parts.Relate previously learned concepts to new concepts.Look for similarities among problems.Connect solutions of problems to more complicated large-scale situations.",,State Board Approved,,,,,,,,,,,,,,,,
15880,MA.K12.MTR.6.1,K12,Mathematics (B.E.S.T.),Mathematical Thinking and Reasoning,Assess the reasonableness of solutions.,Assess the reasonableness of solutions.Mathematicians who assess the reasonableness of solutions:Estimate to discover possible solutions.Use benchmark quantities to determine if a solution makes sense.Check calculations when solving problems.Verify possible solutions by explaining the methods used.Evaluate results based on the given context.,,State Board Approved,,,,,,,,,,,,,,,,
15881,MA.K12.MTR.7.1,K12,Mathematics (B.E.S.T.),Mathematical Thinking and Reasoning,Apply mathematics to real-world contexts.,"Apply mathematics to real-world contexts.Mathematicians who apply mathematics to real-world contexts:Connect mathematical concepts to everyday experiences.Use models and methods to understand, represent and solve problems.Perform investigations to gather data or determine if a method is appropriate.Redesign models and methods to improve accuracy or efficiency.",,State Board Approved,,,,,,,,,,,,,,,,
15882,MA.912.AR.1.8,912,Mathematics (B.E.S.T.),Algebraic Reasoning,Interpret and rewrite algebraic expressions and equations in equivalent forms.,Rewrite a polynomial expression as a product of polynomials over the real or complex number system.,,State Board Approved,,Clarification 1: Instruction includes factoring a sum or difference of squares and a sum or difference of cubes.,,,,,,,,,,,,,,
15883,MA.912.AR.7.4,912,Mathematics (B.E.S.T.),Algebraic Reasoning,Solve and graph radical equations and functions in one and two variables.,Solve and graph mathematical and real-world problems that are modeled with radical functions. Interpret key features and determine constraints in terms of the context.,,State Board Approved,,"Clarification 1: Key features are limited to domain; range; intercepts; intervals where the function is increasing, decreasing, positive or negative; end behavior; and relative maximums and minimums. | Clarification 2: Instruction includes representing the domain, range and constraints with inequality notation, interval notation or set-builder notation.",,,,,,,,,,,,,,
15884,MA.912.AR.9.5,912,Mathematics (B.E.S.T.),Algebraic Reasoning,Write and solve a system of two- and three-variable equations and inequalities that describe quantities or relationships.,Graph the solution set of a system of two-variable inequalities.,,State Board Approved,,"Clarification 1: Within the Algebra 2 course, two-variable inequalities are limited to linear and quadratic.",,,,,,,,,,,,,,
15885,MA.912.F.1.6,912,Mathematics (B.E.S.T.),Functions,"Understand, compare and analyze properties of functions.","Compare key features of linear and nonlinear functions each represented algebraically, graphically, in tables or written descriptions.",,State Board Approved,,"Clarification 1: Key features are limited to domain; range; intercepts; intervals where the function is increasing, decreasing, positive or negative; end behavior and asymptotes. | Clarification 2: Within the Algebra 1 course, functions other than linear, quadratic or exponential must be represented graphically. | Clarification 3: Within the Algebra 1 course, instruction includes verifying that a quantity increasing exponentially eventually exceeds a quantity increasing linearly or quadratically.",,,"When describing domain or range, students may assign their constraints to the incorrect variable. | Students may miss the need for compound inequalities when describing domain or range. When describing intervals wherefunctions are increasing, decreasing, positive or negative, students may represent their interval using the incorrect variable.",,,,,,,,,,,
15886,MA.912.F.1.4,912,Mathematics (B.E.S.T.),Functions,"Understand, compare and analyze properties of functions.",Write an algebraic expression that represents the difference quotient of a function. Calculate the numerical value of the difference quotient at a given pair of points.,,State Board Approved,,Clarification 1: Instruction focuses on making connections between difference quotients and slopes of lines.,,,,,,,,,,,,,,
15887,MA.912.T.2.1,912,Mathematics (B.E.S.T.),Trigonometry,Extend trigonometric functions to the unit circle.,"Given any positive or negative angle measure in degrees or radians, identify its corresponding angle measure between 0&deg; and 360&deg; or between 0 and 2&pi;. Convert between degrees and radians.",,State Board Approved,,,,,,,,,,,,,,,,
15888,MA.912.T.2.2,912,Mathematics (B.E.S.T.),Trigonometry,Extend trigonometric functions to the unit circle.,Define the six basic trigonometric functions for all real numbers by identifying corresponding angle measures and using right triangles drawn in the unit circle.,,State Board Approved,,,,,,,,,,,,,,,,
15889,MA.912.T.2.3,912,Mathematics (B.E.S.T.),Trigonometry,Extend trigonometric functions to the unit circle.,"Determine the values of the six basic trigonometric functions for 0,, and and their multiples using special triangles.",,State Board Approved,,,,,,,,,,,,,,,,
15890,MA.912.T.2.4,912,Mathematics (B.E.S.T.),Trigonometry,Extend trigonometric functions to the unit circle.,"Use the unit circle to express the values of sine, cosine and tangent for &pi;-x,&pi;+x, and 2&pi;-x in terms of their values for x, where x is any real number.",,State Board Approved,,,,,,,,,,,,,,,,
15891,MA.912.DP.4.9,912,Mathematics (B.E.S.T.),Data Analysis and Probability,Use and interpret independence and probability.,"Apply the addition and multiplication rules for counting to solve mathematical and real-world problems, including problems involving probability.",,State Board Approved,,,,,"When using a tree diagram to count, students may create a separate tree for each possibility, rather than one tree branching out to each choice. | Students may miss or double count choices if trying to use a list versus the rule. | Students may confuse when addition versus multiplication is appropriate. | Students may incorrectly believe the addition and multiplication rules for counting only apply to two events.",,,,,,,,,,,
15892,MA.912.NSO.1.7,912,Mathematics (B.E.S.T.),Number Sense and Operations,"Generate equivalent expressions and perform operations with expressions involving exponents, radicals or logarithms.","Given an algebraic logarithmic expression, generate an equivalent algebraic expression using the properties of logarithms or exponents.",,State Board Approved,,"Clarification 1: Within the Mathematics for Data and Financial Literacy Honors course, problem types focus on money and business.",,,"Students tend to treat “log” as a variable rather than as an operation: For example, they may see “log” as a common factor in the expression log x + log y and mistakenly write log(x + y). For example, they may distribute the “log” in the expression log(a · b) and rewrite it as log a · log b instead of loga m + loga n. Similarly, they may incorrectly rewrite log (ab) as log alog bFor example, they may divide both sides of the equation log(7x − 12) = 2log x by “log” to mistakenly obtain 7x − 12 = 2x. | For example, they may see “log” as a common factor in the expression log x + log y and mistakenly write log(x + y). | For example, they may distribute the “log” in the expression log(a · b) and rewrite it as log a · log b instead of loga m + loga n. Similarly, they may incorrectly rewrite log (ab) as log alog b | For example, they may divide both sides of the equation log(7x − 12) = 2log x by “log” to mistakenly obtain 7x − 12 = 2x. | Students may cancel the “log” from the numerator and the denominator in an expression. Remind students that just like with roots we can simplify or expand logarithms if the argument is fully factored. | Students may cancel the “log” from the numerator and the denominator in an expression. Remind students that just like with roots we can simplify or expand logarithms if the argument is fully factored.",,,,,,,,,,,
15893,MA.912.AR.6.6,912,Mathematics (B.E.S.T.),Algebraic Reasoning,Solve and graph polynomial equations and functions in one and two variables.,Solve and graph mathematical and real-world problems that are modeled with polynomial functions of degree 3 or higher. Interpret key features and determine constraints in terms of the context.,,State Board Approved,,"Clarification 1: Key features are limited to domain; range; intercepts; intervals where the function is increasing, decreasing, positive or negative; relative maximums and minimums; symmetry; and end behavior. | Clarification 2: Instruction includes representing the domain, range and constraints with inequality notation, interval notation or set-builder notation.",,,,,,,,,,,,,,
15894,MA.912.FL.2.1,912,Mathematics (B.E.S.T.),Financial Literacy,Develop an understanding of basic accounting and economic principles.,"Given assets and liabilities, calculate net worth using spreadsheets and other technology.",,State Board Approved,,Clarification 1: Instruction includes net worth for a business and for an individual. | Clarification 2: Instruction includes understanding the difference between a capital asset and a liquid asset. | Clarification 3: Instruction includes displaying net worth over time in a table or graph.,,,"Students may have misconceptions of what can be considered an asset beyond money or bank accounts, such as a valued collection or money in retirement accounts. | The term liability should be discussed as it may be a new concept for students. Discuss items that can be a liability including debt that comes from other items beyond just living expenses.",,,,,,,,,,,
15895,MA.912.FL.2.2,912,Mathematics (B.E.S.T.),Financial Literacy,Develop an understanding of basic accounting and economic principles.,"Solve real-world problems involving profits, costs and revenues using spreadsheets and other technology.",,State Board Approved,,"Clarification 1: Instruction includes the connection to data. | Clarification 2: Instruction includes displaying profits and costs over time in a table or graph and using the graph to predict profits. | Clarification 3: Problems include maximizing profits, maximizing revenues and minimizing costs.",,,Students may need support in working with formulas or solving for a specific variable in a formula. | Students may need review on graphing and relating the vertical and horizontal axes to real life problem solving.,,,,,,,,,,,
15896,MA.912.FL.2.3,912,Mathematics (B.E.S.T.),Financial Literacy,Develop an understanding of basic accounting and economic principles.,"Explain how consumer price index (CPI), gross domestic product (GDP), stock indices, unemployment rate and trade deficit are calculated. Interpret their value in terms of the context.",,State Board Approved,,Clarification 1: Instruction includes the understanding that quantities are based on data and may include measurement error.,,,"Students may need support in calculations with percentages and changing large values from decimals to percentages. | Students may need instruction on understanding the meaning of the values once calculated, and what the margin of error is as a factor in the impact on the solution. | The vocabulary may be new to students and understanding of calculations and understanding the reliability of the results. | Students may need support in following the CPI steps to solve related to the base year for calculation.",,,,,,,,,,,
15897,MA.912.FL.2.4,912,Mathematics (B.E.S.T.),Financial Literacy,Develop an understanding of basic accounting and economic principles.,"Given current exchange rates, convert between currencies. Solve real-world problems involving exchange rates.",,State Board Approved,,"Clarification 1: Instruction includes taking into account various fees, such as conversion fee, foreign transaction fee and dynamic concurrency conversion fee.",,,Students may use multiplication or division inappropriately in calculation when working with the exchange rates. | Students may need help with the currency codes on the exchange rate charts to assist in calculations. | Students may not include the fees in the final solution for conversions.,,,,,,,,,,,
15898,MA.912.FL.2.5,912,Mathematics (B.E.S.T.),Financial Literacy,Develop an understanding of basic accounting and economic principles.,Develop budgets that fit within various incomes using spreadsheets and other technology.,,State Board Approved,,"Clarification 1: Instruction includes budgets for a business and for an individual. | Clarification 2: Instruction includes taking into account various cash management strategies, such as checking and savings accounts, and how inflation may affect these strategies.",,,"Students may need more information of what is included in a budget such as utility bills, cell phone and internet use, consumable items such as groceries, and larger items such as rent and car payments. | Students can display budgets in multiple ways by using graphs such as a line graph or circle graph and may need instruction on what the graphs represent. | Students may need instruction on understanding terms of bills within the budget, for example, monthly, quarterly, semi-annual or bimonthly payments.",,,,,,,,,,,
15899,MA.912.FL.2.6,912,Mathematics (B.E.S.T.),Financial Literacy,Develop an understanding of basic accounting and economic principles.,"Given a real-world scenario, complete and calculate federal income tax using spreadsheets and other technology.",,State Board Approved,,Clarification 1: Instruction includes understanding the difference between standardized deductions and itemized deductions. | Clarification 2: Instruction includes the connection to piecewise linear functions with slopes relating to the marginal tax rates.,,,"Students may not have experience with income tax forms thus instruction should include the format understanding. | Students may have misconceptions on how to calculate income and where to determine the income for tax purposes. | Students may make errors in calculations when working with tax spreadsheets and forms. | Students may make errors when working with the piecewise functions and the notation for writing them. This may include the correct decimal from the percentage being used. Additionally, students may need instruction related to determining the slope between two points and finding the value of b in y = mx + b when working with piecewise functions.",,,,,,,,,,,
15900,MA.912.GR.2.9,912,Mathematics (B.E.S.T.),Geometric Reasoning,Apply properties of transformations to describe congruence or similarity.,Justify the criteria for triangle similarity using the definition of similarity in terms of non-rigid transformations.,,State Board Approved,,,,,"When determining the scale factor of a dilation, students may misidentify the preimage and image, leading to an incorrect scale factor.",,,,,,,,,,,
15901,MA.912.DP.2.9,912,Mathematics (B.E.S.T.),Data Analysis and Probability,Solve problems involving univariate and bivariate numerical data.,Fit an exponential function to bivariate numerical data that suggests an exponential association. Use the model to solve real-world problems in terms of the context of the data.,,State Board Approved,,"Clarification 1: Instruction focuses on determining whether an exponential model is appropriate by taking the logarithm of the dependent variable using spreadsheets and other technology. | Clarification 2: Instruction includes determining whether the transformed scatterplot has an appropriate line of best fit, and interpreting the y-intercept and slope of the line of best fit. | Clarification 3: Problems include making a prediction or extrapolation, inside and outside the range of the data, based on the equation of the line of fit.",,,"Students may confuse when an exponential function is needed, rather than a linear or quadratic function, given a table or written description. | Students may not know the difference between interpolation (predictions within a data set) and extrapolation (predictions beyond a data set).",,,,,,,,,,,
15902,MA.912.DP.6.7,912,Mathematics (B.E.S.T.),Data Analysis and Probability,Use probability distributions to solve problems.,Weigh the possible outcomes of a decision by assigning probabilities to payoff values and finding expected values and standard deviations. Evaluate and compare strategies on the basis of the calculated expected values and standard deviations.,,State Board Approved,,Clarification 1: Instruction includes the relationship between expected values and standard deviations on one hand and the rewards and risks on the other hand. | Clarification 2: Instruction includes reducing risk through diversification.,,,,,,,,,,,,,,
15903,MA.912.DP.6.8,912,Mathematics (B.E.S.T.),Data Analysis and Probability,Use probability distributions to solve problems.,"Apply probabilities to make fair decisions, such as drawing from lots or using a random number generator.",,State Board Approved,,,,,,,,,,,,,,,,
15904,MA.912.LT.2.6,912,Mathematics (B.E.S.T.),Logic and Discrete Theory,Apply optimization and techniques from Graph Theory to solve problems.,Solve problems concerning optimizing resource usage using bin-packing techniques.,,State Board Approved,,,,,,,,,,,,,,,,
15905,MA.912.LT.2.7,912,Mathematics (B.E.S.T.),Logic and Discrete Theory,Apply optimization and techniques from Graph Theory to solve problems.,Solve problems involving optimal strategies in Game Theory.,,State Board Approved,,"Clarification 1: Problems include zero-sum games, such as Paper-Scissors-Rock, and nonzero-sum games, such as Prisoner’s Dilemma. | Clarification 2: Instruction includes pure and mixed strategies and game equilibria.",,,,,,,,,,,,,,
